[20Sep2025 22:14:57.779] [main/INFO] [cpw.mods.modlauncher.Launcher/MODLAUNCHER]: ModLauncher running: args [--launchTarget, forgeserver, --fml.forgeVersion, 47.3.7, --fml.mcVersion, 1.20.1, --fml.forgeGroup, net.minecraftforge, --fml.mcpVersion, 20230612.114412, nogui]
[20Sep2025 22:14:57.783] [main/INFO] [cpw.mods.modlauncher.Launcher/MODLAUNCHER]: ModLauncher 10.0.9+10.0.9+main.dcd20f30 starting: java version 17.0.16 by Ubuntu; OS Linux arch amd64 version 6.8.0-1030-azure
[20Sep2025 22:14:57.822] [main/DEBUG] [cpw.mods.modlauncher.LaunchServiceHandler/MODLAUNCHER]: Found launch services [fmlclientdev,forgeclient,minecraft,forgegametestserverdev,fmlserveruserdev,fmlclient,fmldatauserdev,forgeserverdev,forgeserveruserdev,forgeclientdev,forgeclientuserdev,forgeserver,forgedatadev,fmlserver,fmlclientuserdev,fmlserverdev,forgedatauserdev,testharness,forgegametestserveruserdev]
[20Sep2025 22:14:57.837] [main/DEBUG] [cpw.mods.modlauncher.NameMappingServiceHandler/MODLAUNCHER]: Found naming services : [srgtomcp]
[20Sep2025 22:14:57.854] [main/DEBUG] [cpw.mods.modlauncher.LaunchPluginHandler/MODLAUNCHER]: Found launch plugins: [mixin,eventbus,slf4jfixer,object_holder_definalize,runtime_enum_extender,capability_token_subclass,accesstransformer,runtimedistcleaner]
[20Sep2025 22:14:57.868] [main/DEBUG] [cpw.mods.modlauncher.TransformationServicesHandler/MODLAUNCHER]: Discovering transformation services
[20Sep2025 22:14:57.877] [main/DEBUG] [net.minecraftforge.fml.loading.FMLPaths/CORE]: Path GAMEDIR is /workspaces/mundoH-qzt/servidor_minecraft
[20Sep2025 22:14:57.877] [main/DEBUG] [net.minecraftforge.fml.loading.FMLPaths/CORE]: Path MODSDIR is /workspaces/mundoH-qzt/servidor_minecraft/mods
[20Sep2025 22:14:57.877] [main/DEBUG] [net.minecraftforge.fml.loading.FMLPaths/CORE]: Path CONFIGDIR is /workspaces/mundoH-qzt/servidor_minecraft/config
[20Sep2025 22:14:57.877] [main/DEBUG] [net.minecraftforge.fml.loading.FMLPaths/CORE]: Path FMLCONFIG is /workspaces/mundoH-qzt/servidor_minecraft/config/fml.toml
[20Sep2025 22:14:58.225] [main/DEBUG] [cpw.mods.modlauncher.TransformationServicesHandler/MODLAUNCHER]: Found additional transformation services from discovery services: 
[20Sep2025 22:14:58.231] [main/INFO] [net.minecraftforge.fml.loading.ImmediateWindowHandler/]: ImmediateWindowProvider not loading because launch target is forgeserver
[20Sep2025 22:14:58.240] [main/DEBUG] [cpw.mods.modlauncher.TransformationServicesHandler/MODLAUNCHER]: Found transformer services : [mixin,fml]
[20Sep2025 22:14:58.240] [main/DEBUG] [cpw.mods.modlauncher.TransformationServicesHandler/MODLAUNCHER]: Transformation services loading
[20Sep2025 22:14:58.240] [main/DEBUG] [cpw.mods.modlauncher.TransformationServiceDecorator/MODLAUNCHER]: Loading service mixin
[20Sep2025 22:14:58.241] [main/DEBUG] [cpw.mods.modlauncher.TransformationServiceDecorator/MODLAUNCHER]: Loaded service mixin
[20Sep2025 22:14:58.241] [main/DEBUG] [cpw.mods.modlauncher.TransformationServiceDecorator/MODLAUNCHER]: Loading service fml
[20Sep2025 22:14:58.242] [main/DEBUG] [net.minecraftforge.fml.loading.LauncherVersion/CORE]: Found FMLLauncher version 1.0
[20Sep2025 22:14:58.242] [main/DEBUG] [net.minecraftforge.fml.loading.FMLLoader/CORE]: FML 1.0 loading
[20Sep2025 22:14:58.242] [main/DEBUG] [net.minecraftforge.fml.loading.FMLLoader/CORE]: FML found ModLauncher version : 10.0.9+10.0.9+main.dcd20f30
[20Sep2025 22:14:58.242] [main/DEBUG] [net.minecraftforge.fml.loading.FMLLoader/CORE]: FML found AccessTransformer version : 8.0.4+66+master.c09db6d7
[20Sep2025 22:14:58.243] [main/DEBUG] [net.minecraftforge.fml.loading.FMLLoader/CORE]: FML found EventBus version : 6.0.5+6.0.5+master.eb8e549b
[20Sep2025 22:14:58.243] [main/DEBUG] [net.minecraftforge.fml.loading.FMLLoader/CORE]: Found Runtime Dist Cleaner
[20Sep2025 22:14:58.245] [main/DEBUG] [net.minecraftforge.fml.loading.FMLLoader/CORE]: FML found CoreMod version : 5.1.6
[20Sep2025 22:14:58.245] [main/DEBUG] [net.minecraftforge.fml.loading.FMLLoader/CORE]: Found ForgeSPI package implementation version 7.0.1+7.0.1+master.d2b38bf6
[20Sep2025 22:14:58.245] [main/DEBUG] [net.minecraftforge.fml.loading.FMLLoader/CORE]: Found ForgeSPI package specification 5
[20Sep2025 22:14:58.245] [main/DEBUG] [cpw.mods.modlauncher.TransformationServiceDecorator/MODLAUNCHER]: Loaded service fml
[20Sep2025 22:14:58.246] [main/DEBUG] [cpw.mods.modlauncher.TransformationServicesHandler/MODLAUNCHER]: Configuring option handling for services
[20Sep2025 22:14:58.252] [main/DEBUG] [cpw.mods.modlauncher.TransformationServicesHandler/MODLAUNCHER]: Transformation services initializing
[20Sep2025 22:14:58.253] [main/DEBUG] [cpw.mods.modlauncher.TransformationServiceDecorator/MODLAUNCHER]: Initializing transformation service mixin
[20Sep2025 22:14:58.268] [main/DEBUG] [mixin/]: MixinService [ModLauncher] was successfully booted in cpw.mods.cl.ModuleClassLoader@7a3d45bd
[20Sep2025 22:14:58.291] [main/INFO] [mixin/]: SpongePowered MIXIN Subsystem Version=0.8.5 Source=union:/workspaces/mundoH-qzt/servidor_minecraft/libraries/org/spongepowered/mixin/0.8.5/mixin-0.8.5.jar%2365!/ Service=ModLauncher Env=SERVER
[20Sep2025 22:14:58.295] [main/DEBUG] [mixin/]: Initialising Mixin Platform Manager
[20Sep2025 22:14:58.296] [main/DEBUG] [mixin/]: Adding mixin platform agents for container ModLauncher Root Container(ModLauncher:4f56a0a2)
[20Sep2025 22:14:58.297] [main/DEBUG] [mixin/]: Instancing new MixinPlatformAgentMinecraftForge for ModLauncher Root Container(ModLauncher:4f56a0a2)
[20Sep2025 22:14:58.297] [main/DEBUG] [mixin/]: MixinPlatformAgentMinecraftForge rejected container ModLauncher Root Container(ModLauncher:4f56a0a2)
[20Sep2025 22:14:58.298] [main/DEBUG] [mixin/]: Instancing new MixinPlatformAgentDefault for ModLauncher Root Container(ModLauncher:4f56a0a2)
[20Sep2025 22:14:58.298] [main/DEBUG] [mixin/]: MixinPlatformAgentDefault accepted container ModLauncher Root Container(ModLauncher:4f56a0a2)
[20Sep2025 22:14:58.302] [main/DEBUG] [cpw.mods.modlauncher.TransformationServiceDecorator/MODLAUNCHER]: Initialized transformation service mixin
[20Sep2025 22:14:58.303] [main/DEBUG] [cpw.mods.modlauncher.TransformationServiceDecorator/MODLAUNCHER]: Initializing transformation service fml
[20Sep2025 22:14:58.303] [main/DEBUG] [net.minecraftforge.fml.loading.FMLServiceProvider/CORE]: Setting up basic FML game directories
[20Sep2025 22:14:58.304] [main/DEBUG] [net.minecraftforge.fml.loading.FMLPaths/CORE]: Path GAMEDIR is /workspaces/mundoH-qzt/servidor_minecraft
[20Sep2025 22:14:58.304] [main/DEBUG] [net.minecraftforge.fml.loading.FMLPaths/CORE]: Path MODSDIR is /workspaces/mundoH-qzt/servidor_minecraft/mods
[20Sep2025 22:14:58.304] [main/DEBUG] [net.minecraftforge.fml.loading.FMLPaths/CORE]: Path CONFIGDIR is /workspaces/mundoH-qzt/servidor_minecraft/config
[20Sep2025 22:14:58.304] [main/DEBUG] [net.minecraftforge.fml.loading.FMLPaths/CORE]: Path FMLCONFIG is /workspaces/mundoH-qzt/servidor_minecraft/config/fml.toml
[20Sep2025 22:14:58.304] [main/DEBUG] [net.minecraftforge.fml.loading.FMLServiceProvider/CORE]: Loading configuration
[20Sep2025 22:14:58.307] [main/DEBUG] [net.minecraftforge.fml.loading.FMLServiceProvider/CORE]: Preparing ModFile
[20Sep2025 22:14:58.310] [main/DEBUG] [net.minecraftforge.fml.loading.FMLServiceProvider/CORE]: Preparing launch handler
[20Sep2025 22:14:58.311] [main/DEBUG] [net.minecraftforge.fml.loading.FMLLoader/CORE]: Using forgeserver as launch service
[20Sep2025 22:14:58.325] [main/DEBUG] [net.minecraftforge.fml.loading.FMLLoader/CORE]: Received command line version data  : VersionInfo[forgeVersion=47.3.7, mcVersion=1.20.1, mcpVersion=20230612.114412, forgeGroup=net.minecraftforge]
[20Sep2025 22:14:58.327] [main/DEBUG] [cpw.mods.modlauncher.TransformationServiceDecorator/MODLAUNCHER]: Initialized transformation service fml
[20Sep2025 22:14:58.327] [main/DEBUG] [cpw.mods.modlauncher.NameMappingServiceHandler/MODLAUNCHER]: Current naming domain is 'srg'
[20Sep2025 22:14:58.328] [main/DEBUG] [cpw.mods.modlauncher.NameMappingServiceHandler/MODLAUNCHER]: Identified name mapping providers {}
[20Sep2025 22:14:58.328] [main/DEBUG] [cpw.mods.modlauncher.TransformationServicesHandler/MODLAUNCHER]: Transformation services begin scanning
[20Sep2025 22:14:58.329] [main/DEBUG] [cpw.mods.modlauncher.TransformationServiceDecorator/MODLAUNCHER]: Beginning scan trigger - transformation service mixin
[20Sep2025 22:14:58.329] [main/DEBUG] [cpw.mods.modlauncher.TransformationServiceDecorator/MODLAUNCHER]: End scan trigger - transformation service mixin
[20Sep2025 22:14:58.329] [main/DEBUG] [cpw.mods.modlauncher.TransformationServiceDecorator/MODLAUNCHER]: Beginning scan trigger - transformation service fml
[20Sep2025 22:14:58.329] [main/DEBUG] [net.minecraftforge.fml.loading.FMLServiceProvider/CORE]: Initiating mod scan
[20Sep2025 22:14:58.341] [main/DEBUG] [net.minecraftforge.fml.loading.moddiscovery.ModListHandler/CORE]: Found mod coordinates from lists: []
[20Sep2025 22:14:58.345] [main/DEBUG] [net.minecraftforge.fml.loading.moddiscovery.ModDiscoverer/CORE]: Found Mod Locators : (mods folder:null),(maven libs:null),(exploded directory:null),(minecraft:null),(userdev classpath:null)
[20Sep2025 22:14:58.345] [main/DEBUG] [net.minecraftforge.fml.loading.moddiscovery.ModDiscoverer/CORE]: Found Dependency Locators : (JarInJar:null)
[20Sep2025 22:14:58.361] [main/DEBUG] [net.minecraftforge.fml.loading.moddiscovery.ModFileParser/LOADING]: Considering mod file candidate /workspaces/mundoH-qzt/servidor_minecraft/mods/CustomSkinLoader_ForgeActive-14.17.jar
[20Sep2025 22:14:58.405] [main/DEBUG] [net.minecraftforge.fml.loading.moddiscovery.ModFileInfo/LOADING]: Found valid mod file CustomSkinLoader_ForgeActive-14.17.jar with {customskinloader} mods - versions {14.17}
[20Sep2025 22:14:58.406] [main/DEBUG] [net.minecraftforge.fml.loading.moddiscovery.ModFileParser/LOADING]: Considering mod file candidate /workspaces/mundoH-qzt/servidor_minecraft/mods/easy_npc-forge-1.20.1-5.9.2.jar
[20Sep2025 22:14:58.410] [main/DEBUG] [net.minecraftforge.fml.loading.moddiscovery.ModFileInfo/LOADING]: Found valid mod file easy_npc-forge-1.20.1-5.9.2.jar with {easy_npc} mods - versions {5.9.2}
[20Sep2025 22:14:58.413] [main/DEBUG] [net.minecraftforge.fml.loading.moddiscovery.ModFileParser/LOADING]: Considering mod file candidate /workspaces/mundoH-qzt/servidor_minecraft/mods/framework-forge-1.20.1-0.7.15.jar
[20Sep2025 22:14:58.414] [main/DEBUG] [net.minecraftforge.fml.loading.moddiscovery.ModFileInfo/LOADING]: Found valid mod file framework-forge-1.20.1-0.7.15.jar with {framework} mods - versions {0.7.15}
[20Sep2025 22:14:58.415] [main/DEBUG] [net.minecraftforge.fml.loading.moddiscovery.ModFileParser/LOADING]: Considering mod file candidate /workspaces/mundoH-qzt/servidor_minecraft/mods/MorePlayerModels-1.20.1.20240409.jar
[20Sep2025 22:14:58.416] [main/DEBUG] [net.minecraftforge.fml.loading.moddiscovery.ModFileInfo/LOADING]: Found valid mod file MorePlayerModels-1.20.1.20240409.jar with {moreplayermodels} mods - versions {1.20.1.20240409}
[20Sep2025 22:14:58.452] [main/DEBUG] [net.minecraftforge.fml.loading.moddiscovery.ModFileParser/LOADING]: Considering mod file candidate /workspaces/mundoH-qzt/servidor_minecraft/mods/refurbished_furniture-forge-1.20.1-1.0.14.jar
[20Sep2025 22:14:58.454] [main/DEBUG] [net.minecraftforge.fml.loading.moddiscovery.ModFileInfo/LOADING]: Found valid mod file refurbished_furniture-forge-1.20.1-1.0.14.jar with {refurbished_furniture} mods - versions {1.0.14}
[20Sep2025 22:14:58.456] [main/DEBUG] [net.minecraftforge.fml.loading.moddiscovery.ModFileParser/LOADING]: Considering mod file candidate /workspaces/mundoH-qzt/servidor_minecraft/mods/worldedit-mod-7.2.15.jar
[20Sep2025 22:14:58.458] [main/DEBUG] [net.minecraftforge.fml.loading.moddiscovery.ModFileInfo/LOADING]: Found valid mod file worldedit-mod-7.2.15.jar with {worldedit} mods - versions {7.2.15+6463-5ca4dff}
[20Sep2025 22:14:58.572] [main/DEBUG] [net.minecraftforge.fml.loading.moddiscovery.ModFileInfo/LOADING]: Found valid mod file server-1.20.1-20230612.114412-srg.jar with {minecraft} mods - versions {1.20.1}
[20Sep2025 22:14:58.577] [main/DEBUG] [net.minecraftforge.fml.loading.moddiscovery.ModFileParser/LOADING]: Considering mod file candidate /workspaces/mundoH-qzt/servidor_minecraft/libraries/net/minecraftforge/fmlcore/1.20.1-47.3.7/fmlcore-1.20.1-47.3.7.jar
[20Sep2025 22:14:58.577] [main/WARN] [net.minecraftforge.fml.loading.moddiscovery.ModFileParser/LOADING]: Mod file /workspaces/mundoH-qzt/servidor_minecraft/libraries/net/minecraftforge/fmlcore/1.20.1-47.3.7/fmlcore-1.20.1-47.3.7.jar is missing mods.toml file
[20Sep2025 22:14:58.579] [main/DEBUG] [net.minecraftforge.fml.loading.moddiscovery.ModFileParser/LOADING]: Considering mod file candidate /workspaces/mundoH-qzt/servidor_minecraft/libraries/net/minecraftforge/javafmllanguage/1.20.1-47.3.7/javafmllanguage-1.20.1-47.3.7.jar
[20Sep2025 22:14:58.579] [main/WARN] [net.minecraftforge.fml.loading.moddiscovery.ModFileParser/LOADING]: Mod file /workspaces/mundoH-qzt/servidor_minecraft/libraries/net/minecraftforge/javafmllanguage/1.20.1-47.3.7/javafmllanguage-1.20.1-47.3.7.jar is missing mods.toml file
[20Sep2025 22:14:58.581] [main/DEBUG] [net.minecraftforge.fml.loading.moddiscovery.ModFileParser/LOADING]: Considering mod file candidate /workspaces/mundoH-qzt/servidor_minecraft/libraries/net/minecraftforge/lowcodelanguage/1.20.1-47.3.7/lowcodelanguage-1.20.1-47.3.7.jar
[20Sep2025 22:14:58.581] [main/WARN] [net.minecraftforge.fml.loading.moddiscovery.ModFileParser/LOADING]: Mod file /workspaces/mundoH-qzt/servidor_minecraft/libraries/net/minecraftforge/lowcodelanguage/1.20.1-47.3.7/lowcodelanguage-1.20.1-47.3.7.jar is missing mods.toml file
[20Sep2025 22:14:58.582] [main/DEBUG] [net.minecraftforge.fml.loading.moddiscovery.ModFileParser/LOADING]: Considering mod file candidate /workspaces/mundoH-qzt/servidor_minecraft/libraries/net/minecraftforge/mclanguage/1.20.1-47.3.7/mclanguage-1.20.1-47.3.7.jar
[20Sep2025 22:14:58.583] [main/WARN] [net.minecraftforge.fml.loading.moddiscovery.ModFileParser/LOADING]: Mod file /workspaces/mundoH-qzt/servidor_minecraft/libraries/net/minecraftforge/mclanguage/1.20.1-47.3.7/mclanguage-1.20.1-47.3.7.jar is missing mods.toml file
[20Sep2025 22:14:58.636] [main/DEBUG] [net.minecraftforge.fml.loading.moddiscovery.ModFileParser/LOADING]: Considering mod file candidate /workspaces/mundoH-qzt/servidor_minecraft/libraries/net/minecraftforge/forge/1.20.1-47.3.7/forge-1.20.1-47.3.7-universal.jar
[20Sep2025 22:14:58.637] [main/DEBUG] [net.minecraftforge.fml.loading.moddiscovery.ModFileInfo/LOADING]: Found valid mod file forge-1.20.1-47.3.7-universal.jar with {forge} mods - versions {47.3.7}
[20Sep2025 22:14:58.649] [main/DEBUG] [net.minecraftforge.fml.loading.moddiscovery.AbstractJarFileDependencyLocator/]: Failed to load resource META-INF/jarjar/metadata.json from server-1.20.1-20230612.114412-srg.jar, it does not contain dependency information.
[20Sep2025 22:14:58.650] [main/DEBUG] [net.minecraftforge.fml.loading.moddiscovery.AbstractJarFileDependencyLocator/]: Failed to load resource META-INF/jarjar/metadata.json from easy_npc-forge-1.20.1-5.9.2.jar, it does not contain dependency information.
[20Sep2025 22:14:58.650] [main/DEBUG] [net.minecraftforge.fml.loading.moddiscovery.AbstractJarFileDependencyLocator/]: Failed to load resource META-INF/jarjar/metadata.json from framework-forge-1.20.1-0.7.15.jar, it does not contain dependency information.
[20Sep2025 22:14:58.650] [main/DEBUG] [net.minecraftforge.fml.loading.moddiscovery.AbstractJarFileDependencyLocator/]: Failed to load resource META-INF/jarjar/metadata.json from forge-1.20.1-47.3.7-universal.jar, it does not contain dependency information.
[20Sep2025 22:14:58.651] [main/DEBUG] [net.minecraftforge.fml.loading.moddiscovery.AbstractJarFileDependencyLocator/]: Failed to load resource META-INF/jarjar/metadata.json from worldedit-mod-7.2.15.jar, it does not contain dependency information.
[20Sep2025 22:14:58.651] [main/DEBUG] [net.minecraftforge.fml.loading.moddiscovery.AbstractJarFileDependencyLocator/]: Failed to load resource META-INF/jarjar/metadata.json from MorePlayerModels-1.20.1.20240409.jar, it does not contain dependency information.
[20Sep2025 22:14:58.651] [main/DEBUG] [net.minecraftforge.fml.loading.moddiscovery.AbstractJarFileDependencyLocator/]: Failed to load resource META-INF/jarjar/metadata.json from CustomSkinLoader_ForgeActive-14.17.jar, it does not contain dependency information.
[20Sep2025 22:14:58.651] [main/DEBUG] [net.minecraftforge.fml.loading.moddiscovery.AbstractJarFileDependencyLocator/]: Failed to load resource META-INF/jarjar/metadata.json from refurbished_furniture-forge-1.20.1-1.0.14.jar, it does not contain dependency information.
[20Sep2025 22:14:58.652] [main/DEBUG] [net.minecraftforge.fml.loading.moddiscovery.AbstractJarFileDependencyLocator/]: Failed to load resource META-INF/jarjar/metadata.json from mclanguage-1.20.1-47.3.7.jar, it does not contain dependency information.
[20Sep2025 22:14:58.652] [main/DEBUG] [net.minecraftforge.fml.loading.moddiscovery.AbstractJarFileDependencyLocator/]: Failed to load resource META-INF/jarjar/metadata.json from javafmllanguage-1.20.1-47.3.7.jar, it does not contain dependency information.
[20Sep2025 22:14:58.652] [main/DEBUG] [net.minecraftforge.fml.loading.moddiscovery.AbstractJarFileDependencyLocator/]: Failed to load resource META-INF/jarjar/metadata.json from fmlcore-1.20.1-47.3.7.jar, it does not contain dependency information.
[20Sep2025 22:14:58.652] [main/DEBUG] [net.minecraftforge.fml.loading.moddiscovery.AbstractJarFileDependencyLocator/]: Failed to load resource META-INF/jarjar/metadata.json from lowcodelanguage-1.20.1-47.3.7.jar, it does not contain dependency information.
[20Sep2025 22:14:58.681] [main/INFO] [net.minecraftforge.fml.loading.moddiscovery.JarInJarDependencyLocator/]: No dependencies to load found. Skipping!
[20Sep2025 22:14:58.684] [main/DEBUG] [net.minecraftforge.fml.loading.moddiscovery.ModFileInfo/LOADING]: Found valid mod file server-1.20.1-20230612.114412-srg.jar with {minecraft} mods - versions {1.20.1}
[20Sep2025 22:14:58.686] [main/DEBUG] [net.minecraftforge.fml.loading.moddiscovery.ModFile/LOADING]: Loading mod file /workspaces/mundoH-qzt/servidor_minecraft/libraries/net/minecraft/server/1.20.1-20230612.114412/server-1.20.1-20230612.114412-srg.jar with languages [LanguageSpec[languageName=minecraft, acceptedVersions=1]]
[20Sep2025 22:14:58.687] [main/DEBUG] [net.minecraftforge.fml.loading.moddiscovery.ModFileParser/LOADING]: Considering mod file candidate /workspaces/mundoH-qzt/servidor_minecraft/mods/easy_npc-forge-1.20.1-5.9.2.jar
[20Sep2025 22:14:58.688] [main/DEBUG] [net.minecraftforge.fml.loading.moddiscovery.ModFileInfo/LOADING]: Found valid mod file easy_npc-forge-1.20.1-5.9.2.jar with {easy_npc} mods - versions {5.9.2}
[20Sep2025 22:14:58.688] [main/DEBUG] [net.minecraftforge.fml.loading.moddiscovery.ModFile/LOADING]: Loading mod file /workspaces/mundoH-qzt/servidor_minecraft/mods/easy_npc-forge-1.20.1-5.9.2.jar with languages [LanguageSpec[languageName=javafml, acceptedVersions=[47,)]]
[20Sep2025 22:14:58.688] [main/DEBUG] [net.minecraftforge.fml.loading.moddiscovery.ModFileParser/LOADING]: Considering mod file candidate /workspaces/mundoH-qzt/servidor_minecraft/mods/framework-forge-1.20.1-0.7.15.jar
[20Sep2025 22:14:58.689] [main/DEBUG] [net.minecraftforge.fml.loading.moddiscovery.ModFileInfo/LOADING]: Found valid mod file framework-forge-1.20.1-0.7.15.jar with {framework} mods - versions {0.7.15}
[20Sep2025 22:14:58.689] [main/DEBUG] [net.minecraftforge.fml.loading.moddiscovery.ModFile/LOADING]: Loading mod file /workspaces/mundoH-qzt/servidor_minecraft/mods/framework-forge-1.20.1-0.7.15.jar with languages [LanguageSpec[languageName=javafml, acceptedVersions=[39,)]]
[20Sep2025 22:14:58.690] [main/DEBUG] [net.minecraftforge.fml.loading.moddiscovery.ModFileParser/LOADING]: Considering mod file candidate /workspaces/mundoH-qzt/servidor_minecraft/libraries/net/minecraftforge/forge/1.20.1-47.3.7/forge-1.20.1-47.3.7-universal.jar
[20Sep2025 22:14:58.690] [main/DEBUG] [net.minecraftforge.fml.loading.moddiscovery.ModFileInfo/LOADING]: Found valid mod file forge-1.20.1-47.3.7-universal.jar with {forge} mods - versions {47.3.7}
[20Sep2025 22:14:58.690] [main/DEBUG] [net.minecraftforge.fml.loading.moddiscovery.ModFile/LOADING]: Loading mod file /workspaces/mundoH-qzt/servidor_minecraft/libraries/net/minecraftforge/forge/1.20.1-47.3.7/forge-1.20.1-47.3.7-universal.jar with languages [LanguageSpec[languageName=javafml, acceptedVersions=[24,]]]
[20Sep2025 22:14:58.731] [main/DEBUG] [net.minecraftforge.fml.loading.moddiscovery.ModFileParser/LOADING]: Found coremod field_to_method with Javascript path coremods/field_to_method.js
[20Sep2025 22:14:58.731] [main/DEBUG] [net.minecraftforge.fml.loading.moddiscovery.ModFileParser/LOADING]: Found coremod field_to_instanceof with Javascript path coremods/field_to_instanceof.js
[20Sep2025 22:14:58.731] [main/DEBUG] [net.minecraftforge.fml.loading.moddiscovery.ModFileParser/LOADING]: Found coremod add_bouncer_method with Javascript path coremods/add_bouncer_method.js
[20Sep2025 22:14:58.731] [main/DEBUG] [net.minecraftforge.fml.loading.moddiscovery.ModFileParser/LOADING]: Found coremod method_redirector with Javascript path coremods/method_redirector.js
[20Sep2025 22:14:58.731] [main/DEBUG] [net.minecraftforge.fml.loading.moddiscovery.ModFile/LOADING]: Found coremod coremods/field_to_method.js
[20Sep2025 22:14:58.731] [main/DEBUG] [net.minecraftforge.fml.loading.moddiscovery.ModFile/LOADING]: Found coremod coremods/field_to_instanceof.js
[20Sep2025 22:14:58.732] [main/DEBUG] [net.minecraftforge.fml.loading.moddiscovery.ModFile/LOADING]: Found coremod coremods/add_bouncer_method.js
[20Sep2025 22:14:58.732] [main/DEBUG] [net.minecraftforge.fml.loading.moddiscovery.ModFile/LOADING]: Found coremod coremods/method_redirector.js
[20Sep2025 22:14:58.732] [main/DEBUG] [net.minecraftforge.fml.loading.moddiscovery.ModFileParser/LOADING]: Considering mod file candidate /workspaces/mundoH-qzt/servidor_minecraft/mods/worldedit-mod-7.2.15.jar
[20Sep2025 22:14:58.733] [main/DEBUG] [net.minecraftforge.fml.loading.moddiscovery.ModFileInfo/LOADING]: Found valid mod file worldedit-mod-7.2.15.jar with {worldedit} mods - versions {7.2.15+6463-5ca4dff}
[20Sep2025 22:14:58.733] [main/DEBUG] [net.minecraftforge.fml.loading.moddiscovery.ModFile/LOADING]: Loading mod file /workspaces/mundoH-qzt/servidor_minecraft/mods/worldedit-mod-7.2.15.jar with languages [LanguageSpec[languageName=javafml, acceptedVersions=[24,)]]
[20Sep2025 22:14:58.733] [main/DEBUG] [net.minecraftforge.fml.loading.moddiscovery.ModFileParser/LOADING]: Considering mod file candidate /workspaces/mundoH-qzt/servidor_minecraft/mods/CustomSkinLoader_ForgeActive-14.17.jar
[20Sep2025 22:14:58.734] [main/DEBUG] [net.minecraftforge.fml.loading.moddiscovery.ModFileInfo/LOADING]: Found valid mod file CustomSkinLoader_ForgeActive-14.17.jar with {customskinloader} mods - versions {14.17}
[20Sep2025 22:14:58.734] [main/DEBUG] [net.minecraftforge.fml.loading.moddiscovery.ModFile/LOADING]: Loading mod file /workspaces/mundoH-qzt/servidor_minecraft/mods/CustomSkinLoader_ForgeActive-14.17.jar with languages [LanguageSpec[languageName=javafml, acceptedVersions=[37,)]]
[20Sep2025 22:14:58.735] [main/DEBUG] [net.minecraftforge.fml.loading.moddiscovery.ModFileParser/LOADING]: Found coremod transformers with Javascript path transformers.js
[20Sep2025 22:14:58.735] [main/DEBUG] [net.minecraftforge.fml.loading.moddiscovery.ModFile/LOADING]: Found coremod transformers.js
[20Sep2025 22:14:58.735] [main/DEBUG] [net.minecraftforge.fml.loading.moddiscovery.ModFileParser/LOADING]: Considering mod file candidate /workspaces/mundoH-qzt/servidor_minecraft/mods/MorePlayerModels-1.20.1.20240409.jar
[20Sep2025 22:14:58.735] [main/DEBUG] [net.minecraftforge.fml.loading.moddiscovery.ModFileInfo/LOADING]: Found valid mod file MorePlayerModels-1.20.1.20240409.jar with {moreplayermodels} mods - versions {1.20.1.20240409}
[20Sep2025 22:14:58.736] [main/DEBUG] [net.minecraftforge.fml.loading.moddiscovery.ModFile/LOADING]: Loading mod file /workspaces/mundoH-qzt/servidor_minecraft/mods/MorePlayerModels-1.20.1.20240409.jar with languages [LanguageSpec[languageName=javafml, acceptedVersions=[47,)]]
[20Sep2025 22:14:58.736] [main/DEBUG] [net.minecraftforge.fml.loading.moddiscovery.ModFileParser/LOADING]: Considering mod file candidate /workspaces/mundoH-qzt/servidor_minecraft/mods/refurbished_furniture-forge-1.20.1-1.0.14.jar
[20Sep2025 22:14:58.737] [main/DEBUG] [net.minecraftforge.fml.loading.moddiscovery.ModFileInfo/LOADING]: Found valid mod file refurbished_furniture-forge-1.20.1-1.0.14.jar with {refurbished_furniture} mods - versions {1.0.14}
[20Sep2025 22:14:58.737] [main/DEBUG] [net.minecraftforge.fml.loading.moddiscovery.ModFile/LOADING]: Loading mod file /workspaces/mundoH-qzt/servidor_minecraft/mods/refurbished_furniture-forge-1.20.1-1.0.14.jar with languages [LanguageSpec[languageName=javafml, acceptedVersions=[39,)]]
[20Sep2025 22:14:58.738] [main/DEBUG] [cpw.mods.modlauncher.TransformationServiceDecorator/MODLAUNCHER]: End scan trigger - transformation service fml
[20Sep2025 22:14:58.749] [main/DEBUG] [net.minecraftforge.fml.loading.LanguageLoadingProvider/CORE]: Found 3 language providers
[20Sep2025 22:14:58.749] [main/DEBUG] [net.minecraftforge.fml.loading.LanguageLoadingProvider/CORE]: Found language provider minecraft, version 1.0
[20Sep2025 22:14:58.750] [main/DEBUG] [net.minecraftforge.fml.loading.LanguageLoadingProvider/CORE]: Found language provider lowcodefml, version 47
[20Sep2025 22:14:58.750] [main/DEBUG] [net.minecraftforge.fml.loading.LanguageLoadingProvider/CORE]: Found language provider javafml, version 47
[20Sep2025 22:14:58.756] [main/DEBUG] [net.minecraftforge.fml.loading.ModSorter/]: Configured system mods: [minecraft, forge]
[20Sep2025 22:14:58.756] [main/DEBUG] [net.minecraftforge.fml.loading.ModSorter/]: Found system mod: minecraft
[20Sep2025 22:14:58.756] [main/DEBUG] [net.minecraftforge.fml.loading.ModSorter/]: Found system mod: forge
[20Sep2025 22:14:58.759] [main/DEBUG] [net.minecraftforge.fml.loading.ModSorter/LOADING]: Found 10 mod requirements (9 mandatory, 1 optional)
[20Sep2025 22:14:58.759] [main/DEBUG] [net.minecraftforge.fml.loading.ModSorter/LOADING]: Found 0 mod requirements missing (0 mandatory, 0 optional)
[20Sep2025 22:14:59.218] [main/DEBUG] [cpw.mods.modlauncher.TransformationServicesHandler/MODLAUNCHER]: Transformation services loading transformers
[20Sep2025 22:14:59.219] [main/DEBUG] [cpw.mods.modlauncher.TransformationServiceDecorator/MODLAUNCHER]: Initializing transformers for transformation service mixin
[20Sep2025 22:14:59.219] [main/DEBUG] [cpw.mods.modlauncher.TransformationServiceDecorator/MODLAUNCHER]: Initialized transformers for transformation service mixin
[20Sep2025 22:14:59.219] [main/DEBUG] [cpw.mods.modlauncher.TransformationServiceDecorator/MODLAUNCHER]: Initializing transformers for transformation service fml
[20Sep2025 22:14:59.219] [main/DEBUG] [net.minecraftforge.fml.loading.FMLServiceProvider/CORE]: Loading coremod transformers
[20Sep2025 22:14:59.220] [main/DEBUG] [net.minecraftforge.coremod.CoreModEngine/COREMOD]: Loading CoreMod from coremods/field_to_method.js
[20Sep2025 22:14:59.427] [main/DEBUG] [net.minecraftforge.coremod.CoreModEngine/COREMOD]: CoreMod loaded successfully
[20Sep2025 22:14:59.427] [main/DEBUG] [net.minecraftforge.coremod.CoreModEngine/COREMOD]: Loading CoreMod from coremods/field_to_instanceof.js
[20Sep2025 22:14:59.524] [main/DEBUG] [net.minecraftforge.coremod.CoreModEngine/COREMOD]: CoreMod loaded successfully
[20Sep2025 22:14:59.525] [main/DEBUG] [net.minecraftforge.coremod.CoreModEngine/COREMOD]: Loading CoreMod from coremods/add_bouncer_method.js
[20Sep2025 22:14:59.568] [main/DEBUG] [net.minecraftforge.coremod.CoreModEngine/COREMOD]: CoreMod loaded successfully
[20Sep2025 22:14:59.568] [main/DEBUG] [net.minecraftforge.coremod.CoreModEngine/COREMOD]: Loading CoreMod from coremods/method_redirector.js
[20Sep2025 22:14:59.637] [main/DEBUG] [net.minecraftforge.coremod.CoreModEngine/COREMOD]: CoreMod loaded successfully
[20Sep2025 22:14:59.637] [main/DEBUG] [net.minecraftforge.coremod.CoreModEngine/COREMOD]: Loading CoreMod from transformers.js
[20Sep2025 22:14:59.699] [main/DEBUG] [net.minecraftforge.coremod.CoreModEngine/COREMOD]: CoreMod loaded successfully
[20Sep2025 22:14:59.713] [main/DEBUG] [cpw.mods.modlauncher.TransformStore/MODLAUNCHER]: Adding transformer net.minecraftforge.coremod.transformer.CoreModClassTransformer@2a53f215 to Target : CLASS {Lnet/minecraft/world/level/biome/Biome;} {} {V}
[20Sep2025 22:14:59.715] [main/DEBUG] [cpw.mods.modlauncher.TransformStore/MODLAUNCHER]: Adding transformer net.minecraftforge.coremod.transformer.CoreModClassTransformer@ae73c80 to Target : CLASS {Lnet/minecraft/world/level/levelgen/structure/Structure;} {} {V}
[20Sep2025 22:14:59.716] [main/DEBUG] [cpw.mods.modlauncher.TransformStore/MODLAUNCHER]: Adding transformer net.minecraftforge.coremod.transformer.CoreModClassTransformer@22f4f8f2 to Target : CLASS {Lnet/minecraft/world/effect/MobEffectInstance;} {} {V}
[20Sep2025 22:14:59.716] [main/DEBUG] [cpw.mods.modlauncher.TransformStore/MODLAUNCHER]: Adding transformer net.minecraftforge.coremod.transformer.CoreModClassTransformer@bbd4791 to Target : CLASS {Lnet/minecraft/world/level/block/LiquidBlock;} {} {V}
[20Sep2025 22:14:59.716] [main/DEBUG] [cpw.mods.modlauncher.TransformStore/MODLAUNCHER]: Adding transformer net.minecraftforge.coremod.transformer.CoreModClassTransformer@40a72ecd to Target : CLASS {Lnet/minecraft/world/item/BucketItem;} {} {V}
[20Sep2025 22:14:59.716] [main/DEBUG] [cpw.mods.modlauncher.TransformStore/MODLAUNCHER]: Adding transformer net.minecraftforge.coremod.transformer.CoreModClassTransformer@73971965 to Target : CLASS {Lnet/minecraft/world/level/block/StairBlock;} {} {V}
[20Sep2025 22:14:59.716] [main/DEBUG] [cpw.mods.modlauncher.TransformStore/MODLAUNCHER]: Adding transformer net.minecraftforge.coremod.transformer.CoreModClassTransformer@76a14c8d to Target : CLASS {Lnet/minecraft/world/level/block/FlowerPotBlock;} {} {V}
[20Sep2025 22:14:59.716] [main/DEBUG] [cpw.mods.modlauncher.TransformStore/MODLAUNCHER]: Adding transformer net.minecraftforge.coremod.transformer.CoreModClassTransformer@17410c07 to Target : CLASS {Lnet/minecraft/world/item/ItemStack;} {} {V}
[20Sep2025 22:14:59.717] [main/DEBUG] [cpw.mods.modlauncher.TransformStore/MODLAUNCHER]: Adding transformer net.minecraftforge.coremod.transformer.CoreModClassTransformer@6ee99964 to Target : CLASS {Lnet/minecraft/network/play/client/CClientSettingsPacket;} {} {V}
[20Sep2025 22:14:59.717] [main/DEBUG] [cpw.mods.modlauncher.TransformStore/MODLAUNCHER]: Adding transformer net.minecraftforge.coremod.transformer.CoreModClassTransformer@257ef9ed to Target : CLASS {Lnet/minecraft/world/level/levelgen/structure/templatesystem/StructureTemplate;} {} {V}
[20Sep2025 22:14:59.717] [main/DEBUG] [cpw.mods.modlauncher.TransformStore/MODLAUNCHER]: Adding transformer net.minecraftforge.coremod.transformer.CoreModClassTransformer@257ef9ed to Target : CLASS {Lnet/minecraft/world/entity/EntityType;} {} {V}
[20Sep2025 22:14:59.717] [main/DEBUG] [cpw.mods.modlauncher.TransformStore/MODLAUNCHER]: Adding transformer net.minecraftforge.coremod.transformer.CoreModClassTransformer@257ef9ed to Target : CLASS {Lnet/minecraft/world/entity/animal/horse/SkeletonTrapGoal;} {} {V}
[20Sep2025 22:14:59.717] [main/DEBUG] [cpw.mods.modlauncher.TransformStore/MODLAUNCHER]: Adding transformer net.minecraftforge.coremod.transformer.CoreModClassTransformer@257ef9ed to Target : CLASS {Lnet/minecraft/world/entity/monster/Spider;} {} {V}
[20Sep2025 22:14:59.717] [main/DEBUG] [cpw.mods.modlauncher.TransformStore/MODLAUNCHER]: Adding transformer net.minecraftforge.coremod.transformer.CoreModClassTransformer@257ef9ed to Target : CLASS {Lnet/minecraft/world/entity/monster/Strider;} {} {V}
[20Sep2025 22:14:59.717] [main/DEBUG] [cpw.mods.modlauncher.TransformStore/MODLAUNCHER]: Adding transformer net.minecraftforge.coremod.transformer.CoreModClassTransformer@257ef9ed to Target : CLASS {Lnet/minecraft/world/entity/monster/Zombie;} {} {V}
[20Sep2025 22:14:59.718] [main/DEBUG] [cpw.mods.modlauncher.TransformStore/MODLAUNCHER]: Adding transformer net.minecraftforge.coremod.transformer.CoreModClassTransformer@257ef9ed to Target : CLASS {Lnet/minecraft/world/level/levelgen/structure/structures/WoodlandMansionPieces$WoodlandMansionPiece;} {} {V}
[20Sep2025 22:14:59.718] [main/DEBUG] [cpw.mods.modlauncher.TransformStore/MODLAUNCHER]: Adding transformer net.minecraftforge.coremod.transformer.CoreModClassTransformer@257ef9ed to Target : CLASS {Lnet/minecraft/server/commands/SummonCommand;} {} {V}
[20Sep2025 22:14:59.718] [main/DEBUG] [cpw.mods.modlauncher.TransformStore/MODLAUNCHER]: Adding transformer net.minecraftforge.coremod.transformer.CoreModClassTransformer@257ef9ed to Target : CLASS {Lnet/minecraft/world/level/levelgen/structure/structures/OceanRuinPieces$OceanRuinPiece;} {} {V}
[20Sep2025 22:14:59.719] [main/DEBUG] [cpw.mods.modlauncher.TransformStore/MODLAUNCHER]: Adding transformer net.minecraftforge.coremod.transformer.CoreModClassTransformer@257ef9ed to Target : CLASS {Lnet/minecraft/world/level/levelgen/structure/structures/SwampHutPiece;} {} {V}
[20Sep2025 22:14:59.719] [main/DEBUG] [cpw.mods.modlauncher.TransformStore/MODLAUNCHER]: Adding transformer net.minecraftforge.coremod.transformer.CoreModClassTransformer@257ef9ed to Target : CLASS {Lnet/minecraft/world/level/levelgen/structure/structures/OceanMonumentPieces$OceanMonumentPiece;} {} {V}
[20Sep2025 22:14:59.719] [main/DEBUG] [cpw.mods.modlauncher.TransformStore/MODLAUNCHER]: Adding transformer net.minecraftforge.coremod.transformer.CoreModClassTransformer@257ef9ed to Target : CLASS {Lnet/minecraft/world/entity/npc/Villager;} {} {V}
[20Sep2025 22:14:59.719] [main/DEBUG] [cpw.mods.modlauncher.TransformStore/MODLAUNCHER]: Adding transformer net.minecraftforge.coremod.transformer.CoreModClassTransformer@257ef9ed to Target : CLASS {Lnet/minecraft/world/level/levelgen/PatrolSpawner;} {} {V}
[20Sep2025 22:14:59.719] [main/DEBUG] [cpw.mods.modlauncher.TransformStore/MODLAUNCHER]: Adding transformer net.minecraftforge.coremod.transformer.CoreModClassTransformer@257ef9ed to Target : CLASS {Lnet/minecraft/world/entity/ai/village/VillageSiege;} {} {V}
[20Sep2025 22:14:59.720] [main/DEBUG] [cpw.mods.modlauncher.TransformStore/MODLAUNCHER]: Adding transformer net.minecraftforge.coremod.transformer.CoreModClassTransformer@257ef9ed to Target : CLASS {Lnet/minecraft/world/entity/monster/ZombieVillager;} {} {V}
[20Sep2025 22:14:59.720] [main/DEBUG] [cpw.mods.modlauncher.TransformStore/MODLAUNCHER]: Adding transformer net.minecraftforge.coremod.transformer.CoreModClassTransformer@257ef9ed to Target : CLASS {Lnet/minecraft/world/entity/monster/Evoker$EvokerSummonSpellGoal;} {} {V}
[20Sep2025 22:14:59.720] [main/DEBUG] [cpw.mods.modlauncher.TransformStore/MODLAUNCHER]: Adding transformer net.minecraftforge.coremod.transformer.CoreModClassTransformer@257ef9ed to Target : CLASS {Lnet/minecraft/server/commands/RaidCommand;} {} {V}
[20Sep2025 22:14:59.720] [main/DEBUG] [cpw.mods.modlauncher.TransformStore/MODLAUNCHER]: Adding transformer net.minecraftforge.coremod.transformer.CoreModClassTransformer@257ef9ed to Target : CLASS {Lnet/minecraft/world/entity/animal/frog/Tadpole;} {} {V}
[20Sep2025 22:14:59.720] [main/DEBUG] [cpw.mods.modlauncher.TransformStore/MODLAUNCHER]: Adding transformer net.minecraftforge.coremod.transformer.CoreModClassTransformer@257ef9ed to Target : CLASS {Lnet/minecraft/world/level/levelgen/PhantomSpawner;} {} {V}
[20Sep2025 22:14:59.720] [main/DEBUG] [cpw.mods.modlauncher.TransformStore/MODLAUNCHER]: Adding transformer net.minecraftforge.coremod.transformer.CoreModClassTransformer@257ef9ed to Target : CLASS {Lnet/minecraft/world/entity/npc/CatSpawner;} {} {V}
[20Sep2025 22:14:59.721] [main/DEBUG] [cpw.mods.modlauncher.TransformStore/MODLAUNCHER]: Adding transformer net.minecraftforge.coremod.transformer.CoreModClassTransformer@257ef9ed to Target : CLASS {Lnet/minecraft/world/entity/raid/Raid;} {} {V}
[20Sep2025 22:14:59.721] [main/DEBUG] [cpw.mods.modlauncher.TransformStore/MODLAUNCHER]: Adding transformer net.minecraftforge.coremod.transformer.CoreModClassTransformer@257ef9ed to Target : CLASS {Lnet/minecraft/world/level/NaturalSpawner;} {} {V}
[20Sep2025 22:14:59.721] [main/DEBUG] [cpw.mods.modlauncher.TransformStore/MODLAUNCHER]: Adding transformer net.minecraftforge.coremod.transformer.CoreModClassTransformer@59c70ceb to Target : CLASS {Lnet/minecraft/client/resources/SkinManager;} {} {V}
[20Sep2025 22:14:59.721] [main/DEBUG] [cpw.mods.modlauncher.TransformStore/MODLAUNCHER]: Adding transformer net.minecraftforge.coremod.transformer.CoreModClassTransformer@46f902e0 to Target : CLASS {Lnet/minecraft/server/packs/resources/Resource;} {} {V}
[20Sep2025 22:14:59.721] [main/DEBUG] [cpw.mods.modlauncher.TransformStore/MODLAUNCHER]: Adding transformer net.minecraftforge.coremod.transformer.CoreModClassTransformer@64f981e2 to Target : CLASS {Lnet/minecraft/server/packs/resources/ResourceManager;} {} {V}
[20Sep2025 22:14:59.721] [main/DEBUG] [cpw.mods.modlauncher.TransformStore/MODLAUNCHER]: Adding transformer net.minecraftforge.coremod.transformer.CoreModClassTransformer@361abd01 to Target : CLASS {Lnet/minecraft/client/Minecraft;} {} {V}
[20Sep2025 22:14:59.722] [main/DEBUG] [cpw.mods.modlauncher.TransformStore/MODLAUNCHER]: Adding transformer net.minecraftforge.coremod.transformer.CoreModClassTransformer@575b5f7d to Target : CLASS {Lnet/minecraft/client/renderer/entity/layers/CapeLayer;} {} {V}
[20Sep2025 22:14:59.722] [main/DEBUG] [cpw.mods.modlauncher.TransformStore/MODLAUNCHER]: Adding transformer net.minecraftforge.coremod.transformer.CoreModClassTransformer@575b5f7d to Target : CLASS {Lnet/minecraft/client/renderer/entity/player/PlayerRenderer;} {} {V}
[20Sep2025 22:14:59.722] [main/DEBUG] [cpw.mods.modlauncher.TransformStore/MODLAUNCHER]: Adding transformer net.minecraftforge.coremod.transformer.CoreModMethodTransformer@7165d530 to Target : METHOD {Lnet/minecraft/client/renderer/texture/HttpTexture;} {m_118018_} {(Ljava/io/InputStream;)Lcom/mojang/blaze3d/platform/NativeImage;}
[20Sep2025 22:14:59.722] [main/DEBUG] [cpw.mods.modlauncher.TransformStore/MODLAUNCHER]: Adding transformer net.minecraftforge.coremod.transformer.CoreModMethodTransformer@12f49ca8 to Target : METHOD {Lnet/minecraft/client/gui/components/PlayerTabOverlay;} {m_94544_} {(Lcom/mojang/blaze3d/vertex/PoseStack;ILnet/minecraft/world/scores/Scoreboard;Lnet/minecraft/world/scores/Objective;)V}
[20Sep2025 22:14:59.722] [main/DEBUG] [cpw.mods.modlauncher.TransformationServiceDecorator/MODLAUNCHER]: Initialized transformers for transformation service fml
[20Sep2025 22:15:00.480] [main/DEBUG] [mixin/]: Processing prepare() for PlatformAgent[MixinPlatformAgentDefault:ModLauncher Root Container(ModLauncher:4f56a0a2)]
[20Sep2025 22:15:00.480] [main/DEBUG] [mixin/]: Processing launch tasks for PlatformAgent[MixinPlatformAgentDefault:ModLauncher Root Container(ModLauncher:4f56a0a2)]
[20Sep2025 22:15:00.481] [main/DEBUG] [mixin/]: Adding mixin platform agents for container SecureJarResource(minecraft)
[20Sep2025 22:15:00.481] [main/DEBUG] [mixin/]: Instancing new MixinPlatformAgentMinecraftForge for SecureJarResource(minecraft)
[20Sep2025 22:15:00.481] [main/DEBUG] [mixin/]: MixinPlatformAgentMinecraftForge rejected container SecureJarResource(minecraft)
[20Sep2025 22:15:00.481] [main/DEBUG] [mixin/]: Instancing new MixinPlatformAgentDefault for SecureJarResource(minecraft)
[20Sep2025 22:15:00.481] [main/DEBUG] [mixin/]: MixinPlatformAgentDefault accepted container SecureJarResource(minecraft)
[20Sep2025 22:15:00.481] [main/DEBUG] [mixin/]: Processing prepare() for PlatformAgent[MixinPlatformAgentDefault:SecureJarResource(minecraft)]
[20Sep2025 22:15:00.481] [main/DEBUG] [mixin/]: Adding mixin platform agents for container SecureJarResource(easy_npc)
[20Sep2025 22:15:00.482] [main/DEBUG] [mixin/]: Instancing new MixinPlatformAgentMinecraftForge for SecureJarResource(easy_npc)
[20Sep2025 22:15:00.482] [main/DEBUG] [mixin/]: MixinPlatformAgentMinecraftForge rejected container SecureJarResource(easy_npc)
[20Sep2025 22:15:00.482] [main/DEBUG] [mixin/]: Instancing new MixinPlatformAgentDefault for SecureJarResource(easy_npc)
[20Sep2025 22:15:00.482] [main/DEBUG] [mixin/]: MixinPlatformAgentDefault accepted container SecureJarResource(easy_npc)
[20Sep2025 22:15:00.482] [main/DEBUG] [mixin/]: Processing prepare() for PlatformAgent[MixinPlatformAgentDefault:SecureJarResource(easy_npc)]
[20Sep2025 22:15:00.482] [main/DEBUG] [mixin/]: Adding mixin platform agents for container SecureJarResource(framework)
[20Sep2025 22:15:00.482] [main/DEBUG] [mixin/]: Instancing new MixinPlatformAgentMinecraftForge for SecureJarResource(framework)
[20Sep2025 22:15:00.482] [main/DEBUG] [mixin/]: MixinPlatformAgentMinecraftForge rejected container SecureJarResource(framework)
[20Sep2025 22:15:00.483] [main/DEBUG] [mixin/]: Instancing new MixinPlatformAgentDefault for SecureJarResource(framework)
[20Sep2025 22:15:00.483] [main/DEBUG] [mixin/]: MixinPlatformAgentDefault accepted container SecureJarResource(framework)
[20Sep2025 22:15:00.483] [main/DEBUG] [mixin/]: Processing prepare() for PlatformAgent[MixinPlatformAgentDefault:SecureJarResource(framework)]
[20Sep2025 22:15:00.483] [main/DEBUG] [mixin/]: Adding mixin platform agents for container SecureJarResource(forge)
[20Sep2025 22:15:00.483] [main/DEBUG] [mixin/]: Instancing new MixinPlatformAgentMinecraftForge for SecureJarResource(forge)
[20Sep2025 22:15:00.483] [main/DEBUG] [mixin/]: MixinPlatformAgentMinecraftForge rejected container SecureJarResource(forge)
[20Sep2025 22:15:00.483] [main/DEBUG] [mixin/]: Instancing new MixinPlatformAgentDefault for SecureJarResource(forge)
[20Sep2025 22:15:00.483] [main/DEBUG] [mixin/]: MixinPlatformAgentDefault accepted container SecureJarResource(forge)
[20Sep2025 22:15:00.484] [main/DEBUG] [mixin/]: Processing prepare() for PlatformAgent[MixinPlatformAgentDefault:SecureJarResource(forge)]
[20Sep2025 22:15:00.484] [main/DEBUG] [mixin/]: Adding mixin platform agents for container SecureJarResource(worldedit)
[20Sep2025 22:15:00.484] [main/DEBUG] [mixin/]: Instancing new MixinPlatformAgentMinecraftForge for SecureJarResource(worldedit)
[20Sep2025 22:15:00.484] [main/DEBUG] [mixin/]: MixinPlatformAgentMinecraftForge rejected container SecureJarResource(worldedit)
[20Sep2025 22:15:00.484] [main/DEBUG] [mixin/]: Instancing new MixinPlatformAgentDefault for SecureJarResource(worldedit)
[20Sep2025 22:15:00.484] [main/DEBUG] [mixin/]: MixinPlatformAgentDefault accepted container SecureJarResource(worldedit)
[20Sep2025 22:15:00.484] [main/DEBUG] [mixin/]: Processing prepare() for PlatformAgent[MixinPlatformAgentDefault:SecureJarResource(worldedit)]
[20Sep2025 22:15:00.484] [main/DEBUG] [mixin/]: Adding mixin platform agents for container SecureJarResource(moreplayermodels)
[20Sep2025 22:15:00.484] [main/DEBUG] [mixin/]: Instancing new MixinPlatformAgentMinecraftForge for SecureJarResource(moreplayermodels)
[20Sep2025 22:15:00.485] [main/DEBUG] [mixin/]: MixinPlatformAgentMinecraftForge rejected container SecureJarResource(moreplayermodels)
[20Sep2025 22:15:00.485] [main/DEBUG] [mixin/]: Instancing new MixinPlatformAgentDefault for SecureJarResource(moreplayermodels)
[20Sep2025 22:15:00.485] [main/DEBUG] [mixin/]: MixinPlatformAgentDefault accepted container SecureJarResource(moreplayermodels)
[20Sep2025 22:15:00.485] [main/DEBUG] [mixin/]: Processing prepare() for PlatformAgent[MixinPlatformAgentDefault:SecureJarResource(moreplayermodels)]
[20Sep2025 22:15:00.485] [main/DEBUG] [mixin/]: Registering mixin config: moreplayermodels.mixins.json
[20Sep2025 22:15:00.506] [main/DEBUG] [mixin/]: Compatibility level JAVA_8 specified by moreplayermodels.mixins.json is lower than the default level supported by the current mixin service (JAVA_16).
[20Sep2025 22:15:00.507] [main/DEBUG] [mixin/]: Adding mixin platform agents for container SecureJarResource(customskinloader)
[20Sep2025 22:15:00.508] [main/DEBUG] [mixin/]: Instancing new MixinPlatformAgentMinecraftForge for SecureJarResource(customskinloader)
[20Sep2025 22:15:00.508] [main/DEBUG] [mixin/]: MixinPlatformAgentMinecraftForge rejected container SecureJarResource(customskinloader)
[20Sep2025 22:15:00.508] [main/DEBUG] [mixin/]: Instancing new MixinPlatformAgentDefault for SecureJarResource(customskinloader)
[20Sep2025 22:15:00.508] [main/DEBUG] [mixin/]: MixinPlatformAgentDefault accepted container SecureJarResource(customskinloader)
[20Sep2025 22:15:00.509] [main/DEBUG] [mixin/]: Processing prepare() for PlatformAgent[MixinPlatformAgentDefault:SecureJarResource(customskinloader)]
[20Sep2025 22:15:00.510] [main/DEBUG] [mixin/]: Adding mixin platform agents for container SecureJarResource(refurbished_furniture)
[20Sep2025 22:15:00.510] [main/DEBUG] [mixin/]: Instancing new MixinPlatformAgentMinecraftForge for SecureJarResource(refurbished_furniture)
[20Sep2025 22:15:00.510] [main/DEBUG] [mixin/]: MixinPlatformAgentMinecraftForge rejected container SecureJarResource(refurbished_furniture)
[20Sep2025 22:15:00.510] [main/DEBUG] [mixin/]: Instancing new MixinPlatformAgentDefault for SecureJarResource(refurbished_furniture)
[20Sep2025 22:15:00.510] [main/DEBUG] [mixin/]: MixinPlatformAgentDefault accepted container SecureJarResource(refurbished_furniture)
[20Sep2025 22:15:00.510] [main/DEBUG] [mixin/]: Processing prepare() for PlatformAgent[MixinPlatformAgentDefault:SecureJarResource(refurbished_furniture)]
[20Sep2025 22:15:00.510] [main/DEBUG] [mixin/]: Registering mixin config: refurbished_furniture.common.mixins.json
[20Sep2025 22:15:00.513] [main/DEBUG] [mixin/]: Compatibility level JAVA_17 specified by refurbished_furniture.common.mixins.json is higher than the maximum level supported by this version of mixin (JAVA_13).
[20Sep2025 22:15:00.518] [main/INFO] [mixin/]: Compatibility level set to JAVA_17
[20Sep2025 22:15:00.518] [main/DEBUG] [mixin/]: inject() running with 9 agents
[20Sep2025 22:15:00.518] [main/DEBUG] [mixin/]: Processing inject() for PlatformAgent[MixinPlatformAgentDefault:ModLauncher Root Container(ModLauncher:4f56a0a2)]
[20Sep2025 22:15:00.518] [main/DEBUG] [mixin/]: Processing inject() for PlatformAgent[MixinPlatformAgentDefault:SecureJarResource(minecraft)]
[20Sep2025 22:15:00.519] [main/DEBUG] [mixin/]: Processing inject() for PlatformAgent[MixinPlatformAgentDefault:SecureJarResource(easy_npc)]
[20Sep2025 22:15:00.519] [main/DEBUG] [mixin/]: Processing inject() for PlatformAgent[MixinPlatformAgentDefault:SecureJarResource(framework)]
[20Sep2025 22:15:00.519] [main/DEBUG] [mixin/]: Processing inject() for PlatformAgent[MixinPlatformAgentDefault:SecureJarResource(forge)]
[20Sep2025 22:15:00.519] [main/DEBUG] [mixin/]: Processing inject() for PlatformAgent[MixinPlatformAgentDefault:SecureJarResource(worldedit)]
[20Sep2025 22:15:00.519] [main/DEBUG] [mixin/]: Processing inject() for PlatformAgent[MixinPlatformAgentDefault:SecureJarResource(moreplayermodels)]
[20Sep2025 22:15:00.519] [main/DEBUG] [mixin/]: Processing inject() for PlatformAgent[MixinPlatformAgentDefault:SecureJarResource(customskinloader)]
[20Sep2025 22:15:00.520] [main/DEBUG] [mixin/]: Processing inject() for PlatformAgent[MixinPlatformAgentDefault:SecureJarResource(refurbished_furniture)]
[20Sep2025 22:15:00.520] [main/INFO] [cpw.mods.modlauncher.LaunchServiceHandler/MODLAUNCHER]: Launching target 'forgeserver' with arguments [nogui]
[20Sep2025 22:15:00.562] [main/DEBUG] [mixin/]: Error cleaning class output directory: .mixin.out
[20Sep2025 22:15:00.565] [main/DEBUG] [mixin/]: Preparing mixins for MixinEnvironment[DEFAULT]
[20Sep2025 22:15:00.566] [main/DEBUG] [mixin/]: Selecting config moreplayermodels.mixins.json
[20Sep2025 22:15:00.579] [main/DEBUG] [mixin/]: Selecting config refurbished_furniture.common.mixins.json
[20Sep2025 22:15:00.581] [main/DEBUG] [mixin/]: Preparing moreplayermodels.mixins.json (17)
[20Sep2025 22:15:00.762] [main/DEBUG] [mixin/]: Preparing refurbished_furniture.common.mixins.json (12)
[20Sep2025 22:15:00.834] [main/DEBUG] [mixin/]: Registering new injector for @Inject with org.spongepowered.asm.mixin.injection.struct.CallbackInjectionInfo
[20Sep2025 22:15:00.836] [main/DEBUG] [mixin/]: Registering new injector for @ModifyArg with org.spongepowered.asm.mixin.injection.struct.ModifyArgInjectionInfo
[20Sep2025 22:15:00.838] [main/DEBUG] [mixin/]: Registering new injector for @ModifyArgs with org.spongepowered.asm.mixin.injection.struct.ModifyArgsInjectionInfo
[20Sep2025 22:15:00.839] [main/DEBUG] [mixin/]: Registering new injector for @Redirect with org.spongepowered.asm.mixin.injection.struct.RedirectInjectionInfo
[20Sep2025 22:15:00.840] [main/DEBUG] [mixin/]: Registering new injector for @ModifyVariable with org.spongepowered.asm.mixin.injection.struct.ModifyVariableInjectionInfo
[20Sep2025 22:15:00.842] [main/DEBUG] [mixin/]: Registering new injector for @ModifyConstant with org.spongepowered.asm.mixin.injection.struct.ModifyConstantInjectionInfo
[20Sep2025 22:15:00.849] [main/DEBUG] [mixin/]: Prepared 10 mixins in 0.282 sec (28.2ms avg) (0ms load, 0ms transform, 0ms plugin)
[20Sep2025 22:15:00.915] [main/DEBUG] [io.netty.util.internal.logging.InternalLoggerFactory/]: Using SLF4J as the default logging framework
[20Sep2025 22:15:00.917] [main/DEBUG] [io.netty.util.ResourceLeakDetector/]: -Dio.netty.leakDetection.level: simple
[20Sep2025 22:15:00.918] [main/DEBUG] [io.netty.util.ResourceLeakDetector/]: -Dio.netty.leakDetection.targetRecords: 4
[20Sep2025 22:15:01.210] [main/DEBUG] [oshi.util.FileUtil/]: No oshi.properties file found from ClassLoader cpw.mods.modlauncher.TransformingClassLoader@62b93086
[20Sep2025 22:15:01.211] [main/DEBUG] [oshi.util.FileUtil/]: No oshi.properties file found from ClassLoader jdk.internal.loader.ClassLoaders$AppClassLoader@76ed5528
[20Sep2025 22:15:01.299] [main/DEBUG] [oshi.util.FileUtil/]: Reading file /proc/self/auxv
[20Sep2025 22:15:01.300] [main/DEBUG] [oshi.util.FileUtil/]: Reading file /proc/self/auxv
[20Sep2025 22:15:01.306] [main/DEBUG] [oshi.util.FileUtil/]: Reading file /proc/stat
[20Sep2025 22:15:01.314] [main/DEBUG] [oshi.util.FileUtil/]: Reading file /sys/devices/system/cpu/cpu0/topology/core_id
[20Sep2025 22:15:01.315] [main/DEBUG] [oshi.util.FileUtil/]: Reading file /sys/devices/system/cpu/cpu0/topology/core_id
[20Sep2025 22:15:01.315] [main/DEBUG] [oshi.util.FileUtil/]: Reading file /sys/devices/system/cpu/cpu0/topology/physical_package_id
[20Sep2025 22:15:01.315] [main/DEBUG] [oshi.util.FileUtil/]: Reading file /sys/devices/system/cpu/cpu0/topology/physical_package_id
[20Sep2025 22:15:01.315] [main/DEBUG] [oshi.util.FileUtil/]: Reading file /sys/devices/system/cpu/cpu0/cpu_capacity
[20Sep2025 22:15:01.317] [main/DEBUG] [oshi.util.FileUtil/]: Reading file /sys/devices/system/cpu/cpu1/topology/core_id
[20Sep2025 22:15:01.317] [main/DEBUG] [oshi.util.FileUtil/]: Reading file /sys/devices/system/cpu/cpu1/topology/core_id
[20Sep2025 22:15:01.317] [main/DEBUG] [oshi.util.FileUtil/]: Reading file /sys/devices/system/cpu/cpu1/topology/physical_package_id
[20Sep2025 22:15:01.318] [main/DEBUG] [oshi.util.FileUtil/]: Reading file /sys/devices/system/cpu/cpu1/topology/physical_package_id
[20Sep2025 22:15:01.318] [main/DEBUG] [oshi.util.FileUtil/]: Reading file /sys/devices/system/cpu/cpu1/cpu_capacity
[20Sep2025 22:15:01.318] [main/DEBUG] [oshi.util.FileUtil/]: Reading file /sys/devices/system/cpu/cpu2/topology/core_id
[20Sep2025 22:15:01.319] [main/DEBUG] [oshi.util.FileUtil/]: Reading file /sys/devices/system/cpu/cpu2/topology/core_id
[20Sep2025 22:15:01.319] [main/DEBUG] [oshi.util.FileUtil/]: Reading file /sys/devices/system/cpu/cpu2/topology/physical_package_id
[20Sep2025 22:15:01.319] [main/DEBUG] [oshi.util.FileUtil/]: Reading file /sys/devices/system/cpu/cpu2/topology/physical_package_id
[20Sep2025 22:15:01.319] [main/DEBUG] [oshi.util.FileUtil/]: Reading file /sys/devices/system/cpu/cpu2/cpu_capacity
[20Sep2025 22:15:01.320] [main/DEBUG] [oshi.util.FileUtil/]: Reading file /sys/devices/system/cpu/cpu3/topology/core_id
[20Sep2025 22:15:01.320] [main/DEBUG] [oshi.util.FileUtil/]: Reading file /sys/devices/system/cpu/cpu3/topology/core_id
[20Sep2025 22:15:01.320] [main/DEBUG] [oshi.util.FileUtil/]: Reading file /sys/devices/system/cpu/cpu3/topology/physical_package_id
[20Sep2025 22:15:01.321] [main/DEBUG] [oshi.util.FileUtil/]: Reading file /sys/devices/system/cpu/cpu3/topology/physical_package_id
[20Sep2025 22:15:01.321] [main/DEBUG] [oshi.util.FileUtil/]: Reading file /sys/devices/system/cpu/cpu3/cpu_capacity
[20Sep2025 22:15:01.323] [main/DEBUG] [oshi.util.FileUtil/]: Reading file /proc/cpuinfo
[20Sep2025 22:15:01.331] [main/DEBUG] [oshi.util.FileUtil/]: Reading file /proc/self/auxv
[20Sep2025 22:15:01.334] [main/DEBUG] [oshi.util.FileUtil/]: No oshi.architecture.properties file found from ClassLoader cpw.mods.modlauncher.TransformingClassLoader@62b93086
[20Sep2025 22:15:01.334] [main/DEBUG] [oshi.util.FileUtil/]: No oshi.architecture.properties file found from ClassLoader jdk.internal.loader.ClassLoaders$AppClassLoader@76ed5528
[20Sep2025 22:15:01.352] [main/DEBUG] [oshi.util.FileUtil/]: Reading file /proc/meminfo
[20Sep2025 22:15:01.353] [main/DEBUG] [oshi.util.FileUtil/]: Reading file /proc/meminfo
[20Sep2025 22:15:01.556] [main/DEBUG] [mixin/]: Mixing EntityMixin from moreplayermodels.mixins.json into net.minecraft.world.entity.Entity
[20Sep2025 22:15:01.563] [main/DEBUG] [mixin/]: moreplayermodels.mixins.json:EntityMixin: Class version 61 required is higher than the class version supported by the current version of Mixin (JAVA_8 supports class version 52)
[20Sep2025 22:15:01.583] [main/DEBUG] [mixin/]: Mixing EntityAccessor from refurbished_furniture.common.mixins.json into net.minecraft.world.entity.Entity
[20Sep2025 22:15:01.583] [main/DEBUG] [mixin/]: Mixing EntityMixin from refurbished_furniture.common.mixins.json into net.minecraft.world.entity.Entity
[20Sep2025 22:15:01.749] [main/DEBUG] [mixin/]: Mixing LivingEntityMixin from moreplayermodels.mixins.json into net.minecraft.world.entity.LivingEntity
[20Sep2025 22:15:01.749] [main/DEBUG] [mixin/]: moreplayermodels.mixins.json:LivingEntityMixin: Class version 61 required is higher than the class version supported by the current version of Mixin (JAVA_8 supports class version 52)
[20Sep2025 22:15:01.750] [main/DEBUG] [mixin/]: Mixing LivingEntityMixin from refurbished_furniture.common.mixins.json into net.minecraft.world.entity.LivingEntity
[20Sep2025 22:15:01.863] [main/DEBUG] [mixin/]: Mixing LevelMixin from refurbished_furniture.common.mixins.json into net.minecraft.world.level.Level
[20Sep2025 22:15:01.948] [main/DEBUG] [mixin/]: Mixing ServerLevelMixin from refurbished_furniture.common.mixins.json into net.minecraft.server.level.ServerLevel
[20Sep2025 22:15:02.054] [main/DEBUG] [net.minecraftforge.coremod.transformer.CoreModBaseTransformer/COREMOD]: Transforming net/minecraft/world/entity/EntityType
[20Sep2025 22:15:02.650] [main/DEBUG] [net.minecraftforge.coremod.transformer.CoreModBaseTransformer/COREMOD]: Transforming net/minecraft/world/level/block/LiquidBlock
[20Sep2025 22:15:02.700] [main/DEBUG] [net.minecraftforge.coremod.transformer.CoreModBaseTransformer/COREMOD]: Transforming net/minecraft/world/level/block/StairBlock
[20Sep2025 22:15:02.804] [main/DEBUG] [net.minecraftforge.coremod.transformer.CoreModBaseTransformer/COREMOD]: Transforming net/minecraft/world/level/block/FlowerPotBlock
[20Sep2025 22:15:03.100] [main/DEBUG] [mixin/]: Mixing BlockEntityMixin from refurbished_furniture.common.mixins.json into net.minecraft.world.level.block.entity.BlockEntity
[20Sep2025 22:15:03.862] [main/DEBUG] [net.minecraftforge.coremod.transformer.CoreModBaseTransformer/COREMOD]: Transforming net/minecraft/world/item/ItemStack
[20Sep2025 22:15:04.617] [main/DEBUG] [net.minecraftforge.coremod.transformer.CoreModBaseTransformer/COREMOD]: Transforming net/minecraft/world/entity/animal/frog/Tadpole
[20Sep2025 22:15:04.667] [main/DEBUG] [net.minecraftforge.coremod.transformer.CoreModBaseTransformer/COREMOD]: Transforming net/minecraft/world/item/BucketItem
[20Sep2025 22:15:05.404] [main/DEBUG] [net.minecraftforge.coremod.transformer.CoreModBaseTransformer/COREMOD]: Transforming net/minecraft/world/entity/monster/Spider
[20Sep2025 22:15:05.461] [main/DEBUG] [net.minecraftforge.coremod.transformer.CoreModBaseTransformer/COREMOD]: Transforming net/minecraft/world/entity/monster/Zombie
[20Sep2025 22:15:05.549] [main/DEBUG] [net.minecraftforge.coremod.transformer.CoreModBaseTransformer/COREMOD]: Transforming net/minecraft/world/entity/monster/ZombieVillager
[20Sep2025 22:15:05.607] [main/DEBUG] [net.minecraftforge.coremod.transformer.CoreModBaseTransformer/COREMOD]: Transforming net/minecraft/world/entity/monster/Evoker$EvokerSummonSpellGoal
[20Sep2025 22:15:05.757] [main/DEBUG] [net.minecraftforge.coremod.transformer.CoreModBaseTransformer/COREMOD]: Transforming net/minecraft/world/entity/animal/horse/SkeletonTrapGoal
[20Sep2025 22:15:05.780] [main/DEBUG] [net.minecraftforge.coremod.transformer.CoreModBaseTransformer/COREMOD]: Transforming net/minecraft/world/entity/monster/Strider
[20Sep2025 22:15:05.881] [main/DEBUG] [mixin/]: Mixing LevelChunkMixin from refurbished_furniture.common.mixins.json into net.minecraft.world.level.chunk.LevelChunk
[20Sep2025 22:15:05.886] [main/WARN] [mixin/]: @Inject(@At("INVOKE_ASSIGN")) Shift.BY=2 on refurbished_furniture.common.mixins.json:LevelChunkMixin::handler$zzd000$refurbishedFurniture$AfterRemoveBlockEntity exceeds the maximum allowed value: 0. Increase the value of maxShiftBy to suppress this warning.
[20Sep2025 22:15:05.907] [main/DEBUG] [net.minecraftforge.coremod.transformer.CoreModBaseTransformer/COREMOD]: Transforming net/minecraft/world/entity/npc/Villager
[20Sep2025 22:15:06.006] [main/DEBUG] [net.minecraftforge.coremod.transformer.CoreModBaseTransformer/COREMOD]: Transforming net/minecraft/world/effect/MobEffectInstance
[20Sep2025 22:15:06.702] [main/DEBUG] [net.minecraftforge.coremod.transformer.CoreModBaseTransformer/COREMOD]: Transforming net/minecraft/world/level/levelgen/structure/Structure
[20Sep2025 22:15:06.744] [main/DEBUG] [net.minecraftforge.coremod.transformer.CoreModBaseTransformer/COREMOD]: Transforming net/minecraft/world/level/levelgen/structure/structures/OceanRuinPieces$OceanRuinPiece
[20Sep2025 22:15:06.758] [main/DEBUG] [net.minecraftforge.coremod.transformer.CoreModBaseTransformer/COREMOD]: Transforming net/minecraft/world/level/levelgen/structure/structures/SwampHutPiece
[20Sep2025 22:15:06.772] [main/DEBUG] [net.minecraftforge.coremod.transformer.CoreModBaseTransformer/COREMOD]: Transforming net/minecraft/world/level/levelgen/structure/structures/OceanMonumentPieces$OceanMonumentPiece
[20Sep2025 22:15:06.797] [main/DEBUG] [net.minecraftforge.coremod.transformer.CoreModBaseTransformer/COREMOD]: Transforming net/minecraft/world/level/levelgen/structure/structures/WoodlandMansionPieces$WoodlandMansionPiece
[20Sep2025 22:15:06.907] [main/DEBUG] [net.minecraftforge.coremod.transformer.CoreModBaseTransformer/COREMOD]: Transforming net/minecraft/world/level/biome/Biome
[20Sep2025 22:15:07.081] [main/DEBUG] [net.minecraftforge.coremod.transformer.CoreModBaseTransformer/COREMOD]: Transforming net/minecraft/server/packs/resources/ResourceManager
[20Sep2025 22:15:07.150] [main/DEBUG] [net.minecraftforge.common.ForgeI18n/CORE]: Loading I18N data entries: 6430
[20Sep2025 22:15:07.164] [main/DEBUG] [net.minecraftforge.fml.ModWorkManager/LOADING]: Using 4 threads for parallel mod-loading
[20Sep2025 22:15:07.170] [main/DEBUG] [net.minecraftforge.fml.javafmlmod.FMLJavaModLanguageProvider/LOADING]: Loading FMLModContainer from classloader cpw.mods.modlauncher.TransformingClassLoader@62b93086 - got cpw.mods.cl.ModuleClassLoader@4925f4f5
[20Sep2025 22:15:07.170] [main/DEBUG] [net.minecraftforge.fml.javafmlmod.FMLModContainer/LOADING]: Creating FMLModContainer instance for de.markusbordihn.easynpc.EasyNPC
[20Sep2025 22:15:07.174] [main/DEBUG] [net.minecraftforge.fml.javafmlmod.FMLJavaModLanguageProvider/LOADING]: Loading FMLModContainer from classloader cpw.mods.modlauncher.TransformingClassLoader@62b93086 - got cpw.mods.cl.ModuleClassLoader@4925f4f5
[20Sep2025 22:15:07.174] [main/DEBUG] [net.minecraftforge.fml.javafmlmod.FMLModContainer/LOADING]: Creating FMLModContainer instance for com.mrcrayfish.framework.FrameworkForge
[20Sep2025 22:15:07.175] [main/DEBUG] [net.minecraftforge.fml.javafmlmod.FMLJavaModLanguageProvider/LOADING]: Loading FMLModContainer from classloader cpw.mods.modlauncher.TransformingClassLoader@62b93086 - got cpw.mods.cl.ModuleClassLoader@4925f4f5
[20Sep2025 22:15:07.175] [main/DEBUG] [net.minecraftforge.fml.javafmlmod.FMLModContainer/LOADING]: Creating FMLModContainer instance for net.minecraftforge.common.ForgeMod
[20Sep2025 22:15:07.177] [main/DEBUG] [net.minecraftforge.fml.javafmlmod.FMLJavaModLanguageProvider/LOADING]: Loading FMLModContainer from classloader cpw.mods.modlauncher.TransformingClassLoader@62b93086 - got cpw.mods.cl.ModuleClassLoader@4925f4f5
[20Sep2025 22:15:07.177] [main/DEBUG] [net.minecraftforge.fml.javafmlmod.FMLModContainer/LOADING]: Creating FMLModContainer instance for com.sk89q.worldedit.forge.ForgeWorldEdit
[20Sep2025 22:15:07.178] [main/DEBUG] [net.minecraftforge.fml.javafmlmod.FMLJavaModLanguageProvider/LOADING]: Loading FMLModContainer from classloader cpw.mods.modlauncher.TransformingClassLoader@62b93086 - got cpw.mods.cl.ModuleClassLoader@4925f4f5
[20Sep2025 22:15:07.178] [main/DEBUG] [net.minecraftforge.fml.javafmlmod.FMLModContainer/LOADING]: Creating FMLModContainer instance for noppes.mpm.MorePlayerModels
[20Sep2025 22:15:07.179] [main/DEBUG] [net.minecraftforge.fml.javafmlmod.FMLJavaModLanguageProvider/LOADING]: Loading FMLModContainer from classloader cpw.mods.modlauncher.TransformingClassLoader@62b93086 - got cpw.mods.cl.ModuleClassLoader@4925f4f5
[20Sep2025 22:15:07.179] [main/DEBUG] [net.minecraftforge.fml.javafmlmod.FMLModContainer/LOADING]: Creating FMLModContainer instance for customskinloader.forge.ForgeMod
[20Sep2025 22:15:07.179] [main/DEBUG] [net.minecraftforge.fml.javafmlmod.FMLJavaModLanguageProvider/LOADING]: Loading FMLModContainer from classloader cpw.mods.modlauncher.TransformingClassLoader@62b93086 - got cpw.mods.cl.ModuleClassLoader@4925f4f5
[20Sep2025 22:15:07.179] [main/DEBUG] [net.minecraftforge.fml.javafmlmod.FMLModContainer/LOADING]: Creating FMLModContainer instance for com.mrcrayfish.furniture.refurbished.FurnitureMod
[20Sep2025 22:15:07.194] [modloading-worker-0/INFO] [Easy NPC/]: Initializing Easy NPC (Forge) ...
[20Sep2025 22:15:07.198] [modloading-worker-0/INFO] [Easy NPC/]: 🗣 Register Easy NPC Debug Manager ...
[20Sep2025 22:15:07.199] [modloading-worker-0/WARN] [Easy NPC/]: [Debug Manager] Detected debug log level for Easy NPC with ALL!
[20Sep2025 22:15:07.200] [modloading-worker-0/WARN] [Easy NPC/]: [Debug Manager] Adjusting log level for Easy NPC from ALL to INFO, for performance reasons!
[20Sep2025 22:15:07.200] [modloading-worker-0/INFO] [Easy NPC/]: [Debug Manager] Add new logger config for Easy NPC with level INFO ...
[20Sep2025 22:15:07.211] [modloading-worker-0/INFO] [Easy NPC/]: 🗣 Register Easy NPC Constants ...
[20Sep2025 22:15:07.212] [modloading-worker-0/INFO] [Easy NPC/]: 🗣 Register Easy NPC Configuration ...
[20Sep2025 22:15:07.221] [modloading-worker-0/INFO] [Easy NPC/]: [Config] Updated configuration path to /workspaces/mundoH-qzt/servidor_minecraft/config/easy_npc
[20Sep2025 22:15:07.221] [modloading-worker-0/INFO] [Easy NPC/]: [Config] Registering common configuration ...
[20Sep2025 22:15:07.225] [modloading-worker-0/DEBUG] [net.minecraftforge.versions.forge.ForgeVersion/CORE]: Forge Version package package net.minecraftforge.versions.forge, Forge, version 47.3 from cpw.mods.modlauncher.TransformingClassLoader@62b93086
[20Sep2025 22:15:07.225] [modloading-worker-0/DEBUG] [net.minecraftforge.versions.forge.ForgeVersion/CORE]: Found Forge version 47.3.7
[20Sep2025 22:15:07.225] [modloading-worker-0/DEBUG] [net.minecraftforge.versions.forge.ForgeVersion/CORE]: Found Forge spec 47.3
[20Sep2025 22:15:07.226] [modloading-worker-0/DEBUG] [net.minecraftforge.versions.forge.ForgeVersion/CORE]: Found Forge group net.minecraftforge
[20Sep2025 22:15:07.226] [modloading-worker-0/DEBUG] [net.minecraftforge.versions.mcp.MCPVersion/CORE]: MCP Version package package net.minecraftforge.versions.mcp, Minecraft, version 1.20.1 from cpw.mods.modlauncher.TransformingClassLoader@62b93086
[20Sep2025 22:15:07.227] [modloading-worker-0/DEBUG] [net.minecraftforge.versions.mcp.MCPVersion/CORE]: Found MC version information 1.20.1
[20Sep2025 22:15:07.227] [modloading-worker-0/DEBUG] [net.minecraftforge.versions.mcp.MCPVersion/CORE]: Found MCP version information 20230612.114412
[20Sep2025 22:15:07.227] [modloading-worker-0/INFO] [net.minecraftforge.common.ForgeMod/FORGEMOD]: Forge mod loading, version 47.3.7, for MC 1.20.1 with MCP 20230612.114412
[20Sep2025 22:15:07.230] [modloading-worker-0/DEBUG] [Framework/]: Loaded com.mrcrayfish.framework.platform.ForgePlatformHelper@2764d35a for service interface com.mrcrayfish.framework.platform.services.IPlatformHelper
[20Sep2025 22:15:07.232] [modloading-worker-0/DEBUG] [Framework/]: Loaded com.mrcrayfish.framework.platform.ForgeNetworkHelper@5e1d707d for service interface com.mrcrayfish.framework.platform.services.INetworkHelper
[20Sep2025 22:15:07.231] [modloading-worker-0/INFO] [net.minecraftforge.common.MinecraftForge/FORGE]: MinecraftForge v47.3.7 Initialized
[20Sep2025 22:15:07.233] [modloading-worker-0/DEBUG] [Framework/]: Loaded com.mrcrayfish.framework.platform.ForgeRegistrationHelper@6e06e51a for service interface com.mrcrayfish.framework.platform.services.IRegistrationHelper
[20Sep2025 22:15:07.237] [modloading-worker-0/DEBUG] [Framework/]: Loaded com.mrcrayfish.framework.platform.ForgeEntityHelper@59187ead for service interface com.mrcrayfish.framework.platform.services.IEntityHelper
[20Sep2025 22:15:07.240] [modloading-worker-0/DEBUG] [Framework/]: Loaded com.mrcrayfish.framework.platform.ForgeItemHelper@2b6ca09d for service interface com.mrcrayfish.framework.platform.services.IItemHelper
[20Sep2025 22:15:07.244] [modloading-worker-0/DEBUG] [Framework/]: Loaded com.mrcrayfish.framework.platform.ForgeConfigHelper@4849cdae for service interface com.mrcrayfish.framework.platform.services.IConfigHelper
[20Sep2025 22:15:07.233] [modloading-worker-0/INFO] [Easy NPC/]: [Config] Render Entity Type Support Configuration

 Please note that this configuration file only includes confirmed entity types.
 If an entity type is not listed here, it doesn't mean it's automatically supported or unsupported!
 is up to date: {minecraft:giant=true, dannys_expansion:mundane_slime=false, botania:pool_minecart=false, botania:ender_air=false, minecraft:end_crystal=false, simple_mobs:rumble=false, minecraft:experience_bottle=false, minecraft:glow_squid=true, minecraft:trader_llama=true, orcz:decaystrikecustom=false, simple_mobs:staff_usage=false, minecraft:horse=true, the_bumblezone:purple_spike_entity=false, minecraft:llama=true, minecraft:husk=true, minecraft:cave_spider=true, minecraft:enderman=true, minecraft:dolphin=true, frostiful:freezing_wind=false, minecraft:shulker_bullet=false, simple_mobs:projecttest=false, minecraft:donkey=true, minecraft:area_effect_cloud=false, minecraft:ghast=false, frostiful:packed_snowball=false, twigs:pebble=false, handcrafted:fancy_painting=false, moretotems:summoned_zombie=false, minecraft:piglin_brute=true, minecraft:creeper=true, minecraft:glow_item_frame=false, minecraft:bee=true, botania:mana_storm=false, minecraft:illusioner=true, minecraft:player=false, minecraft:wither_skull=false, minecraft:mooshroom=true, smallships:galley=false, create:stationary_contraption=false, minecraft:eye_of_ender=false, minecraft:villager=true, ad_astra:tier_1_rocket=false, botania:magic_landmine=false, minecraft:stray=true, smallships:cog=false, minecraft:falling_block=false, minecraft:drowned=true, minecraft:axolotl=true, botania:doppleganger=false, botania:flame_ring=false, botania:ender_air_bottle=false, minecraft:tnt=false, ae2:tiny_tnt_primed=false, botania:magic_missile=false, create:crafting_blueprint=false, create:contraption=false, minecraft:strider=true, smallships:brigg=false, minecraft:guardian=true, minecraft:parrot=true, minecraft:arrow=false, lootr:lootr_minecart=false, the_bumblezone:pollen_puff=false, minecraft:chest_minecart=false, minecraft:wither=true, minecraft:ender_pearl=false, create:super_glue=false, minecraft:wandering_trader=true, handcrafted:seat=false, simple_mobs:dragon_smoke=false, minecraft:wither_skeleton=true, botania:thorn_chakram=false, minecraft:iron_golem=true, botania:pixie=false, dummmmmmy:target_dummy=false, minecraft:elder_guardian=true, graveyard:skull=false, minecraft:mule=true, the_bumblezone:bee_stinger=false, the_bumblezone:thrown_stinger_spear=false, minecraft:armor_stand=false, aquamirae:pillagers_patrol=false, minecraft:vindicator=true, botania:mana_burst=false, minecraft:evoker=true, minecraft:slime=false, minecraft:leash_knot=false, botania:babylon_weapon=false, minecraft:pufferfish=true, terraform:boat=false, swampier_swamps:swamp_gas=false, minecraft:experience_orb=false, ad_astra:tier_3_rocket=false, minecraft:fox=true, botania:thrown_item=false, the_bumblezone:cosmic_crystal_entity=false, graveyard:ghouling=false, botania:player_mover=false, minecraft:silverfish=true, minecraft:endermite=true, minecraft:firework_rocket=false, minecraft:chicken=true, minecraft:zombie=true, the_bumblezone:sentry_watcher=false, minecraft:spawner_minecart=false, botania:spark=false, botania:falling_star=false, minecraft:hoglin=true, minecraft:boat=false, minecraft:trident=false, friendsandfoes:player_illusion=false, minecraft:polar_bear=true, minecraft:phantom=false, ad_astra:tier_4_rocket=false, minecraft:zombified_piglin=true, minecraft:witch=true, ad_astra:tier_2_rocket=false, minecraft:pig=true, minecraft:turtle=true, moretotems:summoned_bee=false, minecraft:sheep=true, minecraft:ender_dragon=false, minecraft:goat=true, minecraft:item_frame=false, create:carriage_contraption=false, minecraft:vex=true, minecraft:minecart=false, minecraft:item=false, minecraft:dragon_fireball=false, minecraft:cod=true, minecraft:skeleton=true, ad_astra:space_painting=false, create:seat=false, simple_mobs:staff_interact=false, minecraft:ravager=true, minecraft:squid=true, minecraft:skeleton_horse=true, minecraft:cow=true, minecraft:potion=false, ad_astra:lander=false, minecraft:salmon=true, minecraft:snow_golem=true, minecraft:shulker=true, friendsandfoes:ice_chunk=false, minecraft:hopper_minecart=false, the_bumblezone:honey_crystal_shard=false, simple_mobs:lightning_spear=false, minecraft:rabbit=true, minecraft:painting=false, minecraft:pillager=true, the_bumblezone:electric_ring_entity=false, minecraft:zoglin=true, minecraft:lightning_bolt=false, frostiful:frost_spell=false, minecraft:fishing_bobber=false, minecraft:tnt_minecart=false, simple_mobs:ground_spike=false, minecraft:command_block_minecart=false, minecraft:bat=false, the_bumblezone:dirt_pellet=false, minecraft:fireball=false, minecraft:llama_spit=false, minecraft:furnace_minecart=false, minecraft:evoker_fangs=false, minecraft:piglin=true, minecraft:snowball=false, minecraft:spectral_arrow=false, orcz:wither_strikeringcustom=false, simple_mobs:elemental_chain=false, minecraft:blaze=true, ad_astra:ice_spit=false, techreborn:nuke=false, minecraft:egg=false, minecraft:zombie_horse=true, minecraft:magma_cube=false, minecraft:small_fireball=false, frostiful:thrown_icicle=false, minecraft:spider=true, ad_astra:tier_1_rover=false, minecraft:marker=false, majruszsdifficulty:cursed_armor=false, minecraft:text_display=false, farmersdelight:rotten_tomato=false, minecraft:cat=true, armourers_workshop:mannequin=false, create:gantry_contraption=false, minecraft:tropical_fish=true, botania:corporea_spark=false, minecraft:ocelot=true, minecraft:wolf=true, minecraft:panda=true, minecraft:zombie_villager=true}
[20Sep2025 22:15:07.244] [modloading-worker-0/INFO] [Easy NPC/]: [Config] Registering server configuration ...
[20Sep2025 22:15:07.244] [modloading-worker-0/INFO] [Easy NPC/]: 🗣 Register Easy NPC Common Data Files ...
[20Sep2025 22:15:07.247] [modloading-worker-0/INFO] [Easy NPC/]: 🗣 Register Easy NPC Common data folders ...
[20Sep2025 22:15:07.249] [modloading-worker-0/INFO] [Easy NPC/]: 🗣 Register Easy NPC Entity Data Serializers ...
[20Sep2025 22:15:07.308] [modloading-worker-0/DEBUG] [net.minecraftforge.fml.javafmlmod.AutomaticEventSubscriber/LOADING]: Attempting to inject @EventBusSubscriber classes into the eventbus for worldedit
[20Sep2025 22:15:07.350] [modloading-worker-0/DEBUG] [MrCrayfish's Furniture Mod: Refurbished/]: Loaded com.mrcrayfish.furniture.refurbished.platform.ForgePlatformHelper@7cb5bc18 for service interface com.mrcrayfish.furniture.refurbished.platform.services.IPlatformHelper
[20Sep2025 22:15:07.363] [modloading-worker-0/DEBUG] [MrCrayfish's Furniture Mod: Refurbished/]: Loaded com.mrcrayfish.furniture.refurbished.platform.ForgeBlockHelper@16c5f327 for service interface com.mrcrayfish.furniture.refurbished.platform.services.IBlockHelper
[20Sep2025 22:15:07.374] [modloading-worker-0/DEBUG] [net.minecraftforge.fml.javafmlmod.AutomaticEventSubscriber/LOADING]: Attempting to inject @EventBusSubscriber classes into the eventbus for moreplayermodels
[20Sep2025 22:15:07.397] [modloading-worker-0/DEBUG] [net.minecraftforge.fml.javafmlmod.AutomaticEventSubscriber/LOADING]: Attempting to inject @EventBusSubscriber classes into the eventbus for customskinloader
[20Sep2025 22:15:07.414] [modloading-worker-0/DEBUG] [io.netty.util.internal.PlatformDependent0/]: -Dio.netty.noUnsafe: false
[20Sep2025 22:15:07.417] [modloading-worker-0/DEBUG] [io.netty.util.internal.PlatformDependent0/]: Java version: 17
[20Sep2025 22:15:07.418] [modloading-worker-0/DEBUG] [io.netty.util.internal.PlatformDependent0/]: sun.misc.Unsafe.theUnsafe: available
[20Sep2025 22:15:07.419] [modloading-worker-0/DEBUG] [io.netty.util.internal.PlatformDependent0/]: sun.misc.Unsafe.copyMemory: available
[20Sep2025 22:15:07.419] [modloading-worker-0/DEBUG] [io.netty.util.internal.PlatformDependent0/]: sun.misc.Unsafe.storeFence: available
[20Sep2025 22:15:07.420] [modloading-worker-0/DEBUG] [io.netty.util.internal.PlatformDependent0/]: java.nio.Buffer.address: available
[20Sep2025 22:15:07.420] [modloading-worker-0/DEBUG] [io.netty.util.internal.PlatformDependent0/]: direct buffer constructor: unavailable
java.lang.UnsupportedOperationException: Reflective setAccessible(true) disabled
	at io.netty.util.internal.ReflectionUtil.trySetAccessible(ReflectionUtil.java:31) ~[netty-common-4.1.82.Final.jar%2382!/:4.1.82.Final]
	at io.netty.util.internal.PlatformDependent0$5.run(PlatformDependent0.java:288) ~[netty-common-4.1.82.Final.jar%2382!/:4.1.82.Final]
	at java.security.AccessController.doPrivileged(AccessController.java:318) ~[?:?]
	at io.netty.util.internal.PlatformDependent0.<clinit>(PlatformDependent0.java:282) ~[netty-common-4.1.82.Final.jar%2382!/:4.1.82.Final]
	at io.netty.util.internal.PlatformDependent.isAndroid(PlatformDependent.java:333) ~[netty-common-4.1.82.Final.jar%2382!/:4.1.82.Final]
	at io.netty.util.internal.PlatformDependent.<clinit>(PlatformDependent.java:88) ~[netty-common-4.1.82.Final.jar%2382!/:4.1.82.Final]
	at io.netty.util.ConstantPool.<init>(ConstantPool.java:34) ~[netty-common-4.1.82.Final.jar%2382!/:4.1.82.Final]
	at io.netty.util.AttributeKey$1.<init>(AttributeKey.java:27) ~[netty-common-4.1.82.Final.jar%2382!/:4.1.82.Final]
	at io.netty.util.AttributeKey.<clinit>(AttributeKey.java:27) ~[netty-common-4.1.82.Final.jar%2382!/:4.1.82.Final]
	at net.minecraftforge.network.NetworkConstants.<clinit>(NetworkConstants.java:34) ~[forge-1.20.1-47.3.7-universal.jar%23118!/:?]
	at net.minecraftforge.common.ForgeMod.<init>(ForgeMod.java:429) ~[forge-1.20.1-47.3.7-universal.jar%23118!/:?]
	at jdk.internal.reflect.NativeConstructorAccessorImpl.newInstance0(Native Method) ~[?:?]
	at jdk.internal.reflect.NativeConstructorAccessorImpl.newInstance(NativeConstructorAccessorImpl.java:77) ~[?:?]
	at jdk.internal.reflect.DelegatingConstructorAccessorImpl.newInstance(DelegatingConstructorAccessorImpl.java:45) ~[?:?]
	at java.lang.reflect.Constructor.newInstanceWithCaller(Constructor.java:500) ~[?:?]
	at java.lang.reflect.Constructor.newInstance(Constructor.java:481) ~[?:?]
	at net.minecraftforge.fml.javafmlmod.FMLModContainer.constructMod(FMLModContainer.java:70) ~[javafmllanguage-1.20.1-47.3.7.jar%23115!/:?]
	at net.minecraftforge.fml.ModContainer.lambda$buildTransitionHandler$4(ModContainer.java:124) ~[fmlcore-1.20.1-47.3.7.jar%23114!/:?]
	at java.util.concurrent.CompletableFuture$AsyncRun.run(CompletableFuture.java:1804) ~[?:?]
	at java.util.concurrent.CompletableFuture$AsyncRun.exec(CompletableFuture.java:1796) ~[?:?]
	at java.util.concurrent.ForkJoinTask.doExec(ForkJoinTask.java:373) ~[?:?]
	at java.util.concurrent.ForkJoinPool$WorkQueue.topLevelExec(ForkJoinPool.java:1182) ~[?:?]
	at java.util.concurrent.ForkJoinPool.scan(ForkJoinPool.java:1655) ~[?:?]
	at java.util.concurrent.ForkJoinPool.runWorker(ForkJoinPool.java:1622) ~[?:?]
	at java.util.concurrent.ForkJoinWorkerThread.run(ForkJoinWorkerThread.java:165) ~[?:?]
[20Sep2025 22:15:07.421] [modloading-worker-0/INFO] [Easy NPC/]: Registered entity data serializer ActionEventSet with id 28
[20Sep2025 22:15:07.421] [modloading-worker-0/DEBUG] [io.netty.util.internal.PlatformDependent0/]: java.nio.Bits.unaligned: available, true
[20Sep2025 22:15:07.421] [modloading-worker-0/INFO] [Easy NPC/]: Registered entity data serializer CustomAttributes with id 29
[20Sep2025 22:15:07.422] [modloading-worker-0/INFO] [Easy NPC/]: Registered entity data serializer DialogDataSet with id 30
[20Sep2025 22:15:07.422] [modloading-worker-0/DEBUG] [MrCrayfish's Furniture Mod: Refurbished/]: Loaded com.mrcrayfish.furniture.refurbished.platform.ForgeBlockEntityHelper@2f3e2413 for service interface com.mrcrayfish.furniture.refurbished.platform.services.IBlockEntityHelper
[20Sep2025 22:15:07.422] [modloading-worker-0/INFO] [Easy NPC/]: Registered entity data serializer DisplayAttributeSet with id 31
[20Sep2025 22:15:07.422] [modloading-worker-0/DEBUG] [MrCrayfish's Furniture Mod: Refurbished/]: Loaded com.mrcrayfish.furniture.refurbished.platform.ForgeItemHelper@d9c42bf for service interface com.mrcrayfish.furniture.refurbished.platform.services.IItemHelper
[20Sep2025 22:15:07.423] [modloading-worker-0/DEBUG] [MrCrayfish's Furniture Mod: Refurbished/]: Loaded com.mrcrayfish.furniture.refurbished.platform.ForgeEntityHelper@3a083144 for service interface com.mrcrayfish.furniture.refurbished.platform.services.IEntityHelper
[20Sep2025 22:15:07.424] [modloading-worker-0/DEBUG] [MrCrayfish's Furniture Mod: Refurbished/]: Loaded com.mrcrayfish.furniture.refurbished.platform.ForgeRecipeHelper@78f8823e for service interface com.mrcrayfish.furniture.refurbished.platform.services.IRecipeHelper
[20Sep2025 22:15:07.425] [modloading-worker-0/INFO] [Easy NPC/]: Registered entity data serializer EntityAttributes with id 32
[20Sep2025 22:15:07.425] [modloading-worker-0/INFO] [Easy NPC/]: Registered entity data serializer MerchantOffers with id 33
[20Sep2025 22:15:07.426] [modloading-worker-0/INFO] [Easy NPC/]: Registered entity data serializer ModelPose with id 34
[20Sep2025 22:15:07.426] [modloading-worker-0/INFO] [Easy NPC/]: Registered entity data serializer ObjectiveDataSet with id 35
[20Sep2025 22:15:07.426] [modloading-worker-0/INFO] [Easy NPC/]: Registered entity data serializer CustomPosition with id 36
[20Sep2025 22:15:07.426] [modloading-worker-0/INFO] [Easy NPC/]: Registered entity data serializer Profession with id 37
[20Sep2025 22:15:07.427] [modloading-worker-0/INFO] [Easy NPC/]: Registered entity data serializer RenderDataSet with id 38
[20Sep2025 22:15:07.427] [modloading-worker-0/INFO] [Easy NPC/]: Registered entity data serializer CustomRotation with id 39
[20Sep2025 22:15:07.427] [modloading-worker-0/INFO] [Easy NPC/]: Registered entity data serializer CustomScale with id 40
[20Sep2025 22:15:07.428] [modloading-worker-0/INFO] [Easy NPC/]: Registered entity data serializer SkinDataEntry with id 41
[20Sep2025 22:15:07.428] [modloading-worker-0/INFO] [Easy NPC/]: Registered entity data serializer SoundDataSet with id 42
[20Sep2025 22:15:07.428] [modloading-worker-0/INFO] [Easy NPC/]: Registered entity data serializer HashSet:UUID with id 43
[20Sep2025 22:15:07.428] [modloading-worker-0/DEBUG] [io.netty.util.internal.PlatformDependent0/]: jdk.internal.misc.Unsafe.allocateUninitializedArray(int): unavailable
java.lang.IllegalAccessException: class io.netty.util.internal.PlatformDependent0$7 (in module io.netty.common) cannot access class jdk.internal.misc.Unsafe (in module java.base) because module java.base does not export jdk.internal.misc to module io.netty.common
	at jdk.internal.reflect.Reflection.newIllegalAccessException(Reflection.java:392) ~[?:?]
	at java.lang.reflect.AccessibleObject.checkAccess(AccessibleObject.java:674) ~[?:?]
	at java.lang.reflect.Method.invoke(Method.java:561) ~[?:?]
	at io.netty.util.internal.PlatformDependent0$7.run(PlatformDependent0.java:410) ~[netty-common-4.1.82.Final.jar%2382!/:4.1.82.Final]
	at java.security.AccessController.doPrivileged(AccessController.java:318) ~[?:?]
	at io.netty.util.internal.PlatformDependent0.<clinit>(PlatformDependent0.java:401) ~[netty-common-4.1.82.Final.jar%2382!/:4.1.82.Final]
	at io.netty.util.internal.PlatformDependent.isAndroid(PlatformDependent.java:333) ~[netty-common-4.1.82.Final.jar%2382!/:4.1.82.Final]
	at io.netty.util.internal.PlatformDependent.<clinit>(PlatformDependent.java:88) ~[netty-common-4.1.82.Final.jar%2382!/:4.1.82.Final]
	at io.netty.util.ConstantPool.<init>(ConstantPool.java:34) ~[netty-common-4.1.82.Final.jar%2382!/:4.1.82.Final]
	at io.netty.util.AttributeKey$1.<init>(AttributeKey.java:27) ~[netty-common-4.1.82.Final.jar%2382!/:4.1.82.Final]
	at io.netty.util.AttributeKey.<clinit>(AttributeKey.java:27) ~[netty-common-4.1.82.Final.jar%2382!/:4.1.82.Final]
	at net.minecraftforge.network.NetworkConstants.<clinit>(NetworkConstants.java:34) ~[forge-1.20.1-47.3.7-universal.jar%23118!/:?]
	at net.minecraftforge.common.ForgeMod.<init>(ForgeMod.java:429) ~[forge-1.20.1-47.3.7-universal.jar%23118!/:?]
	at jdk.internal.reflect.NativeConstructorAccessorImpl.newInstance0(Native Method) ~[?:?]
	at jdk.internal.reflect.NativeConstructorAccessorImpl.newInstance(NativeConstructorAccessorImpl.java:77) ~[?:?]
	at jdk.internal.reflect.DelegatingConstructorAccessorImpl.newInstance(DelegatingConstructorAccessorImpl.java:45) ~[?:?]
	at java.lang.reflect.Constructor.newInstanceWithCaller(Constructor.java:500) ~[?:?]
	at java.lang.reflect.Constructor.newInstance(Constructor.java:481) ~[?:?]
	at net.minecraftforge.fml.javafmlmod.FMLModContainer.constructMod(FMLModContainer.java:70) ~[javafmllanguage-1.20.1-47.3.7.jar%23115!/:?]
	at net.minecraftforge.fml.ModContainer.lambda$buildTransitionHandler$4(ModContainer.java:124) ~[fmlcore-1.20.1-47.3.7.jar%23114!/:?]
	at java.util.concurrent.CompletableFuture$AsyncRun.run(CompletableFuture.java:1804) ~[?:?]
	at java.util.concurrent.CompletableFuture$AsyncRun.exec(CompletableFuture.java:1796) ~[?:?]
	at java.util.concurrent.ForkJoinTask.doExec(ForkJoinTask.java:373) ~[?:?]
	at java.util.concurrent.ForkJoinPool$WorkQueue.topLevelExec(ForkJoinPool.java:1182) ~[?:?]
	at java.util.concurrent.ForkJoinPool.scan(ForkJoinPool.java:1655) ~[?:?]
	at java.util.concurrent.ForkJoinPool.runWorker(ForkJoinPool.java:1622) ~[?:?]
	at java.util.concurrent.ForkJoinWorkerThread.run(ForkJoinWorkerThread.java:165) ~[?:?]
[20Sep2025 22:15:07.428] [modloading-worker-0/INFO] [Easy NPC/]: Registered entity data serializer HashSet:String with id 44
[20Sep2025 22:15:07.429] [modloading-worker-0/INFO] [Easy NPC/]: Registered entity data serializer TradingDataSet with id 45
[20Sep2025 22:15:07.429] [modloading-worker-0/INFO] [Easy NPC/]: Registered entity data serializer UUID with id 46
[20Sep2025 22:15:07.429] [modloading-worker-0/INFO] [Easy NPC/]: 🗣 Register Easy NPC Compatibility Handler ...
[20Sep2025 22:15:07.431] [modloading-worker-0/DEBUG] [io.netty.util.internal.PlatformDependent0/]: java.nio.DirectByteBuffer.<init>(long, int): unavailable
[20Sep2025 22:15:07.431] [modloading-worker-0/DEBUG] [io.netty.util.internal.PlatformDependent/]: sun.misc.Unsafe: available
[20Sep2025 22:15:07.432] [modloading-worker-0/DEBUG] [io.netty.util.internal.PlatformDependent/]: maxDirectMemory: 4294967296 bytes (maybe)
[20Sep2025 22:15:07.432] [modloading-worker-0/DEBUG] [io.netty.util.internal.PlatformDependent/]: -Dio.netty.tmpdir: /tmp (java.io.tmpdir)
[20Sep2025 22:15:07.432] [modloading-worker-0/DEBUG] [io.netty.util.internal.PlatformDependent/]: -Dio.netty.bitMode: 64 (sun.arch.data.model)
[20Sep2025 22:15:07.433] [modloading-worker-0/DEBUG] [io.netty.util.internal.PlatformDependent/]: -Dio.netty.maxDirectMemory: -1 bytes
[20Sep2025 22:15:07.433] [modloading-worker-0/DEBUG] [io.netty.util.internal.PlatformDependent/]: -Dio.netty.uninitializedArrayAllocationThreshold: -1
[20Sep2025 22:15:07.434] [modloading-worker-0/INFO] [Easy NPC/]: 🗣 Register Easy NPC Compat Handler ...
[20Sep2025 22:15:07.435] [modloading-worker-0/DEBUG] [io.netty.util.internal.CleanerJava9/]: java.nio.ByteBuffer.cleaner(): available
[20Sep2025 22:15:07.435] [modloading-worker-0/DEBUG] [io.netty.util.internal.PlatformDependent/]: -Dio.netty.noPreferDirect: false
[20Sep2025 22:15:07.438] [modloading-worker-0/DEBUG] [MrCrayfish's Furniture Mod: Refurbished/]: Loaded com.mrcrayfish.furniture.refurbished.platform.ForgeFluidHelper@605b518e for service interface com.mrcrayfish.furniture.refurbished.platform.services.IFluidHelper
[20Sep2025 22:15:07.438] [modloading-worker-0/INFO] [Easy NPC/]: [Compat Manager] Epic Fight mod with id 'epicfight' loaded: false
[20Sep2025 22:15:07.441] [modloading-worker-0/INFO] [Easy NPC/]: [Compat Manager] Cobblemon mod with id 'cobblemon' loaded: false
[20Sep2025 22:15:07.442] [modloading-worker-0/INFO] [Easy NPC/]: 🗣 Register Easy NPC Command Argument Types ...
[20Sep2025 22:15:07.443] [modloading-worker-0/DEBUG] [MrCrayfish's Furniture Mod: Refurbished/]: Loaded com.mrcrayfish.furniture.refurbished.platform.ForgeTagHelper@f2e4255 for service interface com.mrcrayfish.furniture.refurbished.platform.services.ITagHelper
[20Sep2025 22:15:07.445] [modloading-worker-0/DEBUG] [net.minecraftforge.fml.javafmlmod.AutomaticEventSubscriber/LOADING]: Attempting to inject @EventBusSubscriber classes into the eventbus for refurbished_furniture
[20Sep2025 22:15:07.448] [modloading-worker-0/DEBUG] [net.minecraftforge.fml.javafmlmod.AutomaticEventSubscriber/LOADING]: Auto-subscribing com.mrcrayfish.furniture.refurbished.ForgeEvents to FORGE
[20Sep2025 22:15:07.451] [modloading-worker-0/INFO] [Easy NPC/]: 🗣 Register Easy NPC Entity Types ...
[20Sep2025 22:15:07.462] [modloading-worker-0/DEBUG] [MrCrayfish's Furniture Mod: Refurbished/]: Loaded com.mrcrayfish.furniture.refurbished.platform.ForgeMenuHelper@223aa6cc for service interface com.mrcrayfish.furniture.refurbished.platform.services.IMenuHelper
[20Sep2025 22:15:07.464] [modloading-worker-0/INFO] [Easy NPC/]: 🗣 Register Easy NPC Blocks ...
[20Sep2025 22:15:07.470] [modloading-worker-0/INFO] [Easy NPC/]: 🗣 Register Easy NPC Blocks Entity Types ...
[20Sep2025 22:15:07.473] [modloading-worker-0/INFO] [Easy NPC/]: 🗣 Register Easy NPC Items ...
[20Sep2025 22:15:07.489] [modloading-worker-0/DEBUG] [net.minecraftforge.common.ForgeMod/FORGEMOD]: Loading Network data for FML net version: FML3
[20Sep2025 22:15:07.487] [modloading-worker-0/INFO] [Easy NPC/]: 🗣 Register Easy NPC Menu Types ...
[20Sep2025 22:15:07.514] [modloading-worker-0/INFO] [Easy NPC/]: 🗣 Register Easy NPC Menu Handler ...
[20Sep2025 22:15:07.524] [modloading-worker-0/INFO] [Easy NPC/]: 🗣 Register Easy NPC Network Handler ...
[20Sep2025 22:15:07.530] [modloading-worker-0/INFO] [Easy NPC/]: Registering server network handler for Server -> Client messages.
[20Sep2025 22:15:07.534] [modloading-worker-0/INFO] [Easy NPC/]: 🗣 Register Easy NPC Client Network Message Handler ...
[20Sep2025 22:15:07.538] [modloading-worker-0/DEBUG] [net.minecraftforge.fml.javafmlmod.AutomaticEventSubscriber/LOADING]: Attempting to inject @EventBusSubscriber classes into the eventbus for easy_npc
[20Sep2025 22:15:07.538] [modloading-worker-0/DEBUG] [net.minecraftforge.fml.javafmlmod.AutomaticEventSubscriber/LOADING]: Auto-subscribing de.markusbordihn.easynpc.server.ServerEventHandler to FORGE
[20Sep2025 22:15:07.542] [modloading-worker-0/DEBUG] [net.minecraftforge.fml.javafmlmod.AutomaticEventSubscriber/LOADING]: Auto-subscribing de.markusbordihn.easynpc.entity.ModEntityType to MOD
[20Sep2025 22:15:07.545] [modloading-worker-0/DEBUG] [net.minecraftforge.fml.javafmlmod.AutomaticEventSubscriber/LOADING]: Auto-subscribing de.markusbordihn.easynpc.entity.LivingEntityEventHandler to FORGE
[20Sep2025 22:15:07.553] [modloading-worker-0/DEBUG] [net.minecraftforge.fml.javafmlmod.AutomaticEventSubscriber/LOADING]: Auto-subscribing de.markusbordihn.easynpc.commands.CommandsEventHandler to FORGE
[20Sep2025 22:15:07.561] [modloading-worker-0/DEBUG] [net.minecraftforge.fml.config.ConfigTracker/CONFIG]: Config file forge-client.toml for forge tracking
[20Sep2025 22:15:07.561] [modloading-worker-0/DEBUG] [net.minecraftforge.fml.config.ConfigTracker/CONFIG]: Config file forge-server.toml for forge tracking
[20Sep2025 22:15:07.561] [modloading-worker-0/DEBUG] [net.minecraftforge.fml.ModLoadingContext/]: Attempted to register an empty config for type COMMON on mod forge
[20Sep2025 22:15:07.604] [modloading-worker-0/DEBUG] [net.minecraftforge.fml.javafmlmod.AutomaticEventSubscriber/LOADING]: Attempting to inject @EventBusSubscriber classes into the eventbus for forge
[20Sep2025 22:15:07.604] [modloading-worker-0/DEBUG] [net.minecraftforge.fml.javafmlmod.AutomaticEventSubscriber/LOADING]: Auto-subscribing net.minecraftforge.common.ForgeSpawnEggItem$CommonHandler to MOD
[20Sep2025 22:15:07.772] [modloading-worker-0/DEBUG] [net.minecraftforge.fml.javafmlmod.AutomaticEventSubscriber/LOADING]: Attempting to inject @EventBusSubscriber classes into the eventbus for framework
[20Sep2025 22:15:07.772] [modloading-worker-0/DEBUG] [net.minecraftforge.fml.javafmlmod.AutomaticEventSubscriber/LOADING]: Auto-subscribing com.mrcrayfish.framework.entity.sync.ForgeSyncedEntityDataHandler to FORGE
[20Sep2025 22:15:07.827] [main/DEBUG] [net.minecraftforge.common.capabilities.CapabilityManager/CAPABILITIES]: Attempting to automatically register: Lnet/minecraftforge/energy/IEnergyStorage;
[20Sep2025 22:15:07.828] [main/DEBUG] [net.minecraftforge.common.capabilities.CapabilityManager/CAPABILITIES]: Attempting to automatically register: Lnet/minecraftforge/fluids/capability/IFluidHandler;
[20Sep2025 22:15:07.828] [main/DEBUG] [net.minecraftforge.common.capabilities.CapabilityManager/CAPABILITIES]: Attempting to automatically register: Lnet/minecraftforge/fluids/capability/IFluidHandlerItem;
[20Sep2025 22:15:07.828] [main/DEBUG] [net.minecraftforge.common.capabilities.CapabilityManager/CAPABILITIES]: Attempting to automatically register: Lnet/minecraftforge/items/IItemHandler;
[20Sep2025 22:15:08.463] [main/INFO] [Easy NPC/]: - Registering Synched Attack Data for EasyNPCBaseEntity.
[20Sep2025 22:15:08.464] [main/WARN] [net.minecraft.network.syncher.SynchedEntityData/]: defineId called for: class de.markusbordihn.easynpc.entity.EasyNPCBaseEntity from interface de.markusbordihn.easynpc.entity.easynpc.data.AttackData
[20Sep2025 22:15:08.465] [main/INFO] [Easy NPC/]: - Registering Synched Attribute Data for EasyNPCBaseEntity.
[20Sep2025 22:15:08.465] [main/WARN] [net.minecraft.network.syncher.SynchedEntityData/]: defineId called for: class de.markusbordihn.easynpc.entity.EasyNPCBaseEntity from interface de.markusbordihn.easynpc.entity.easynpc.data.AttributeData
[20Sep2025 22:15:08.465] [main/INFO] [Easy NPC/]: - Registering Synched Custom Attribute Data for EasyNPCBaseEntity.
[20Sep2025 22:15:08.466] [main/WARN] [net.minecraft.network.syncher.SynchedEntityData/]: defineId called for: class de.markusbordihn.easynpc.entity.EasyNPCBaseEntity from interface de.markusbordihn.easynpc.entity.easynpc.data.CustomAttributeData
[20Sep2025 22:15:08.466] [main/INFO] [Easy NPC/]: - Registering Synched Display Attribute Data for EasyNPCBaseEntity.
[20Sep2025 22:15:08.466] [main/WARN] [net.minecraft.network.syncher.SynchedEntityData/]: defineId called for: class de.markusbordihn.easynpc.entity.EasyNPCBaseEntity from interface de.markusbordihn.easynpc.entity.easynpc.data.DisplayAttributeData
[20Sep2025 22:15:08.467] [main/INFO] [Easy NPC/]: - Registering Synched Navigation Data for EasyNPCBaseEntity.
[20Sep2025 22:15:08.467] [main/WARN] [net.minecraft.network.syncher.SynchedEntityData/]: defineId called for: class de.markusbordihn.easynpc.entity.EasyNPCBaseEntity from interface de.markusbordihn.easynpc.entity.easynpc.data.NavigationData
[20Sep2025 22:15:08.467] [main/INFO] [Easy NPC/]: - Registering Synched Owner Data for EasyNPCBaseEntity.
[20Sep2025 22:15:08.468] [main/WARN] [net.minecraft.network.syncher.SynchedEntityData/]: defineId called for: class de.markusbordihn.easynpc.entity.EasyNPCBaseEntity from interface de.markusbordihn.easynpc.entity.easynpc.data.OwnerData
[20Sep2025 22:15:08.468] [main/INFO] [Easy NPC/]: - Registering Synched Profession Data for EasyNPCBaseEntity.
[20Sep2025 22:15:08.468] [main/WARN] [net.minecraft.network.syncher.SynchedEntityData/]: defineId called for: class de.markusbordihn.easynpc.entity.EasyNPCBaseEntity from interface de.markusbordihn.easynpc.entity.easynpc.data.ProfessionData
[20Sep2025 22:15:08.469] [main/INFO] [Easy NPC/]: - Registering Synched Render Data for EasyNPCBaseEntity.
[20Sep2025 22:15:08.469] [main/WARN] [net.minecraft.network.syncher.SynchedEntityData/]: defineId called for: class de.markusbordihn.easynpc.entity.EasyNPCBaseEntity from interface de.markusbordihn.easynpc.entity.easynpc.data.RenderData
[20Sep2025 22:15:08.470] [main/INFO] [Easy NPC/]: - Registering Synched Skin Data for EasyNPCBaseEntity.
[20Sep2025 22:15:08.470] [main/WARN] [net.minecraft.network.syncher.SynchedEntityData/]: defineId called for: class de.markusbordihn.easynpc.entity.EasyNPCBaseEntity from interface de.markusbordihn.easynpc.entity.easynpc.data.SkinData
[20Sep2025 22:15:08.473] [main/INFO] [Easy NPC/]: - Registering Synched Sound Data for EasyNPCBaseEntity.
[20Sep2025 22:15:08.474] [main/WARN] [net.minecraft.network.syncher.SynchedEntityData/]: defineId called for: class de.markusbordihn.easynpc.entity.EasyNPCBaseEntity from interface de.markusbordihn.easynpc.entity.easynpc.data.SoundData
[20Sep2025 22:15:08.474] [main/INFO] [Easy NPC/]: - Registering Synched Trading Data for EasyNPCBaseEntity.
[20Sep2025 22:15:08.474] [main/WARN] [net.minecraft.network.syncher.SynchedEntityData/]: defineId called for: class de.markusbordihn.easynpc.entity.EasyNPCBaseEntity from interface de.markusbordihn.easynpc.entity.easynpc.data.TradingData
[20Sep2025 22:15:08.475] [main/WARN] [net.minecraft.network.syncher.SynchedEntityData/]: defineId called for: class de.markusbordihn.easynpc.entity.EasyNPCBaseEntity from interface de.markusbordihn.easynpc.entity.easynpc.data.TradingData
[20Sep2025 22:15:08.475] [main/WARN] [net.minecraft.network.syncher.SynchedEntityData/]: defineId called for: class de.markusbordihn.easynpc.entity.EasyNPCBaseEntity from interface de.markusbordihn.easynpc.entity.easynpc.data.TradingData
[20Sep2025 22:15:08.476] [main/INFO] [Easy NPC/]: - Registering Synched Variant Data for EasyNPCBaseEntity.
[20Sep2025 22:15:08.477] [main/WARN] [net.minecraft.network.syncher.SynchedEntityData/]: defineId called for: class de.markusbordihn.easynpc.entity.EasyNPCBaseEntity from interface de.markusbordihn.easynpc.entity.easynpc.data.VariantData
[20Sep2025 22:15:08.477] [main/INFO] [Easy NPC/]: - Registering Synched Model Data for EasyNPCBaseModelEntity.
[20Sep2025 22:15:08.478] [main/WARN] [net.minecraft.network.syncher.SynchedEntityData/]: defineId called for: class de.markusbordihn.easynpc.entity.EasyNPCBaseModelEntity from interface de.markusbordihn.easynpc.entity.easynpc.data.ModelData
[20Sep2025 22:15:08.478] [main/WARN] [net.minecraft.network.syncher.SynchedEntityData/]: defineId called for: class de.markusbordihn.easynpc.entity.EasyNPCBaseModelEntity from interface de.markusbordihn.easynpc.entity.easynpc.data.ModelData
[20Sep2025 22:15:08.478] [main/WARN] [net.minecraft.network.syncher.SynchedEntityData/]: defineId called for: class de.markusbordihn.easynpc.entity.EasyNPCBaseModelEntity from interface de.markusbordihn.easynpc.entity.easynpc.data.ModelData
[20Sep2025 22:15:08.479] [main/WARN] [net.minecraft.network.syncher.SynchedEntityData/]: defineId called for: class de.markusbordihn.easynpc.entity.EasyNPCBaseModelEntity from interface de.markusbordihn.easynpc.entity.easynpc.data.ModelData
[20Sep2025 22:15:08.479] [main/WARN] [net.minecraft.network.syncher.SynchedEntityData/]: defineId called for: class de.markusbordihn.easynpc.entity.EasyNPCBaseModelEntity from interface de.markusbordihn.easynpc.entity.easynpc.data.ModelData
[20Sep2025 22:15:08.479] [main/WARN] [net.minecraft.network.syncher.SynchedEntityData/]: defineId called for: class de.markusbordihn.easynpc.entity.EasyNPCBaseModelEntity from interface de.markusbordihn.easynpc.entity.easynpc.data.ModelData
[20Sep2025 22:15:08.480] [main/WARN] [net.minecraft.network.syncher.SynchedEntityData/]: defineId called for: class de.markusbordihn.easynpc.entity.EasyNPCBaseModelEntity from interface de.markusbordihn.easynpc.entity.easynpc.data.ModelData
[20Sep2025 22:15:08.480] [main/WARN] [net.minecraft.network.syncher.SynchedEntityData/]: defineId called for: class de.markusbordihn.easynpc.entity.EasyNPCBaseModelEntity from interface de.markusbordihn.easynpc.entity.easynpc.data.ModelData
[20Sep2025 22:15:08.480] [main/WARN] [net.minecraft.network.syncher.SynchedEntityData/]: defineId called for: class de.markusbordihn.easynpc.entity.EasyNPCBaseModelEntity from interface de.markusbordihn.easynpc.entity.easynpc.data.ModelData
[20Sep2025 22:15:08.481] [main/WARN] [net.minecraft.network.syncher.SynchedEntityData/]: defineId called for: class de.markusbordihn.easynpc.entity.EasyNPCBaseModelEntity from interface de.markusbordihn.easynpc.entity.easynpc.data.ModelData
[20Sep2025 22:15:08.481] [main/INFO] [Easy NPC/]: - Registering Synched Model Position Data for EasyNPCBaseModelEntity.
[20Sep2025 22:15:08.481] [main/WARN] [net.minecraft.network.syncher.SynchedEntityData/]: defineId called for: class de.markusbordihn.easynpc.entity.EasyNPCBaseModelEntity from interface de.markusbordihn.easynpc.entity.easynpc.data.ModelPositionData
[20Sep2025 22:15:08.482] [main/WARN] [net.minecraft.network.syncher.SynchedEntityData/]: defineId called for: class de.markusbordihn.easynpc.entity.EasyNPCBaseModelEntity from interface de.markusbordihn.easynpc.entity.easynpc.data.ModelPositionData
[20Sep2025 22:15:08.482] [main/WARN] [net.minecraft.network.syncher.SynchedEntityData/]: defineId called for: class de.markusbordihn.easynpc.entity.EasyNPCBaseModelEntity from interface de.markusbordihn.easynpc.entity.easynpc.data.ModelPositionData
[20Sep2025 22:15:08.482] [main/WARN] [net.minecraft.network.syncher.SynchedEntityData/]: defineId called for: class de.markusbordihn.easynpc.entity.EasyNPCBaseModelEntity from interface de.markusbordihn.easynpc.entity.easynpc.data.ModelPositionData
[20Sep2025 22:15:08.482] [main/WARN] [net.minecraft.network.syncher.SynchedEntityData/]: defineId called for: class de.markusbordihn.easynpc.entity.EasyNPCBaseModelEntity from interface de.markusbordihn.easynpc.entity.easynpc.data.ModelPositionData
[20Sep2025 22:15:08.482] [main/WARN] [net.minecraft.network.syncher.SynchedEntityData/]: defineId called for: class de.markusbordihn.easynpc.entity.EasyNPCBaseModelEntity from interface de.markusbordihn.easynpc.entity.easynpc.data.ModelPositionData
[20Sep2025 22:15:08.482] [main/WARN] [net.minecraft.network.syncher.SynchedEntityData/]: defineId called for: class de.markusbordihn.easynpc.entity.EasyNPCBaseModelEntity from interface de.markusbordihn.easynpc.entity.easynpc.data.ModelPositionData
[20Sep2025 22:15:08.482] [main/INFO] [Easy NPC/]: - Registering Synched Model Rotation Data for EasyNPCBaseModelEntity.
[20Sep2025 22:15:08.483] [main/WARN] [net.minecraft.network.syncher.SynchedEntityData/]: defineId called for: class de.markusbordihn.easynpc.entity.EasyNPCBaseModelEntity from interface de.markusbordihn.easynpc.entity.easynpc.data.ModelRotationData
[20Sep2025 22:15:08.483] [main/WARN] [net.minecraft.network.syncher.SynchedEntityData/]: defineId called for: class de.markusbordihn.easynpc.entity.EasyNPCBaseModelEntity from interface de.markusbordihn.easynpc.entity.easynpc.data.ModelRotationData
[20Sep2025 22:15:08.484] [main/WARN] [net.minecraft.network.syncher.SynchedEntityData/]: defineId called for: class de.markusbordihn.easynpc.entity.EasyNPCBaseModelEntity from interface de.markusbordihn.easynpc.entity.easynpc.data.ModelRotationData
[20Sep2025 22:15:08.484] [main/WARN] [net.minecraft.network.syncher.SynchedEntityData/]: defineId called for: class de.markusbordihn.easynpc.entity.EasyNPCBaseModelEntity from interface de.markusbordihn.easynpc.entity.easynpc.data.ModelRotationData
[20Sep2025 22:15:08.485] [main/WARN] [net.minecraft.network.syncher.SynchedEntityData/]: defineId called for: class de.markusbordihn.easynpc.entity.EasyNPCBaseModelEntity from interface de.markusbordihn.easynpc.entity.easynpc.data.ModelRotationData
[20Sep2025 22:15:08.486] [main/WARN] [net.minecraft.network.syncher.SynchedEntityData/]: defineId called for: class de.markusbordihn.easynpc.entity.EasyNPCBaseModelEntity from interface de.markusbordihn.easynpc.entity.easynpc.data.ModelRotationData
[20Sep2025 22:15:08.488] [main/WARN] [net.minecraft.network.syncher.SynchedEntityData/]: defineId called for: class de.markusbordihn.easynpc.entity.EasyNPCBaseModelEntity from interface de.markusbordihn.easynpc.entity.easynpc.data.ModelRotationData
[20Sep2025 22:15:08.488] [main/WARN] [net.minecraft.network.syncher.SynchedEntityData/]: defineId called for: class de.markusbordihn.easynpc.entity.EasyNPCBaseModelEntity from interface de.markusbordihn.easynpc.entity.easynpc.data.ModelRotationData
[20Sep2025 22:15:08.489] [main/WARN] [net.minecraft.network.syncher.SynchedEntityData/]: defineId called for: class de.markusbordihn.easynpc.entity.EasyNPCBaseModelEntity from interface de.markusbordihn.easynpc.entity.easynpc.data.ModelRotationData
[20Sep2025 22:15:08.489] [main/INFO] [Easy NPC/]: - Registering Synched Model Visibility Data for EasyNPCBaseModelEntity.
[20Sep2025 22:15:08.490] [main/WARN] [net.minecraft.network.syncher.SynchedEntityData/]: defineId called for: class de.markusbordihn.easynpc.entity.EasyNPCBaseModelEntity from interface de.markusbordihn.easynpc.entity.easynpc.data.ModelVisibilityData
[20Sep2025 22:15:08.490] [main/WARN] [net.minecraft.network.syncher.SynchedEntityData/]: defineId called for: class de.markusbordihn.easynpc.entity.EasyNPCBaseModelEntity from interface de.markusbordihn.easynpc.entity.easynpc.data.ModelVisibilityData
[20Sep2025 22:15:08.490] [main/WARN] [net.minecraft.network.syncher.SynchedEntityData/]: defineId called for: class de.markusbordihn.easynpc.entity.EasyNPCBaseModelEntity from interface de.markusbordihn.easynpc.entity.easynpc.data.ModelVisibilityData
[20Sep2025 22:15:08.491] [main/WARN] [net.minecraft.network.syncher.SynchedEntityData/]: defineId called for: class de.markusbordihn.easynpc.entity.EasyNPCBaseModelEntity from interface de.markusbordihn.easynpc.entity.easynpc.data.ModelVisibilityData
[20Sep2025 22:15:08.491] [main/WARN] [net.minecraft.network.syncher.SynchedEntityData/]: defineId called for: class de.markusbordihn.easynpc.entity.EasyNPCBaseModelEntity from interface de.markusbordihn.easynpc.entity.easynpc.data.ModelVisibilityData
[20Sep2025 22:15:08.491] [main/WARN] [net.minecraft.network.syncher.SynchedEntityData/]: defineId called for: class de.markusbordihn.easynpc.entity.EasyNPCBaseModelEntity from interface de.markusbordihn.easynpc.entity.easynpc.data.ModelVisibilityData
[20Sep2025 22:15:08.492] [main/WARN] [net.minecraft.network.syncher.SynchedEntityData/]: defineId called for: class de.markusbordihn.easynpc.entity.EasyNPCBaseModelEntity from interface de.markusbordihn.easynpc.entity.easynpc.data.ModelVisibilityData
[20Sep2025 22:15:08.492] [main/WARN] [net.minecraft.network.syncher.SynchedEntityData/]: defineId called for: class de.markusbordihn.easynpc.entity.EasyNPCBaseModelEntity from interface de.markusbordihn.easynpc.entity.easynpc.data.ModelVisibilityData
[20Sep2025 22:15:08.492] [main/WARN] [net.minecraft.network.syncher.SynchedEntityData/]: defineId called for: class de.markusbordihn.easynpc.entity.EasyNPCBaseModelEntity from interface de.markusbordihn.easynpc.entity.easynpc.data.ModelVisibilityData
[20Sep2025 22:15:08.493] [main/WARN] [net.minecraft.network.syncher.SynchedEntityData/]: defineId called for: class de.markusbordihn.easynpc.entity.EasyNPCBaseModelEntity from interface de.markusbordihn.easynpc.entity.easynpc.data.ModelVisibilityData
[20Sep2025 22:15:08.493] [main/WARN] [net.minecraft.network.syncher.SynchedEntityData/]: defineId called for: class de.markusbordihn.easynpc.entity.EasyNPCBaseModelEntity from interface de.markusbordihn.easynpc.entity.easynpc.data.ModelVisibilityData
[20Sep2025 22:15:08.493] [main/INFO] [Easy NPC/]: - Registering Synched Scale Data for EasyNPCBaseModelEntity.
[20Sep2025 22:15:08.494] [main/WARN] [net.minecraft.network.syncher.SynchedEntityData/]: defineId called for: class de.markusbordihn.easynpc.entity.EasyNPCBaseModelEntity from interface de.markusbordihn.easynpc.entity.easynpc.data.ScaleData
[20Sep2025 22:15:08.494] [main/WARN] [net.minecraft.network.syncher.SynchedEntityData/]: defineId called for: class de.markusbordihn.easynpc.entity.EasyNPCBaseModelEntity from interface de.markusbordihn.easynpc.entity.easynpc.data.ScaleData
[20Sep2025 22:15:08.494] [main/WARN] [net.minecraft.network.syncher.SynchedEntityData/]: defineId called for: class de.markusbordihn.easynpc.entity.EasyNPCBaseModelEntity from interface de.markusbordihn.easynpc.entity.easynpc.data.ScaleData
[20Sep2025 22:15:08.542] [main/DEBUG] [net.minecraftforge.fml.config.ConfigTracker/CONFIG]: Loading configs type COMMON
[20Sep2025 22:15:08.878] [Forge Version Check/INFO] [net.minecraftforge.fml.VersionChecker/]: [forge] Starting version check at https://files.minecraftforge.net/net/minecraftforge/forge/promotions_slim.json
[20Sep2025 22:15:09.223] [modloading-worker-0/INFO] [com.sk89q.worldedit.extension.platform.PlatformManager/]: Got request to register class com.sk89q.worldedit.forge.ForgePlatform with WorldEdit [com.sk89q.worldedit.extension.platform.PlatformManager@67a36228]
[20Sep2025 22:15:09.232] [modloading-worker-0/INFO] [com.sk89q.worldedit.forge.ForgeWorldEdit/]: WorldEdit for Forge (version 7.2.15+6463-5ca4dff) is loaded
[20Sep2025 22:15:09.235] [main/DEBUG] [net.minecraftforge.fml.DeferredWorkQueue/LOADING]: Dispatching synchronous work for work queue COMMON_SETUP: 3 jobs
[20Sep2025 22:15:09.238] [main/INFO] [Easy NPC/]: 🗣 Register Easy NPC Network Handler for net.minecraftforge.network.simple.SimpleChannel@53c4b36b with version 23
[20Sep2025 22:15:09.243] [main/INFO] [Easy NPC/]: 🗣 Register Easy NPC Network Handler ...
[20Sep2025 22:15:09.243] [main/INFO] [Easy NPC/]: Registering network messages for BOTH side ...
[20Sep2025 22:15:09.246] [main/INFO] [Easy NPC/]: [NetworkHandler] Registering client network message ExportClientPresetMessage with easy_npc:preset_export_client (0)
[20Sep2025 22:15:09.247] [main/INFO] [Easy NPC/]: [NetworkHandler] Registering client network message OpenMenuCallbackMessage with easy_npc:open_menu_callback_message (1)
[20Sep2025 22:15:09.248] [main/INFO] [Easy NPC/]: [NetworkHandler] Registering client network message SyncDataMessage with easy_npc:sync_data (2)
[20Sep2025 22:15:09.249] [main/INFO] [Easy NPC/]: [NetworkHandler] Registering server network message AddOrUpdateObjectiveMessage with easy_npc:add_objective (3)
[20Sep2025 22:15:09.251] [main/INFO] [Easy NPC/]: [NetworkHandler] Registering server network message ChangeActionEventMessage with easy_npc:change_action_event (4)
[20Sep2025 22:15:09.252] [main/INFO] [Easy NPC/]: [NetworkHandler] Registering server network message ChangeAdvancedTradingMessage with easy_npc:change_advanced_trading (5)
[20Sep2025 22:15:09.253] [main/INFO] [Easy NPC/]: [NetworkHandler] Registering server network message ChangeBasicTradingMessage with easy_npc:change_basic_trading (6)
[20Sep2025 22:15:09.256] [main/INFO] [Easy NPC/]: [NetworkHandler] Registering server network message ChangeCombatAttributeMessage with easy_npc:change_combat_attribute (7)
[20Sep2025 22:15:09.261] [main/INFO] [Easy NPC/]: [NetworkHandler] Registering server network message ChangeDisplayAttributeMessage with easy_npc:change_display_attribute (8)
[20Sep2025 22:15:09.262] [main/INFO] [Easy NPC/]: [NetworkHandler] Registering server network message ChangeEntityAttributeMessage with easy_npc:change_entity_attribute (9)
[20Sep2025 22:15:09.265] [main/INFO] [Easy NPC/]: [NetworkHandler] Registering server network message ChangeEntityBaseAttributeMessage with easy_npc:change_entity_base_attribute (10)
[20Sep2025 22:15:09.269] [main/INFO] [Easy NPC/]: [NetworkHandler] Registering server network message ChangeEnvironmentalAttributeMessage with easy_npc:change_environmental_attribute (11)
[20Sep2025 22:15:09.270] [main/INFO] [Easy NPC/]: [NetworkHandler] Registering server network message ChangeInteractionAttributeMessage with easy_npc:change_interaction_attribute (12)
[20Sep2025 22:15:09.272] [main/INFO] [Easy NPC/]: [NetworkHandler] Registering server network message ChangeModelEquipmentVisibilityMessage with easy_npc:change_model_equipment_visibility (13)
[20Sep2025 22:15:09.273] [main/INFO] [Easy NPC/]: [NetworkHandler] Registering server network message ChangeModelLockRotationMessage with easy_npc:change_model_lock_rotation (14)
[20Sep2025 22:15:09.275] [main/INFO] [Easy NPC/]: [NetworkHandler] Registering server network message ChangeModelPoseMessage with easy_npc:change_model_pose (15)
[20Sep2025 22:15:09.276] [main/INFO] [Easy NPC/]: [NetworkHandler] Registering server network message ChangeModelPositionMessage with easy_npc:change_model_position (16)
[20Sep2025 22:15:09.278] [main/INFO] [Easy NPC/]: [NetworkHandler] Registering server network message ChangeModelRotationMessage with easy_npc:change_model_rotation (17)
[20Sep2025 22:15:09.280] [main/INFO] [Easy NPC/]: [NetworkHandler] Registering server network message ChangeModelVisibilityMessage with easy_npc:change_model_visibility (18)
[20Sep2025 22:15:09.281] [main/INFO] [Easy NPC/]: [NetworkHandler] Registering server network message ChangeMovementAttributeMessage with easy_npc:change_movement_attribute (19)
[20Sep2025 22:15:09.284] [main/INFO] [Easy NPC/]: [NetworkHandler] Registering server network message ChangeNameMessage with easy_npc:change_name (20)
[20Sep2025 22:15:09.284] [main/INFO] [Easy NPC/]: [NetworkHandler] Registering server network message ChangePoseMessage with easy_npc:change_pose (21)
[20Sep2025 22:15:09.285] [main/INFO] [Easy NPC/]: [NetworkHandler] Registering server network message ChangePositionMessage with easy_npc:change_position (22)
[20Sep2025 22:15:09.286] [main/INFO] [Easy NPC/]: [NetworkHandler] Registering server network message ChangeProfessionMessage with easy_npc:change_profession (23)
[20Sep2025 22:15:09.288] [main/INFO] [Easy NPC/]: [NetworkHandler] Registering server network message ChangeRendererMessage with easy_npc:change_renderer (24)
[20Sep2025 22:15:09.289] [main/INFO] [Easy NPC/]: [NetworkHandler] Registering server network message ChangeScaleMessage with easy_npc:change_scale (25)
[20Sep2025 22:15:09.291] [main/INFO] [Easy NPC/]: [NetworkHandler] Registering server network message ChangeSkinMessage with easy_npc:change_skin (26)
[20Sep2025 22:15:09.292] [main/INFO] [Easy NPC/]: [NetworkHandler] Registering server network message ChangeSpawnerSettingMessage with easy_npc:change_spawner_settings (27)
[20Sep2025 22:15:09.293] [main/INFO] [Easy NPC/]: [NetworkHandler] Registering server network message ChangeTradingTypeMessage with easy_npc:change_trading_type (28)
[20Sep2025 22:15:09.294] [main/INFO] [Easy NPC/]: [NetworkHandler] Registering server network message ExecuteActionEventMessage with easy_npc:trigger_action_event (29)
[20Sep2025 22:15:09.295] [main/INFO] [Easy NPC/]: [NetworkHandler] Registering server network message ExecuteDialogButtonActionMessage with easy_npc:dialog_button_action (30)
[20Sep2025 22:15:09.296] [main/INFO] [Easy NPC/]: [NetworkHandler] Registering server network message ExportPresetMessage with easy_npc:export_preset (31)
[20Sep2025 22:15:09.297] [main/INFO] [Easy NPC/]: [NetworkHandler] Registering server network message ExportWorldPresetMessage with easy_npc:export_world_preset (32)
[20Sep2025 22:15:09.298] [main/INFO] [Easy NPC/]: [NetworkHandler] Registering server network message ImportPresetMessage with easy_npc:import_preset (33)
[20Sep2025 22:15:09.299] [main/INFO] [Easy NPC/]: [NetworkHandler] Registering server network message OpenActionDataEditorMessage with easy_npc:open_action_data_editor (34)
[20Sep2025 22:15:09.300] [main/INFO] [Easy NPC/]: [NetworkHandler] Registering server network message OpenActionDataEntryEditorMessage with easy_npc:open_action_data_entry_editor (35)
[20Sep2025 22:15:09.301] [main/INFO] [Easy NPC/]: [NetworkHandler] Registering server network message OpenConfigurationMessage with easy_npc:open_configuration_screen (36)
[20Sep2025 22:15:09.302] [main/INFO] [Easy NPC/]: [NetworkHandler] Registering server network message OpenDialogButtonEditorMessage with easy_npc:open_dialog_button_editor (37)
[20Sep2025 22:15:09.303] [main/INFO] [Easy NPC/]: [NetworkHandler] Registering server network message OpenDialogEditorMessage with easy_npc:open_dialog_editor (38)
[20Sep2025 22:15:09.305] [main/INFO] [Easy NPC/]: [NetworkHandler] Registering server network message OpenMenuMessage with easy_npc:open_menu_message (39)
[20Sep2025 22:15:09.306] [main/INFO] [Easy NPC/]: [NetworkHandler] Registering server network message OpenDialogTextEditorMessage with easy_npc:open_dialog_text_editor (40)
[20Sep2025 22:15:09.307] [main/INFO] [Easy NPC/]: [NetworkHandler] Registering server network message RemoveDialogButtonMessage with easy_npc:remove_dialog_button (41)
[20Sep2025 22:15:09.308] [main/INFO] [Easy NPC/]: [NetworkHandler] Registering server network message RemoveDialogMessage with easy_npc:remove_dialog (42)
[20Sep2025 22:15:09.309] [main/INFO] [Easy NPC/]: [NetworkHandler] Registering server network message RemoveNPCMessage with easy_npc:remove_npc (43)
[20Sep2025 22:15:09.310] [main/INFO] [Easy NPC/]: [NetworkHandler] Registering server network message RemoveObjectiveMessage with easy_npc:remove_objective (44)
[20Sep2025 22:15:09.311] [main/INFO] [Easy NPC/]: [NetworkHandler] Registering server network message RequestDataSyncMessage with easy_npc:request_data_sync (45)
[20Sep2025 22:15:09.313] [main/INFO] [Easy NPC/]: [NetworkHandler] Registering server network message RespawnNPCMessage with easy_npc:respawn_npc (46)
[20Sep2025 22:15:09.317] [main/INFO] [Easy NPC/]: [NetworkHandler] Registering server network message SaveDialogButtonMessage with easy_npc:save_dialog_button (47)
[20Sep2025 22:15:09.318] [main/INFO] [Easy NPC/]: [NetworkHandler] Registering server network message SaveDialogMessage with easy_npc:save_dialog (48)
[20Sep2025 22:15:09.319] [main/INFO] [Easy NPC/]: [NetworkHandler] Registering server network message SaveDialogSetMessage with easy_npc:save_dialog_set (49)
[20Sep2025 22:15:09.363] [Forge Version Check/DEBUG] [net.minecraftforge.fml.VersionChecker/]: [forge] Received version check data:
{
  "homepage": "https://files.minecraftforge.net/net/minecraftforge/forge/",
  "promos": {
    "1.1-latest": "1.3.4.29",
    "1.2.3-latest": "1.4.1.64",
    "1.2.4-latest": "2.0.0.68",
    "1.2.5-latest": "3.4.9.171",
    "1.3.2-latest": "4.3.5.318",
    "1.4.0-latest": "5.0.0.326",
    "1.4.1-latest": "6.0.0.329",
    "1.4.2-latest": "6.0.1.355",
    "1.4.3-latest": "6.2.1.358",
    "1.4.4-latest": "6.3.0.378",
    "1.4.5-latest": "6.4.2.448",
    "1.4.6-latest": "6.5.0.489",
    "1.4.7-latest": "6.6.2.534",
    "1.5-latest": "7.7.0.598",
    "1.5.1-latest": "7.7.2.682",
    "1.5.2-latest": "7.8.1.738",
    "1.5.2-recommended": "7.8.1.738",
    "1.6.1-latest": "8.9.0.775",
    "1.6.2-latest": "9.10.1.871",
    "1.6.2-recommended": "9.10.1.871",
    "1.6.3-latest": "9.11.0.878",
    "1.6.4-latest": "9.11.1.1345",
    "1.6.4-recommended": "9.11.1.1345",
    "1.7.2-latest": "10.12.2.1161",
    "1.7.2-recommended": "10.12.2.1161",
    "1.7.10_pre4-latest": "10.12.2.1149",
    "1.7.10-latest": "10.13.4.1614",
    "1.7.10-recommended": "10.13.4.1614",
    "1.8-latest": "11.14.4.1577",
    "1.8-recommended": "11.14.4.1563",
    "1.8.8-latest": "11.15.0.1655",
    "1.8.9-latest": "11.15.1.2318",
    "1.8.9-recommended": "11.15.1.2318",
    "1.9-latest": "12.16.1.1938",
    "1.9-recommended": "12.16.1.1887",
    "1.9.4-latest": "12.17.0.2317",
    "1.9.4-recommended": "12.17.0.2317",
    "1.10-latest": "12.18.0.2000",
    "1.10.2-latest": "12.18.3.2511",
    "1.10.2-recommended": "12.18.3.2511",
    "1.11-latest": "13.19.1.2199",
    "1.11-recommended": "13.19.1.2189",
    "1.11.2-latest": "13.20.1.2588",
    "1.11.2-recommended": "13.20.1.2588",
    "1.12-latest": "14.21.1.2443",
    "1.12-recommended": "14.21.1.2387",
    "1.12.1-latest": "14.22.1.2485",
    "1.12.1-recommended": "14.22.1.2478",
    "1.12.2-latest": "14.23.5.2860",
    "1.12.2-recommended": "14.23.5.2859",
    "1.13.2-latest": "25.0.223",
    "1.14.2-latest": "26.0.63",
    "1.14.3-latest": "27.0.60",
    "1.14.4-latest": "28.2.26",
    "1.14.4-recommended": "28.2.26",
    "1.15-latest": "29.0.4",
    "1.15.1-latest": "30.0.51",
    "1.15.2-latest": "31.2.60",
    "1.15.2-recommended": "31.2.57",
    "1.16.1-latest": "32.0.108",
    "1.16.2-latest": "33.0.61",
    "1.16.3-latest": "34.1.42",
    "1.16.3-recommended": "34.1.0",
    "1.16.4-latest": "35.1.37",
    "1.16.4-recommended": "35.1.4",
    "1.16.5-latest": "36.2.42",
    "1.16.5-recommended": "36.2.34",
    "1.17.1-latest": "37.1.1",
    "1.17.1-recommended": "37.1.1",
    "1.18-latest": "38.0.17",
    "1.18.1-latest": "39.1.2",
    "1.18.1-recommended": "39.1.0",
    "1.18.2-recommended": "40.3.0",
    "1.18.2-latest": "40.3.11",
    "1.19-latest": "41.1.0",
    "1.19-recommended": "41.1.0",
    "1.19.1-latest": "42.0.9",
    "1.19.2-recommended": "43.5.0",
    "1.19.2-latest": "43.5.1",
    "1.19.3-latest": "44.1.23",
    "1.19.3-recommended": "44.1.0",
    "1.19.4-recommended": "45.4.0",
    "1.19.4-latest": "45.4.2",
    "1.20-latest": "46.0.14",
    "1.20.1-recommended": "47.4.0",
    "1.20.1-latest": "47.4.9",
    "1.20.2-latest": "48.1.0",
    "1.20.2-recommended": "48.1.0",
    "1.20.3-latest": "49.0.2",
    "1.20.4-latest": "49.2.1",
    "1.20.4-recommended": "49.2.0",
    "1.20.6-latest": "50.2.1",
    "1.20.6-recommended": "50.2.0",
    "1.21-latest": "51.0.33",
    "1.21.1-latest": "52.1.3",
    "1.21.1-recommended": "52.1.0",
    "1.21.3-latest": "53.1.2",
    "1.21.3-recommended": "53.1.0",
    "1.21.4-latest": "54.1.6",
    "1.21.4-recommended": "54.1.0",
    "1.21.5-latest": "55.1.0",
    "1.21.5-recommended": "55.1.0",
    "1.21.6-latest": "56.0.9",
    "1.21.7-latest": "57.0.3",
    "1.21.8-latest": "58.1.4",
    "1.21.8-recommended": "58.1.0"
  }
}
[20Sep2025 22:15:09.364] [Forge Version Check/INFO] [net.minecraftforge.fml.VersionChecker/]: [forge] Found status: OUTDATED Current: 47.3.7 Target: 47.4.0
[20Sep2025 22:15:09.384] [main/INFO] [Framework/SYNCED_ENTITY_DATA]: Registered synced data key refurbished_furniture:lock_yaw for refurbished_furniture:seat
[20Sep2025 22:15:09.388] [main/DEBUG] [net.minecraftforge.fml.DeferredWorkQueue/LOADING]: Synchronous work queue completed in 151.8 ms
[20Sep2025 22:15:10.811] [main/INFO] [com.mojang.authlib.yggdrasil.YggdrasilAuthenticationService/]: Environment: authHost='https://authserver.mojang.com', accountsHost='https://api.mojang.com', sessionHost='https://sessionserver.mojang.com', servicesHost='https://api.minecraftservices.com', name='PROD'
[20Sep2025 22:15:11.712] [main/DEBUG] [mixin/]: Mixing PackRepositoryMixin from moreplayermodels.mixins.json into net.minecraft.server.packs.repository.PackRepository
[20Sep2025 22:15:11.713] [main/DEBUG] [mixin/]: moreplayermodels.mixins.json:PackRepositoryMixin: Class version 61 required is higher than the class version supported by the current version of Mixin (JAVA_8 supports class version 52)
[20Sep2025 22:15:11.723] [main/WARN] [net.minecraft.server.packs.VanillaPackResourcesBuilder/]: Assets URL 'union:/workspaces/mundoH-qzt/servidor_minecraft/libraries/net/minecraft/server/1.20.1-20230612.114412/server-1.20.1-20230612.114412-srg.jar%23113!/assets/.mcassetsroot' uses unexpected schema
[20Sep2025 22:15:11.724] [main/WARN] [net.minecraft.server.packs.VanillaPackResourcesBuilder/]: Assets URL 'union:/workspaces/mundoH-qzt/servidor_minecraft/libraries/net/minecraft/server/1.20.1-20230612.114412/server-1.20.1-20230612.114412-srg.jar%23113!/data/.mcassetsroot' uses unexpected schema
[20Sep2025 22:15:11.761] [main/DEBUG] [net.minecraftforge.server.ServerLifecycleHooks/CORE]: Generating PackInfo named mod:easy_npc for mod file /workspaces/mundoH-qzt/servidor_minecraft/mods/easy_npc-forge-1.20.1-5.9.2.jar
[20Sep2025 22:15:11.761] [main/DEBUG] [net.minecraftforge.server.ServerLifecycleHooks/CORE]: Generating PackInfo named mod:framework for mod file /workspaces/mundoH-qzt/servidor_minecraft/mods/framework-forge-1.20.1-0.7.15.jar
[20Sep2025 22:15:11.762] [main/DEBUG] [net.minecraftforge.server.ServerLifecycleHooks/CORE]: Generating PackInfo named mod:forge for mod file /workspaces/mundoH-qzt/servidor_minecraft/libraries/net/minecraftforge/forge/1.20.1-47.3.7/forge-1.20.1-47.3.7-universal.jar
[20Sep2025 22:15:11.762] [main/DEBUG] [net.minecraftforge.server.ServerLifecycleHooks/CORE]: Generating PackInfo named mod:worldedit for mod file /workspaces/mundoH-qzt/servidor_minecraft/mods/worldedit-mod-7.2.15.jar
[20Sep2025 22:15:11.762] [main/DEBUG] [net.minecraftforge.server.ServerLifecycleHooks/CORE]: Generating PackInfo named mod:moreplayermodels for mod file /workspaces/mundoH-qzt/servidor_minecraft/mods/MorePlayerModels-1.20.1.20240409.jar
[20Sep2025 22:15:11.762] [main/DEBUG] [net.minecraftforge.server.ServerLifecycleHooks/CORE]: Generating PackInfo named mod:customskinloader for mod file /workspaces/mundoH-qzt/servidor_minecraft/mods/CustomSkinLoader_ForgeActive-14.17.jar
[20Sep2025 22:15:11.763] [main/DEBUG] [net.minecraftforge.server.ServerLifecycleHooks/CORE]: Generating PackInfo named mod:refurbished_furniture for mod file /workspaces/mundoH-qzt/servidor_minecraft/mods/refurbished_furniture-forge-1.20.1-1.0.14.jar
[20Sep2025 22:15:11.784] [main/DEBUG] [net.minecraftforge.coremod.transformer.CoreModBaseTransformer/COREMOD]: Transforming net/minecraft/server/packs/resources/Resource
[20Sep2025 22:15:12.492] [main/DEBUG] [net.minecraftforge.coremod.transformer.CoreModBaseTransformer/COREMOD]: Transforming net/minecraft/server/commands/SummonCommand
[20Sep2025 22:15:12.818] [main/INFO] [com.sk89q.worldedit.extension.platform.PlatformCommandManager/]: Registering commands with com.sk89q.worldedit.forge.ForgePlatform
[20Sep2025 22:15:12.824] [main/INFO] [Easy NPC/]: 🗣 Register Easy NPC /easy_npc commands for Easy NPC ...
[20Sep2025 22:15:13.078] [Worker-Main-1/DEBUG] [net.minecraftforge.coremod.transformer.CoreModBaseTransformer/COREMOD]: Transforming net/minecraft/world/entity/raid/Raid
[20Sep2025 22:15:13.337] [main/INFO] [net.minecraft.world.item.crafting.RecipeManager/]: Loaded 15 recipes
[20Sep2025 22:15:13.450] [main/INFO] [net.minecraft.advancements.AdvancementList/]: Loaded 1973 advancements
[20Sep2025 22:15:13.942] [main/DEBUG] [net.minecraftforge.common.ForgeHooks/WP]: Gathering id map for writing to world save world
[20Sep2025 22:15:13.954] [main/DEBUG] [net.minecraftforge.common.ForgeHooks/WP]: ID Map collection complete world
[20Sep2025 22:15:13.989] [Server thread/INFO] [net.minecraft.server.dedicated.DedicatedServer/]: Starting minecraft server version 1.20.1
[20Sep2025 22:15:13.990] [Server thread/INFO] [net.minecraft.server.dedicated.DedicatedServer/]: Loading properties
[20Sep2025 22:15:13.990] [Server thread/INFO] [net.minecraft.server.dedicated.DedicatedServer/]: Default game type: SURVIVAL
[20Sep2025 22:15:13.990] [Server thread/INFO] [net.minecraft.server.MinecraftServer/]: Generating keypair
[20Sep2025 22:15:14.105] [Server thread/INFO] [net.minecraft.server.dedicated.DedicatedServer/]: Starting Minecraft server on *:25565
[20Sep2025 22:15:14.106] [Server thread/DEBUG] [net.minecraftforge.network.DualStackUtils/]: Detected IPv6 address: "0:0:0:0:0:0:0:0"
[20Sep2025 22:15:14.113] [Server thread/DEBUG] [io.netty.util.internal.NativeLibraryLoader/]: -Dio.netty.native.workdir: /tmp (io.netty.tmpdir)
[20Sep2025 22:15:14.113] [Server thread/DEBUG] [io.netty.util.internal.NativeLibraryLoader/]: -Dio.netty.native.deleteLibAfterLoading: true
[20Sep2025 22:15:14.113] [Server thread/DEBUG] [io.netty.util.internal.NativeLibraryLoader/]: -Dio.netty.native.tryPatchShadedId: true
[20Sep2025 22:15:14.113] [Server thread/DEBUG] [io.netty.util.internal.NativeLibraryLoader/]: -Dio.netty.native.detectNativeLibraryDuplicates: true
[20Sep2025 22:15:14.120] [Server thread/DEBUG] [io.netty.util.internal.NativeLibraryLoader/]: Successfully loaded the library /tmp/libnetty_transport_native_epoll_x86_6411335542691079893881.so
[20Sep2025 22:15:14.123] [Server thread/DEBUG] [io.netty.util.NetUtil/]: -Djava.net.preferIPv4Stack: false
[20Sep2025 22:15:14.123] [Server thread/DEBUG] [io.netty.util.NetUtil/]: -Djava.net.preferIPv6Addresses: true
[20Sep2025 22:15:14.124] [Server thread/DEBUG] [io.netty.util.NetUtilInitializations/]: Loopback interface: lo (lo, 0:0:0:0:0:0:0:1%lo)
[20Sep2025 22:15:14.125] [Server thread/DEBUG] [io.netty.util.NetUtil/]: /proc/sys/net/core/somaxconn: 4096
[20Sep2025 22:15:14.128] [Server thread/INFO] [net.minecraft.server.network.ServerConnectionListener/]: Using epoll channel type
[20Sep2025 22:15:14.139] [Server thread/DEBUG] [io.netty.channel.MultithreadEventLoopGroup/]: -Dio.netty.eventLoopThreads: 8
[20Sep2025 22:15:14.152] [Server thread/DEBUG] [io.netty.util.internal.InternalThreadLocalMap/]: -Dio.netty.threadLocalMap.stringBuilder.initialSize: 1024
[20Sep2025 22:15:14.152] [Server thread/DEBUG] [io.netty.util.internal.InternalThreadLocalMap/]: -Dio.netty.threadLocalMap.stringBuilder.maxSize: 4096
[20Sep2025 22:15:14.160] [Server thread/DEBUG] [io.netty.util.internal.PlatformDependent/]: org.jctools-core.MpscChunkedArrayQueue: available
[20Sep2025 22:15:14.167] [Server thread/DEBUG] [io.netty.channel.DefaultChannelId/]: -Dio.netty.processId: 5113 (auto-detected)
[20Sep2025 22:15:14.168] [Server thread/DEBUG] [io.netty.channel.DefaultChannelId/]: -Dio.netty.machineId: 7c:1e:52:ff:fe:b2:3e:b7 (auto-detected)
[20Sep2025 22:15:14.188] [Server thread/DEBUG] [io.netty.buffer.PooledByteBufAllocator/]: -Dio.netty.allocator.numHeapArenas: 8
[20Sep2025 22:15:14.188] [Server thread/DEBUG] [io.netty.buffer.PooledByteBufAllocator/]: -Dio.netty.allocator.numDirectArenas: 8
[20Sep2025 22:15:14.188] [Server thread/DEBUG] [io.netty.buffer.PooledByteBufAllocator/]: -Dio.netty.allocator.pageSize: 8192
[20Sep2025 22:15:14.188] [Server thread/DEBUG] [io.netty.buffer.PooledByteBufAllocator/]: -Dio.netty.allocator.maxOrder: 9
[20Sep2025 22:15:14.188] [Server thread/DEBUG] [io.netty.buffer.PooledByteBufAllocator/]: -Dio.netty.allocator.chunkSize: 4194304
[20Sep2025 22:15:14.188] [Server thread/DEBUG] [io.netty.buffer.PooledByteBufAllocator/]: -Dio.netty.allocator.smallCacheSize: 256
[20Sep2025 22:15:14.188] [Server thread/DEBUG] [io.netty.buffer.PooledByteBufAllocator/]: -Dio.netty.allocator.normalCacheSize: 64
[20Sep2025 22:15:14.188] [Server thread/DEBUG] [io.netty.buffer.PooledByteBufAllocator/]: -Dio.netty.allocator.maxCachedBufferCapacity: 32768
[20Sep2025 22:15:14.188] [Server thread/DEBUG] [io.netty.buffer.PooledByteBufAllocator/]: -Dio.netty.allocator.cacheTrimInterval: 8192
[20Sep2025 22:15:14.188] [Server thread/DEBUG] [io.netty.buffer.PooledByteBufAllocator/]: -Dio.netty.allocator.cacheTrimIntervalMillis: 0
[20Sep2025 22:15:14.188] [Server thread/DEBUG] [io.netty.buffer.PooledByteBufAllocator/]: -Dio.netty.allocator.useCacheForAllThreads: false
[20Sep2025 22:15:14.189] [Server thread/DEBUG] [io.netty.buffer.PooledByteBufAllocator/]: -Dio.netty.allocator.maxCachedByteBuffersPerChunk: 1023
[20Sep2025 22:15:14.195] [Server thread/DEBUG] [io.netty.buffer.ByteBufUtil/]: -Dio.netty.allocator.type: pooled
[20Sep2025 22:15:14.196] [Server thread/DEBUG] [io.netty.buffer.ByteBufUtil/]: -Dio.netty.threadLocalDirectBufferSize: 0
[20Sep2025 22:15:14.196] [Server thread/DEBUG] [io.netty.buffer.ByteBufUtil/]: -Dio.netty.maxThreadLocalCharBufferSize: 16384
[20Sep2025 22:15:14.202] [Server thread/WARN] [net.minecraft.server.dedicated.DedicatedServer/]: **** SERVER IS RUNNING IN OFFLINE/INSECURE MODE!
[20Sep2025 22:15:14.203] [Server thread/WARN] [net.minecraft.server.dedicated.DedicatedServer/]: The server will make no attempt to authenticate usernames. Beware.
[20Sep2025 22:15:14.203] [Server thread/WARN] [net.minecraft.server.dedicated.DedicatedServer/]: While this makes the game possible to play without internet access, it also opens up the ability for hackers to connect with any username they choose.
[20Sep2025 22:15:14.203] [Server thread/WARN] [net.minecraft.server.dedicated.DedicatedServer/]: To change this, set "online-mode" to "true" in the server.properties file.
[20Sep2025 22:15:14.216] [Server thread/DEBUG] [net.minecraftforge.fml.config.ConfigTracker/CONFIG]: Loading configs type SERVER
[20Sep2025 22:15:14.217] [Server thread/DEBUG] [net.minecraftforge.fml.config.ConfigFileTypeHandler/CONFIG]: Built TOML config for ./world/serverconfig/forge-server.toml
[20Sep2025 22:15:14.218] [Server thread/DEBUG] [net.minecraftforge.fml.config.ConfigFileTypeHandler/CONFIG]: Loaded TOML config file ./world/serverconfig/forge-server.toml
[20Sep2025 22:15:14.223] [Server thread/DEBUG] [net.minecraftforge.fml.config.ConfigFileTypeHandler/CONFIG]: Watching TOML config file ./world/serverconfig/forge-server.toml for changes
[20Sep2025 22:15:14.225] [Server thread/DEBUG] [net.minecraftforge.common.ForgeConfig/FORGEMOD]: Loaded forge config file forge-server.toml
[20Sep2025 22:15:14.227] [Thread-3/DEBUG] [net.minecraftforge.fml.config.ConfigFileTypeHandler/CONFIG]: Config file forge-server.toml changed, sending notifies
[20Sep2025 22:15:14.227] [Thread-3/DEBUG] [net.minecraftforge.common.ForgeConfig/FORGEMOD]: Forge config just got changed on the file system!
[20Sep2025 22:15:14.228] [Thread-3/DEBUG] [net.minecraftforge.fml.config.ConfigFileTypeHandler/CONFIG]: Config file forge-server.toml changed, sending notifies
[20Sep2025 22:15:14.228] [Thread-3/DEBUG] [net.minecraftforge.common.ForgeConfig/FORGEMOD]: Forge config just got changed on the file system!
[20Sep2025 22:15:14.249] [Server thread/INFO] [Framework/]: Loading server configs...
[20Sep2025 22:15:14.256] [Server thread/DEBUG] [Framework/]: Started watching config: /workspaces/mundoH-qzt/servidor_minecraft/config/refurbished_furniture.server.toml
[20Sep2025 22:15:14.256] [Server thread/INFO] [net.minecraft.server.dedicated.DedicatedServer/]: Preparing level "world"
[20Sep2025 22:15:14.262] [Server thread/DEBUG] [net.minecraftforge.coremod.transformer.CoreModBaseTransformer/COREMOD]: Transforming net/minecraft/world/level/levelgen/PhantomSpawner
[20Sep2025 22:15:14.294] [Server thread/DEBUG] [net.minecraftforge.coremod.transformer.CoreModBaseTransformer/COREMOD]: Transforming net/minecraft/world/level/levelgen/PatrolSpawner
[20Sep2025 22:15:14.303] [Server thread/DEBUG] [net.minecraftforge.coremod.transformer.CoreModBaseTransformer/COREMOD]: Transforming net/minecraft/world/entity/npc/CatSpawner
[20Sep2025 22:15:14.310] [Server thread/DEBUG] [net.minecraftforge.coremod.transformer.CoreModBaseTransformer/COREMOD]: Transforming net/minecraft/world/entity/ai/village/VillageSiege
[20Sep2025 22:15:14.585] [Netty Epoll Server IO #1/DEBUG] [io.netty.util.Recycler/]: -Dio.netty.recycler.maxCapacityPerThread: 4096
[20Sep2025 22:15:14.585] [Netty Epoll Server IO #1/DEBUG] [io.netty.util.Recycler/]: -Dio.netty.recycler.ratio: 8
[20Sep2025 22:15:14.585] [Netty Epoll Server IO #1/DEBUG] [io.netty.util.Recycler/]: -Dio.netty.recycler.chunkSize: 32
[20Sep2025 22:15:14.585] [Netty Epoll Server IO #1/DEBUG] [io.netty.util.Recycler/]: -Dio.netty.recycler.blocking: false
[20Sep2025 22:15:14.590] [Netty Epoll Server IO #1/DEBUG] [io.netty.buffer.AbstractByteBuf/]: -Dio.netty.buffer.checkAccessible: true
[20Sep2025 22:15:14.590] [Netty Epoll Server IO #1/DEBUG] [io.netty.buffer.AbstractByteBuf/]: -Dio.netty.buffer.checkBounds: true
[20Sep2025 22:15:14.591] [Netty Epoll Server IO #1/DEBUG] [io.netty.util.ResourceLeakDetectorFactory/]: Loaded default ResourceLeakDetector: io.netty.util.ResourceLeakDetector@4cacec8b
[20Sep2025 22:15:14.606] [Netty Epoll Server IO #1/INFO] [net.minecraftforge.server.ServerLifecycleHooks/SERVERHOOKS]: Disconnecting Player (server is still starting): literal{Server is still starting! Please wait before reconnecting.}
[20Sep2025 22:15:16.910] [Netty Epoll Server IO #2/INFO] [net.minecraftforge.server.ServerLifecycleHooks/SERVERHOOKS]: Disconnecting Player (server is still starting): literal{Server is still starting! Please wait before reconnecting.}
[20Sep2025 22:15:17.295] [Server thread/INFO] [net.minecraft.server.MinecraftServer/]: Preparing start region for dimension minecraft:overworld
[20Sep2025 22:15:17.673] [Netty Epoll Server IO #3/INFO] [net.minecraftforge.server.ServerLifecycleHooks/SERVERHOOKS]: Disconnecting Player (server is still starting): literal{Server is still starting! Please wait before reconnecting.}
[20Sep2025 22:15:17.940] [Netty Epoll Server IO #4/INFO] [net.minecraftforge.server.ServerLifecycleHooks/SERVERHOOKS]: Disconnecting Player (server is still starting): literal{Server is still starting! Please wait before reconnecting.}
[20Sep2025 22:15:18.076] [Netty Epoll Server IO #5/INFO] [net.minecraftforge.server.ServerLifecycleHooks/SERVERHOOKS]: Disconnecting Player (server is still starting): literal{Server is still starting! Please wait before reconnecting.}
[20Sep2025 22:15:18.374] [Netty Epoll Server IO #7/INFO] [net.minecraftforge.server.ServerLifecycleHooks/SERVERHOOKS]: Disconnecting Player (server is still starting): literal{Server is still starting! Please wait before reconnecting.}
[20Sep2025 22:15:18.574] [Netty Epoll Server IO #0/INFO] [net.minecraftforge.server.ServerLifecycleHooks/SERVERHOOKS]: Disconnecting Player (server is still starting): literal{Server is still starting! Please wait before reconnecting.}
[20Sep2025 22:15:18.976] [Server thread/DEBUG] [net.minecraftforge.coremod.transformer.CoreModBaseTransformer/COREMOD]: Transforming net/minecraft/world/level/levelgen/structure/templatesystem/StructureTemplate
[20Sep2025 22:15:20.954] [Worker-Main-2/INFO] [net.minecraft.server.level.progress.LoggerChunkProgressListener/]: Preparing spawn area: 0%
[20Sep2025 22:15:20.966] [Worker-Main-2/INFO] [net.minecraft.server.level.progress.LoggerChunkProgressListener/]: Preparing spawn area: 0%
[20Sep2025 22:15:20.977] [Worker-Main-3/INFO] [net.minecraft.server.level.progress.LoggerChunkProgressListener/]: Preparing spawn area: 0%
[20Sep2025 22:15:20.987] [Worker-Main-3/INFO] [net.minecraft.server.level.progress.LoggerChunkProgressListener/]: Preparing spawn area: 0%
[20Sep2025 22:15:20.998] [Worker-Main-3/INFO] [net.minecraft.server.level.progress.LoggerChunkProgressListener/]: Preparing spawn area: 0%
[20Sep2025 22:15:21.007] [Worker-Main-2/INFO] [net.minecraft.server.level.progress.LoggerChunkProgressListener/]: Preparing spawn area: 0%
[20Sep2025 22:15:21.016] [Worker-Main-1/INFO] [net.minecraft.server.level.progress.LoggerChunkProgressListener/]: Preparing spawn area: 0%
[20Sep2025 22:15:21.027] [Worker-Main-3/INFO] [net.minecraft.server.level.progress.LoggerChunkProgressListener/]: Preparing spawn area: 0%
[20Sep2025 22:15:21.299] [Worker-Main-3/INFO] [net.minecraft.server.level.progress.LoggerChunkProgressListener/]: Preparing spawn area: 0%
[20Sep2025 22:15:21.796] [Worker-Main-2/INFO] [net.minecraft.server.level.progress.LoggerChunkProgressListener/]: Preparing spawn area: 12%
[20Sep2025 22:15:22.296] [Worker-Main-3/INFO] [net.minecraft.server.level.progress.LoggerChunkProgressListener/]: Preparing spawn area: 75%
[20Sep2025 22:15:22.464] [Server thread/INFO] [net.minecraft.server.level.progress.LoggerChunkProgressListener/]: Time elapsed: 5168 ms
[20Sep2025 22:15:22.464] [Server thread/INFO] [net.minecraft.server.dedicated.DedicatedServer/]: Done (8.248s)! For help, type "help"
[20Sep2025 22:15:22.470] [Server thread/DEBUG] [net.minecraftforge.network.DualStackUtils/]: Detected IPv6 address: "0:0:0:0:0:0:0:0"
[20Sep2025 22:15:22.477] [Server thread/DEBUG] [net.minecraftforge.common.ForgeI18n/CORE]: Loading I18N data entries: 1351
[20Sep2025 22:15:22.479] [Server thread/INFO] [net.minecraftforge.server.permission.PermissionAPI/]: Successfully initialized permission handler forge:default_handler
[20Sep2025 22:15:22.480] [Server thread/INFO] [Easy NPC/]: 🗣 Register Easy NPC Server is starting Events ...
[20Sep2025 22:15:22.481] [Server thread/INFO] [Easy NPC/]: 🗣 Register Easy NPC Server data folders ...
[20Sep2025 22:15:22.481] [Server thread/INFO] [Easy NPC/]: 🗣 Register Easy NPC Pose data folders ...
[20Sep2025 22:15:22.483] [Server thread/INFO] [Easy NPC/]: 🗣 Register Easy NPC custom pose data ...
[20Sep2025 22:15:22.485] [Server thread/WARN] [Easy NPC/]: Skin model pose file /workspaces/mundoH-qzt/servidor_minecraft/config/easy_npc/pose/humanoid_slim/humanoid_slim_poses.json already exists, skipping copy!
[20Sep2025 22:15:22.487] [Server thread/INFO] [Easy NPC/]: 🗣 Register Easy NPC custom poses from /workspaces/mundoH-qzt/servidor_minecraft/config/easy_npc/pose ...
[20Sep2025 22:15:22.488] [Server thread/INFO] [Easy NPC/]: Found custom pose file /workspaces/mundoH-qzt/servidor_minecraft/config/easy_npc/pose/humanoid_slim/humanoid_slim_poses.json ...
[20Sep2025 22:15:22.494] [Server thread/INFO] [Easy NPC/]: [Pose Manager] Registering pose data easy_npc:pose/humanoid_slim/crouching with Animation{name='Crouching', loop='hold_on_last_frame', animation_length=null, bones={Head=Bone{position=[0.0, -4.2, 0.0], rotation=[-7.5, 0.0, 0.0], scale=null, keyframePosition=null, keyframeRotation=null}, Body=Bone{position=[0.0, -3.2, 0.0], rotation=[20.0, 0.0, 0.0], scale=null, keyframePosition=null, keyframeRotation=null}, RightArm=Bone{position=[0.0, -3.2, 1.0], rotation=[40.0, 0.0, 0.0], scale=null, keyframePosition=null, keyframeRotation=null}, LeftArm=Bone{position=[0.0, -3.2, 1.0], rotation=[40.0, 0.0, 0.0], scale=null, keyframePosition=null, keyframeRotation=null}, RightLeg=Bone{position=[0.0, 0.0, 4.0], rotation=[-25.0, 0.0, 0.0], scale=null, keyframePosition=null, keyframeRotation=null}, LeftLeg=Bone{position=[0.0, 0.0, 3.0], rotation=[-10.0, 0.0, 0.0], scale=null, keyframePosition=null, keyframeRotation=null}}}
[20Sep2025 22:15:22.494] [Server thread/INFO] [Easy NPC/]: [Pose Manager] Registering pose data easy_npc:pose/humanoid_slim/standing with Animation{name='Standing', loop='hold_on_last_frame', animation_length=null, bones={Head=Bone{position=[0.0, 0.0, 0.0], rotation=[0.0, 0.0, 0.0], scale=null, keyframePosition=null, keyframeRotation=null}, Body=Bone{position=[0.0, 0.0, 0.0], rotation=[0.0, 0.0, 0.0], scale=null, keyframePosition=null, keyframeRotation=null}, RightArm=Bone{position=[0.0, 0.0, 0.0], rotation=[0.0, 0.0, 0.0], scale=null, keyframePosition=null, keyframeRotation=null}, LeftArm=Bone{position=[0.0, 0.0, 0.0], rotation=[0.0, 0.0, 0.0], scale=null, keyframePosition=null, keyframeRotation=null}, RightLeg=Bone{position=[0.0, 0.0, 0.0], rotation=[0.0, 0.0, 0.0], scale=null, keyframePosition=null, keyframeRotation=null}, LeftLeg=Bone{position=[0.0, 0.0, 0.0], rotation=[0.0, 0.0, 0.0], scale=null, keyframePosition=null, keyframeRotation=null}}}
[20Sep2025 22:15:22.494] [Server thread/INFO] [Easy NPC/]: [Pose Manager] Registering pose data easy_npc:pose/humanoid_slim/sitting with Animation{name='Sitting', loop='hold_on_last_frame', animation_length=null, bones={Head=Bone{position=[0.0, -10.5, 0.0], rotation=[0.0, 0.0, -2.5], scale=null, keyframePosition=null, keyframeRotation=null}, Body=Bone{position=[0.0, -10.5, 0.0], rotation=null, scale=null, keyframePosition=null, keyframeRotation=null}, RightArm=Bone{position=[0.0, -10.5, 0.0], rotation=[-35.0, 0.0, 0.0], scale=null, keyframePosition=null, keyframeRotation=null}, LeftArm=Bone{position=[0.0, -10.5, 0.0], rotation=[-35.0, 0.0, 0.0], scale=null, keyframePosition=null, keyframeRotation=null}, RightLeg=Bone{position=[0.0, -10.0, 0.0], rotation=[-90.0, 15.0, 0.0], scale=null, keyframePosition=null, keyframeRotation=null}, LeftLeg=Bone{position=[0.0, -10.0, 0.0], rotation=[-90.0, -10.5, 0.0], scale=null, keyframePosition=null, keyframeRotation=null}}}
[20Sep2025 22:15:22.495] [Server thread/INFO] [Easy NPC/]: [Pose Manager] Registering pose data easy_npc:pose/humanoid_slim/chilling with Animation{name='Chilling', loop='hold_on_last_frame', animation_length=null, bones={Head=Bone{position=[0.0, -12.5, 2.0], rotation=[-2.5, 0.0, 2.5], scale=null, keyframePosition=null, keyframeRotation=null}, Body=Bone{position=[0.0, -12.25, 3.0], rotation=[-20.0, 0.0, 0.0], scale=null, keyframePosition=null, keyframeRotation=null}, RightArm=Bone{position=[0.0, -12.5, 2.0], rotation=[17.5, 0.0, 0.0], scale=null, keyframePosition=null, keyframeRotation=null}, LeftArm=Bone{position=[0.0, -12.5, 2.0], rotation=[20.0, 0.0, 0.0], scale=null, keyframePosition=null, keyframeRotation=null}, RightLeg=Bone{position=[0.0, -10.0, 0.0], rotation=[-90.0, 15.0, -5.0], scale=null, keyframePosition=null, keyframeRotation=null}, LeftLeg=Bone{position=[0.0, -10.0, 0.75], rotation=[-90.0, -10.5, 5.0], scale=null, keyframePosition=null, keyframeRotation=null}}}
[20Sep2025 22:15:22.495] [Server thread/INFO] [Easy NPC/]: [Pose Manager] Registering pose data easy_npc:pose/humanoid_slim/rest with Animation{name='Rest', loop='hold_on_last_frame', animation_length=null, bones={Head=Bone{position=[0.0, -12.0, 0.0], rotation=[5.0, 0.0, 5.0], scale=null, keyframePosition=null, keyframeRotation=null}, Body=Bone{position=[0.0, -12.0, 0.0], rotation=[0.0, 0.0, 2.5], scale=null, keyframePosition=null, keyframeRotation=null}, RightArm=Bone{position=[-1.0, -11.0, 0.0], rotation=[-75.0, -30.0, 0.0], scale=null, keyframePosition=null, keyframeRotation=null}, LeftArm=Bone{position=[0.0, -12.0, 0.0], rotation=[-52.5, -5.0, 0.0], scale=null, keyframePosition=null, keyframeRotation=null}, RightLeg=Bone{position=[-3.0, -2.0, -2.0], rotation=[-32.5, -20.0, 0.0], scale=null, keyframePosition=null, keyframeRotation=null}, LeftLeg=Bone{position=[6.75, -10.0, 0.0], rotation=[-90.0, 40.0, 0.0], scale=null, keyframePosition=null, keyframeRotation=null}}}
[20Sep2025 22:15:22.497] [Server thread/INFO] [Easy NPC/]: 🗣 Register Easy NPC Backup data folders ...
[20Sep2025 22:15:23.743] [Netty Epoll Server IO #1/INFO] [net.minecraftforge.server.ServerLifecycleHooks/SERVERHOOKS]: Disconnecting Player (server is still starting): literal{Server is still starting! Please wait before reconnecting.}
[20Sep2025 22:15:24.021] [Server thread/DEBUG] [net.minecraftforge.coremod.transformer.CoreModBaseTransformer/COREMOD]: Transforming net/minecraft/world/level/NaturalSpawner
[20Sep2025 22:15:28.258] [Netty Epoll Server IO #3/DEBUG] [net.minecraftforge.network.HandshakeHandler/FMLHANDSHAKE]: Starting new modded impl connection. Found 23 messages to dispatch.
[20Sep2025 22:15:28.263] [Server thread/DEBUG] [net.minecraftforge.network.HandshakeHandler/FMLHANDSHAKE]: Sending ticking packet info 'net.minecraftforge.network.HandshakeMessages$S2CModData' to 'fml:handshake' sequence 0
[20Sep2025 22:15:28.303] [Server thread/DEBUG] [net.minecraftforge.network.HandshakeHandler/FMLHANDSHAKE]: Sending ticking packet info 'net.minecraftforge.network.HandshakeMessages$S2CModList' to 'fml:handshake' sequence 1
[20Sep2025 22:15:28.353] [Server thread/DEBUG] [net.minecraftforge.network.HandshakeHandler/FMLHANDSHAKE]: Sending ticking packet info 'Registry minecraft:command_argument_type' to 'fml:handshake' sequence 2
[20Sep2025 22:15:28.380] [Netty Epoll Server IO #3/DEBUG] [net.minecraftforge.network.LoginWrapper/FMLHANDSHAKE]: Recieved login wrapper packet event for channel fml:handshake with index 1
[20Sep2025 22:15:28.382] [Netty Epoll Server IO #3/DEBUG] [net.minecraftforge.network.HandshakeHandler/FMLHANDSHAKE]: Received client indexed reply 1 of type net.minecraftforge.network.HandshakeMessages$C2SModListReply
[20Sep2025 22:15:28.382] [Netty Epoll Server IO #3/DEBUG] [net.minecraftforge.network.HandshakeHandler/FMLHANDSHAKE]: Received client connection with modlist [minecraft, easy_npc, framework, forge, moreplayermodels, customskinloader, refurbished_furniture]
[20Sep2025 22:15:28.383] [Netty Epoll Server IO #3/DEBUG] [net.minecraftforge.network.NetworkRegistry/NETREGISTRY]: Channel 'worldedit:cui' : Version test of 'ABSENT 🤔' from client : ACCEPTED
[20Sep2025 22:15:28.383] [Netty Epoll Server IO #3/DEBUG] [net.minecraftforge.network.NetworkRegistry/NETREGISTRY]: Channel 'fml:loginwrapper' : Version test of 'FML3' from client : ACCEPTED
[20Sep2025 22:15:28.383] [Netty Epoll Server IO #3/DEBUG] [net.minecraftforge.network.NetworkRegistry/NETREGISTRY]: Channel 'forge:tier_sorting' : Version test of '1.0' from client : ACCEPTED
[20Sep2025 22:15:28.383] [Netty Epoll Server IO #3/DEBUG] [net.minecraftforge.network.NetworkRegistry/NETREGISTRY]: Channel 'easy_npc:network' : Version test of '23' from client : ACCEPTED
[20Sep2025 22:15:28.383] [Netty Epoll Server IO #3/DEBUG] [net.minecraftforge.network.NetworkRegistry/NETREGISTRY]: Channel 'minecraft:unregister' : Version test of 'FML3' from client : ACCEPTED
[20Sep2025 22:15:28.383] [Netty Epoll Server IO #3/DEBUG] [net.minecraftforge.network.NetworkRegistry/NETREGISTRY]: Channel 'fml:play' : Version test of 'FML3' from client : ACCEPTED
[20Sep2025 22:15:28.383] [Netty Epoll Server IO #3/DEBUG] [net.minecraftforge.network.NetworkRegistry/NETREGISTRY]: Channel 'framework:play' : Version test of '1' from client : ACCEPTED
[20Sep2025 22:15:28.384] [Netty Epoll Server IO #3/DEBUG] [net.minecraftforge.network.NetworkRegistry/NETREGISTRY]: Channel 'moreplayermodels:packets' : Version test of 'mpm' from client : ACCEPTED
[20Sep2025 22:15:28.384] [Netty Epoll Server IO #3/DEBUG] [net.minecraftforge.network.NetworkRegistry/NETREGISTRY]: Channel 'fml:handshake' : Version test of 'FML3' from client : ACCEPTED
[20Sep2025 22:15:28.384] [Netty Epoll Server IO #3/DEBUG] [net.minecraftforge.network.NetworkRegistry/NETREGISTRY]: Channel 'worldedit:internal' : Version test of 'ABSENT 🤔' from client : ACCEPTED
[20Sep2025 22:15:28.384] [Netty Epoll Server IO #3/DEBUG] [net.minecraftforge.network.NetworkRegistry/NETREGISTRY]: Channel 'minecraft:register' : Version test of 'FML3' from client : ACCEPTED
[20Sep2025 22:15:28.384] [Netty Epoll Server IO #3/DEBUG] [net.minecraftforge.network.NetworkRegistry/NETREGISTRY]: Channel 'forge:split' : Version test of '1.1' from client : ACCEPTED
[20Sep2025 22:15:28.384] [Netty Epoll Server IO #3/DEBUG] [net.minecraftforge.network.NetworkRegistry/NETREGISTRY]: Channel 'framework:handshake' : Version test of '1' from client : ACCEPTED
[20Sep2025 22:15:28.384] [Netty Epoll Server IO #3/DEBUG] [net.minecraftforge.network.NetworkRegistry/NETREGISTRY]: Channel 'refurbished_furniture:play' : Version test of '1' from client : ACCEPTED
[20Sep2025 22:15:28.384] [Netty Epoll Server IO #3/DEBUG] [net.minecraftforge.network.NetworkRegistry/NETREGISTRY]: Accepting channel list from client
[20Sep2025 22:15:28.384] [Netty Epoll Server IO #3/DEBUG] [net.minecraftforge.network.HandshakeHandler/FMLHANDSHAKE]: Accepted client connection mod list
[20Sep2025 22:15:28.406] [Server thread/DEBUG] [net.minecraftforge.network.HandshakeHandler/FMLHANDSHAKE]: Sending ticking packet info 'Registry minecraft:recipe_serializer' to 'fml:handshake' sequence 3
[20Sep2025 22:15:28.443] [Netty Epoll Server IO #3/DEBUG] [net.minecraftforge.network.LoginWrapper/FMLHANDSHAKE]: Recieved login wrapper packet event for channel fml:handshake with index 2
[20Sep2025 22:15:28.443] [Netty Epoll Server IO #3/DEBUG] [net.minecraftforge.network.HandshakeHandler/FMLHANDSHAKE]: Received client indexed reply 2 of type net.minecraftforge.network.HandshakeMessages$C2SAcknowledge
[20Sep2025 22:15:28.443] [Netty Epoll Server IO #3/DEBUG] [net.minecraftforge.network.HandshakeHandler/FMLHANDSHAKE]: Received acknowledgement from client
[20Sep2025 22:15:28.449] [Server thread/DEBUG] [net.minecraftforge.network.HandshakeHandler/FMLHANDSHAKE]: Sending ticking packet info 'Registry minecraft:sound_event' to 'fml:handshake' sequence 4
[20Sep2025 22:15:28.474] [Netty Epoll Server IO #3/DEBUG] [net.minecraftforge.network.LoginWrapper/FMLHANDSHAKE]: Recieved login wrapper packet event for channel fml:handshake with index 3
[20Sep2025 22:15:28.475] [Netty Epoll Server IO #3/DEBUG] [net.minecraftforge.network.HandshakeHandler/FMLHANDSHAKE]: Received client indexed reply 3 of type net.minecraftforge.network.HandshakeMessages$C2SAcknowledge
[20Sep2025 22:15:28.475] [Netty Epoll Server IO #3/DEBUG] [net.minecraftforge.network.HandshakeHandler/FMLHANDSHAKE]: Received acknowledgement from client
[20Sep2025 22:15:28.501] [Server thread/DEBUG] [net.minecraftforge.network.HandshakeHandler/FMLHANDSHAKE]: Sending ticking packet info 'Registry minecraft:particle_type' to 'fml:handshake' sequence 5
[20Sep2025 22:15:28.554] [Server thread/DEBUG] [net.minecraftforge.network.HandshakeHandler/FMLHANDSHAKE]: Sending ticking packet info 'Registry minecraft:villager_profession' to 'fml:handshake' sequence 6
[20Sep2025 22:15:28.604] [Server thread/DEBUG] [net.minecraftforge.network.HandshakeHandler/FMLHANDSHAKE]: Sending ticking packet info 'Registry minecraft:item' to 'fml:handshake' sequence 7
[20Sep2025 22:15:28.654] [Server thread/DEBUG] [net.minecraftforge.network.HandshakeHandler/FMLHANDSHAKE]: Sending ticking packet info 'Registry minecraft:potion' to 'fml:handshake' sequence 8
[20Sep2025 22:15:28.701] [Server thread/DEBUG] [net.minecraftforge.network.HandshakeHandler/FMLHANDSHAKE]: Sending ticking packet info 'Registry minecraft:painting_variant' to 'fml:handshake' sequence 9
[20Sep2025 22:15:28.755] [Server thread/DEBUG] [net.minecraftforge.network.HandshakeHandler/FMLHANDSHAKE]: Sending ticking packet info 'Registry forge:fluid_type' to 'fml:handshake' sequence 10
[20Sep2025 22:15:28.775] [Netty Epoll Server IO #3/DEBUG] [net.minecraftforge.network.LoginWrapper/FMLHANDSHAKE]: Recieved login wrapper packet event for channel fml:handshake with index 4
[20Sep2025 22:15:28.775] [Netty Epoll Server IO #3/DEBUG] [net.minecraftforge.network.HandshakeHandler/FMLHANDSHAKE]: Received client indexed reply 4 of type net.minecraftforge.network.HandshakeMessages$C2SAcknowledge
[20Sep2025 22:15:28.776] [Netty Epoll Server IO #3/DEBUG] [net.minecraftforge.network.HandshakeHandler/FMLHANDSHAKE]: Received acknowledgement from client
[20Sep2025 22:15:28.776] [Netty Epoll Server IO #3/DEBUG] [net.minecraftforge.network.LoginWrapper/FMLHANDSHAKE]: Recieved login wrapper packet event for channel fml:handshake with index 5
[20Sep2025 22:15:28.776] [Netty Epoll Server IO #3/DEBUG] [net.minecraftforge.network.HandshakeHandler/FMLHANDSHAKE]: Received client indexed reply 5 of type net.minecraftforge.network.HandshakeMessages$C2SAcknowledge
[20Sep2025 22:15:28.776] [Netty Epoll Server IO #3/DEBUG] [net.minecraftforge.network.HandshakeHandler/FMLHANDSHAKE]: Received acknowledgement from client
[20Sep2025 22:15:28.776] [Netty Epoll Server IO #3/DEBUG] [net.minecraftforge.network.LoginWrapper/FMLHANDSHAKE]: Recieved login wrapper packet event for channel fml:handshake with index 6
[20Sep2025 22:15:28.777] [Netty Epoll Server IO #3/DEBUG] [net.minecraftforge.network.HandshakeHandler/FMLHANDSHAKE]: Received client indexed reply 6 of type net.minecraftforge.network.HandshakeMessages$C2SAcknowledge
[20Sep2025 22:15:28.777] [Netty Epoll Server IO #3/DEBUG] [net.minecraftforge.network.HandshakeHandler/FMLHANDSHAKE]: Received acknowledgement from client
[20Sep2025 22:15:28.806] [Server thread/DEBUG] [net.minecraftforge.network.HandshakeHandler/FMLHANDSHAKE]: Sending ticking packet info 'Registry minecraft:block_entity_type' to 'fml:handshake' sequence 11
[20Sep2025 22:15:28.851] [Server thread/DEBUG] [net.minecraftforge.network.HandshakeHandler/FMLHANDSHAKE]: Sending ticking packet info 'Registry forge:display_contexts' to 'fml:handshake' sequence 12
[20Sep2025 22:15:28.900] [Server thread/DEBUG] [net.minecraftforge.network.HandshakeHandler/FMLHANDSHAKE]: Sending ticking packet info 'Registry minecraft:block' to 'fml:handshake' sequence 13
[20Sep2025 22:15:28.926] [Netty Epoll Server IO #3/DEBUG] [net.minecraftforge.network.LoginWrapper/FMLHANDSHAKE]: Recieved login wrapper packet event for channel fml:handshake with index 7
[20Sep2025 22:15:28.926] [Netty Epoll Server IO #3/DEBUG] [net.minecraftforge.network.HandshakeHandler/FMLHANDSHAKE]: Received client indexed reply 7 of type net.minecraftforge.network.HandshakeMessages$C2SAcknowledge
[20Sep2025 22:15:28.926] [Netty Epoll Server IO #3/DEBUG] [net.minecraftforge.network.HandshakeHandler/FMLHANDSHAKE]: Received acknowledgement from client
[20Sep2025 22:15:28.928] [Netty Epoll Server IO #3/DEBUG] [net.minecraftforge.network.LoginWrapper/FMLHANDSHAKE]: Recieved login wrapper packet event for channel fml:handshake with index 8
[20Sep2025 22:15:28.928] [Netty Epoll Server IO #3/DEBUG] [net.minecraftforge.network.HandshakeHandler/FMLHANDSHAKE]: Received client indexed reply 8 of type net.minecraftforge.network.HandshakeMessages$C2SAcknowledge
[20Sep2025 22:15:28.929] [Netty Epoll Server IO #3/DEBUG] [net.minecraftforge.network.HandshakeHandler/FMLHANDSHAKE]: Received acknowledgement from client
[20Sep2025 22:15:28.929] [Netty Epoll Server IO #3/DEBUG] [net.minecraftforge.network.LoginWrapper/FMLHANDSHAKE]: Recieved login wrapper packet event for channel fml:handshake with index 9
[20Sep2025 22:15:28.929] [Netty Epoll Server IO #3/DEBUG] [net.minecraftforge.network.HandshakeHandler/FMLHANDSHAKE]: Received client indexed reply 9 of type net.minecraftforge.network.HandshakeMessages$C2SAcknowledge
[20Sep2025 22:15:28.929] [Netty Epoll Server IO #3/DEBUG] [net.minecraftforge.network.HandshakeHandler/FMLHANDSHAKE]: Received acknowledgement from client
[20Sep2025 22:15:28.930] [Netty Epoll Server IO #3/DEBUG] [net.minecraftforge.network.LoginWrapper/FMLHANDSHAKE]: Recieved login wrapper packet event for channel fml:handshake with index 10
[20Sep2025 22:15:28.930] [Netty Epoll Server IO #3/DEBUG] [net.minecraftforge.network.HandshakeHandler/FMLHANDSHAKE]: Received client indexed reply 10 of type net.minecraftforge.network.HandshakeMessages$C2SAcknowledge
[20Sep2025 22:15:28.930] [Netty Epoll Server IO #3/DEBUG] [net.minecraftforge.network.HandshakeHandler/FMLHANDSHAKE]: Received acknowledgement from client
[20Sep2025 22:15:28.931] [Netty Epoll Server IO #3/DEBUG] [net.minecraftforge.network.LoginWrapper/FMLHANDSHAKE]: Recieved login wrapper packet event for channel fml:handshake with index 11
[20Sep2025 22:15:28.931] [Netty Epoll Server IO #3/DEBUG] [net.minecraftforge.network.HandshakeHandler/FMLHANDSHAKE]: Received client indexed reply 11 of type net.minecraftforge.network.HandshakeMessages$C2SAcknowledge
[20Sep2025 22:15:28.931] [Netty Epoll Server IO #3/DEBUG] [net.minecraftforge.network.HandshakeHandler/FMLHANDSHAKE]: Received acknowledgement from client
[20Sep2025 22:15:28.932] [Netty Epoll Server IO #3/DEBUG] [net.minecraftforge.network.LoginWrapper/FMLHANDSHAKE]: Recieved login wrapper packet event for channel fml:handshake with index 12
[20Sep2025 22:15:28.932] [Netty Epoll Server IO #3/DEBUG] [net.minecraftforge.network.HandshakeHandler/FMLHANDSHAKE]: Received client indexed reply 12 of type net.minecraftforge.network.HandshakeMessages$C2SAcknowledge
[20Sep2025 22:15:28.932] [Netty Epoll Server IO #3/DEBUG] [net.minecraftforge.network.HandshakeHandler/FMLHANDSHAKE]: Received acknowledgement from client
[20Sep2025 22:15:28.952] [Server thread/DEBUG] [net.minecraftforge.network.HandshakeHandler/FMLHANDSHAKE]: Sending ticking packet info 'Registry forge:entity_data_serializers' to 'fml:handshake' sequence 14
[20Sep2025 22:15:29.002] [Server thread/DEBUG] [net.minecraftforge.network.HandshakeHandler/FMLHANDSHAKE]: Sending ticking packet info 'Registry minecraft:mob_effect' to 'fml:handshake' sequence 15
[20Sep2025 22:15:29.053] [Server thread/DEBUG] [net.minecraftforge.network.HandshakeHandler/FMLHANDSHAKE]: Sending ticking packet info 'Registry minecraft:stat_type' to 'fml:handshake' sequence 16
[20Sep2025 22:15:29.102] [Server thread/DEBUG] [net.minecraftforge.network.HandshakeHandler/FMLHANDSHAKE]: Sending ticking packet info 'Registry minecraft:menu' to 'fml:handshake' sequence 17
[20Sep2025 22:15:29.152] [Server thread/DEBUG] [net.minecraftforge.network.HandshakeHandler/FMLHANDSHAKE]: Sending ticking packet info 'Registry minecraft:enchantment' to 'fml:handshake' sequence 18
[20Sep2025 22:15:29.199] [Server thread/DEBUG] [net.minecraftforge.network.HandshakeHandler/FMLHANDSHAKE]: Sending ticking packet info 'Registry minecraft:fluid' to 'fml:handshake' sequence 19
[20Sep2025 22:15:29.242] [Netty Epoll Server IO #3/DEBUG] [net.minecraftforge.network.LoginWrapper/FMLHANDSHAKE]: Recieved login wrapper packet event for channel fml:handshake with index 13
[20Sep2025 22:15:29.242] [Netty Epoll Server IO #3/DEBUG] [net.minecraftforge.network.HandshakeHandler/FMLHANDSHAKE]: Received client indexed reply 13 of type net.minecraftforge.network.HandshakeMessages$C2SAcknowledge
[20Sep2025 22:15:29.242] [Netty Epoll Server IO #3/DEBUG] [net.minecraftforge.network.HandshakeHandler/FMLHANDSHAKE]: Received acknowledgement from client
[20Sep2025 22:15:29.242] [Netty Epoll Server IO #3/DEBUG] [net.minecraftforge.network.LoginWrapper/FMLHANDSHAKE]: Recieved login wrapper packet event for channel fml:handshake with index 14
[20Sep2025 22:15:29.243] [Netty Epoll Server IO #3/DEBUG] [net.minecraftforge.network.HandshakeHandler/FMLHANDSHAKE]: Received client indexed reply 14 of type net.minecraftforge.network.HandshakeMessages$C2SAcknowledge
[20Sep2025 22:15:29.243] [Netty Epoll Server IO #3/DEBUG] [net.minecraftforge.network.HandshakeHandler/FMLHANDSHAKE]: Received acknowledgement from client
[20Sep2025 22:15:29.243] [Netty Epoll Server IO #3/DEBUG] [net.minecraftforge.network.LoginWrapper/FMLHANDSHAKE]: Recieved login wrapper packet event for channel fml:handshake with index 15
[20Sep2025 22:15:29.243] [Netty Epoll Server IO #3/DEBUG] [net.minecraftforge.network.HandshakeHandler/FMLHANDSHAKE]: Received client indexed reply 15 of type net.minecraftforge.network.HandshakeMessages$C2SAcknowledge
[20Sep2025 22:15:29.243] [Netty Epoll Server IO #3/DEBUG] [net.minecraftforge.network.HandshakeHandler/FMLHANDSHAKE]: Received acknowledgement from client
[20Sep2025 22:15:29.244] [Netty Epoll Server IO #3/DEBUG] [net.minecraftforge.network.LoginWrapper/FMLHANDSHAKE]: Recieved login wrapper packet event for channel fml:handshake with index 16
[20Sep2025 22:15:29.244] [Netty Epoll Server IO #3/DEBUG] [net.minecraftforge.network.HandshakeHandler/FMLHANDSHAKE]: Received client indexed reply 16 of type net.minecraftforge.network.HandshakeMessages$C2SAcknowledge
[20Sep2025 22:15:29.244] [Netty Epoll Server IO #3/DEBUG] [net.minecraftforge.network.HandshakeHandler/FMLHANDSHAKE]: Received acknowledgement from client
[20Sep2025 22:15:29.250] [Server thread/DEBUG] [net.minecraftforge.network.HandshakeHandler/FMLHANDSHAKE]: Sending ticking packet info 'Registry minecraft:entity_type' to 'fml:handshake' sequence 20
[20Sep2025 22:15:29.276] [Netty Epoll Server IO #3/DEBUG] [net.minecraftforge.network.LoginWrapper/FMLHANDSHAKE]: Recieved login wrapper packet event for channel fml:handshake with index 17
[20Sep2025 22:15:29.277] [Netty Epoll Server IO #3/DEBUG] [net.minecraftforge.network.HandshakeHandler/FMLHANDSHAKE]: Received client indexed reply 17 of type net.minecraftforge.network.HandshakeMessages$C2SAcknowledge
[20Sep2025 22:15:29.277] [Netty Epoll Server IO #3/DEBUG] [net.minecraftforge.network.HandshakeHandler/FMLHANDSHAKE]: Received acknowledgement from client
[20Sep2025 22:15:29.279] [Netty Epoll Server IO #3/DEBUG] [net.minecraftforge.network.LoginWrapper/FMLHANDSHAKE]: Recieved login wrapper packet event for channel fml:handshake with index 18
[20Sep2025 22:15:29.279] [Netty Epoll Server IO #3/DEBUG] [net.minecraftforge.network.HandshakeHandler/FMLHANDSHAKE]: Received client indexed reply 18 of type net.minecraftforge.network.HandshakeMessages$C2SAcknowledge
[20Sep2025 22:15:29.279] [Netty Epoll Server IO #3/DEBUG] [net.minecraftforge.network.HandshakeHandler/FMLHANDSHAKE]: Received acknowledgement from client
[20Sep2025 22:15:29.283] [Netty Epoll Server IO #3/DEBUG] [net.minecraftforge.network.LoginWrapper/FMLHANDSHAKE]: Recieved login wrapper packet event for channel fml:handshake with index 19
[20Sep2025 22:15:29.283] [Netty Epoll Server IO #3/DEBUG] [net.minecraftforge.network.HandshakeHandler/FMLHANDSHAKE]: Received client indexed reply 19 of type net.minecraftforge.network.HandshakeMessages$C2SAcknowledge
[20Sep2025 22:15:29.283] [Netty Epoll Server IO #3/DEBUG] [net.minecraftforge.network.HandshakeHandler/FMLHANDSHAKE]: Received acknowledgement from client
[20Sep2025 22:15:29.298] [Server thread/DEBUG] [net.minecraftforge.network.HandshakeHandler/FMLHANDSHAKE]: Sending ticking packet info 'Config forge-server.toml' to 'fml:handshake' sequence 21
[20Sep2025 22:15:29.348] [Server thread/DEBUG] [net.minecraftforge.network.HandshakeHandler/FMLHANDSHAKE]: Sending ticking packet info 'FrameworkConfig refurbished_furniture:server' to 'framework:handshake' sequence 22
[20Sep2025 22:15:32.400] [Netty Epoll Server IO #3/DEBUG] [net.minecraftforge.network.LoginWrapper/FMLHANDSHAKE]: Recieved login wrapper packet event for channel fml:handshake with index 20
[20Sep2025 22:15:32.401] [Netty Epoll Server IO #3/DEBUG] [net.minecraftforge.network.HandshakeHandler/FMLHANDSHAKE]: Received client indexed reply 20 of type net.minecraftforge.network.HandshakeMessages$C2SAcknowledge
[20Sep2025 22:15:32.401] [Netty Epoll Server IO #3/DEBUG] [net.minecraftforge.network.HandshakeHandler/FMLHANDSHAKE]: Received acknowledgement from client
[20Sep2025 22:15:32.409] [Netty Epoll Server IO #3/DEBUG] [net.minecraftforge.network.LoginWrapper/FMLHANDSHAKE]: Recieved login wrapper packet event for channel fml:handshake with index 21
[20Sep2025 22:15:32.409] [Netty Epoll Server IO #3/DEBUG] [net.minecraftforge.network.HandshakeHandler/FMLHANDSHAKE]: Received client indexed reply 21 of type net.minecraftforge.network.HandshakeMessages$C2SAcknowledge
[20Sep2025 22:15:32.409] [Netty Epoll Server IO #3/DEBUG] [net.minecraftforge.network.HandshakeHandler/FMLHANDSHAKE]: Received acknowledgement from client
[20Sep2025 22:15:32.425] [Netty Epoll Server IO #3/DEBUG] [net.minecraftforge.network.LoginWrapper/FMLHANDSHAKE]: Recieved login wrapper packet event for channel framework:handshake with index 22
[20Sep2025 22:15:32.425] [Netty Epoll Server IO #3/DEBUG] [net.minecraftforge.network.HandshakeHandler/FMLHANDSHAKE]: Received client indexed reply 22 of type com.mrcrayfish.framework.api.network.message.HandshakeMessage$Acknowledge
[20Sep2025 22:15:32.426] [Netty Epoll Server IO #3/DEBUG] [Framework/FRAMEWORK_HANDSHAKE]: Received acknowledgement from client
[20Sep2025 22:15:32.446] [Server thread/DEBUG] [net.minecraftforge.network.HandshakeHandler/FMLHANDSHAKE]: Handshake complete!
[20Sep2025 22:15:32.570] [Server thread/INFO] [net.minecraft.server.players.PlayerList/]: Lumpylauncer[/100.84.200.109:33170] logged in with entity id 213 at (-1010.6092006944283, 113.0, 765.2114332075344)
[20Sep2025 22:15:32.582] [Server thread/DEBUG] [net.minecraftforge.network.filters.NetworkFilters/]: Injected net.minecraftforge.network.filters.ForgeConnectionNetworkFilter@4ab19498 into net.minecraft.network.Connection@651f9267
[20Sep2025 22:15:32.652] [Server thread/INFO] [net.minecraft.server.MinecraftServer/]: Lumpylauncer joined the game
[20Sep2025 22:15:32.952] [Server thread/DEBUG] [io.netty.util.internal.ThreadLocalRandom/]: -Dio.netty.initialSeedUniquifier: 0x86cde0e3fdc55d63
[20Sep2025 22:16:03.091] [Netty Epoll Server IO #5/DEBUG] [net.minecraftforge.network.HandshakeHandler/FMLHANDSHAKE]: Starting new modded impl connection. Found 23 messages to dispatch.
[20Sep2025 22:16:03.103] [Server thread/DEBUG] [net.minecraftforge.network.HandshakeHandler/FMLHANDSHAKE]: Sending ticking packet info 'net.minecraftforge.network.HandshakeMessages$S2CModData' to 'fml:handshake' sequence 0
[20Sep2025 22:16:03.150] [Server thread/DEBUG] [net.minecraftforge.network.HandshakeHandler/FMLHANDSHAKE]: Sending ticking packet info 'net.minecraftforge.network.HandshakeMessages$S2CModList' to 'fml:handshake' sequence 1
[20Sep2025 22:16:03.202] [Server thread/DEBUG] [net.minecraftforge.network.HandshakeHandler/FMLHANDSHAKE]: Sending ticking packet info 'Registry minecraft:command_argument_type' to 'fml:handshake' sequence 2
[20Sep2025 22:16:03.250] [Server thread/DEBUG] [net.minecraftforge.network.HandshakeHandler/FMLHANDSHAKE]: Sending ticking packet info 'Registry minecraft:recipe_serializer' to 'fml:handshake' sequence 3
[20Sep2025 22:16:03.302] [Server thread/DEBUG] [net.minecraftforge.network.HandshakeHandler/FMLHANDSHAKE]: Sending ticking packet info 'Registry minecraft:sound_event' to 'fml:handshake' sequence 4
[20Sep2025 22:16:03.350] [Server thread/DEBUG] [net.minecraftforge.network.HandshakeHandler/FMLHANDSHAKE]: Sending ticking packet info 'Registry minecraft:particle_type' to 'fml:handshake' sequence 5
[20Sep2025 22:16:03.400] [Server thread/DEBUG] [net.minecraftforge.network.HandshakeHandler/FMLHANDSHAKE]: Sending ticking packet info 'Registry minecraft:villager_profession' to 'fml:handshake' sequence 6
[20Sep2025 22:16:03.449] [Server thread/DEBUG] [net.minecraftforge.network.HandshakeHandler/FMLHANDSHAKE]: Sending ticking packet info 'Registry minecraft:item' to 'fml:handshake' sequence 7
[20Sep2025 22:16:03.500] [Server thread/DEBUG] [net.minecraftforge.network.HandshakeHandler/FMLHANDSHAKE]: Sending ticking packet info 'Registry minecraft:potion' to 'fml:handshake' sequence 8
[20Sep2025 22:16:03.549] [Server thread/DEBUG] [net.minecraftforge.network.HandshakeHandler/FMLHANDSHAKE]: Sending ticking packet info 'Registry minecraft:painting_variant' to 'fml:handshake' sequence 9
[20Sep2025 22:16:03.601] [Server thread/DEBUG] [net.minecraftforge.network.HandshakeHandler/FMLHANDSHAKE]: Sending ticking packet info 'Registry forge:fluid_type' to 'fml:handshake' sequence 10
[20Sep2025 22:16:03.613] [Netty Epoll Server IO #5/DEBUG] [net.minecraftforge.network.LoginWrapper/FMLHANDSHAKE]: Recieved login wrapper packet event for channel fml:handshake with index 1
[20Sep2025 22:16:03.613] [Netty Epoll Server IO #5/DEBUG] [net.minecraftforge.network.HandshakeHandler/FMLHANDSHAKE]: Received client indexed reply 1 of type net.minecraftforge.network.HandshakeMessages$C2SModListReply
[20Sep2025 22:16:03.613] [Netty Epoll Server IO #5/DEBUG] [net.minecraftforge.network.HandshakeHandler/FMLHANDSHAKE]: Received client connection with modlist [minecraft, easy_npc, playeranimator, customskinloader, trender, betterfpsdist, rubidium, sodium, oculus, iris, moreplayermodels, modernfix, freecam, entityculling, canary, mixinextras, worldedit, immediatelyfast, ferritecore, cupboard, transition, refurbished_furniture, memoryleakfix, framework, cloth_config, seriousplayeranimations, forge]
[20Sep2025 22:16:03.613] [Netty Epoll Server IO #5/DEBUG] [net.minecraftforge.network.NetworkRegistry/NETREGISTRY]: Channel 'worldedit:cui' : Version test of '1' from client : ACCEPTED
[20Sep2025 22:16:03.613] [Netty Epoll Server IO #5/DEBUG] [net.minecraftforge.network.NetworkRegistry/NETREGISTRY]: Channel 'fml:loginwrapper' : Version test of 'FML3' from client : ACCEPTED
[20Sep2025 22:16:03.613] [Netty Epoll Server IO #5/DEBUG] [net.minecraftforge.network.NetworkRegistry/NETREGISTRY]: Channel 'forge:tier_sorting' : Version test of '1.0' from client : ACCEPTED
[20Sep2025 22:16:03.613] [Netty Epoll Server IO #5/DEBUG] [net.minecraftforge.network.NetworkRegistry/NETREGISTRY]: Channel 'easy_npc:network' : Version test of '23' from client : ACCEPTED
[20Sep2025 22:16:03.613] [Netty Epoll Server IO #5/DEBUG] [net.minecraftforge.network.NetworkRegistry/NETREGISTRY]: Channel 'minecraft:unregister' : Version test of 'FML3' from client : ACCEPTED
[20Sep2025 22:16:03.613] [Netty Epoll Server IO #5/DEBUG] [net.minecraftforge.network.NetworkRegistry/NETREGISTRY]: Channel 'fml:play' : Version test of 'FML3' from client : ACCEPTED
[20Sep2025 22:16:03.613] [Netty Epoll Server IO #5/DEBUG] [net.minecraftforge.network.NetworkRegistry/NETREGISTRY]: Channel 'framework:play' : Version test of '1' from client : ACCEPTED
[20Sep2025 22:16:03.614] [Netty Epoll Server IO #5/DEBUG] [net.minecraftforge.network.NetworkRegistry/NETREGISTRY]: Channel 'moreplayermodels:packets' : Version test of 'mpm' from client : ACCEPTED
[20Sep2025 22:16:03.614] [Netty Epoll Server IO #5/DEBUG] [net.minecraftforge.network.NetworkRegistry/NETREGISTRY]: Channel 'fml:handshake' : Version test of 'FML3' from client : ACCEPTED
[20Sep2025 22:16:03.614] [Netty Epoll Server IO #5/DEBUG] [net.minecraftforge.network.NetworkRegistry/NETREGISTRY]: Channel 'worldedit:internal' : Version test of '1' from client : ACCEPTED
[20Sep2025 22:16:03.614] [Netty Epoll Server IO #5/DEBUG] [net.minecraftforge.network.NetworkRegistry/NETREGISTRY]: Channel 'minecraft:register' : Version test of 'FML3' from client : ACCEPTED
[20Sep2025 22:16:03.614] [Netty Epoll Server IO #5/DEBUG] [net.minecraftforge.network.NetworkRegistry/NETREGISTRY]: Channel 'forge:split' : Version test of '1.1' from client : ACCEPTED
[20Sep2025 22:16:03.614] [Netty Epoll Server IO #5/DEBUG] [net.minecraftforge.network.NetworkRegistry/NETREGISTRY]: Channel 'framework:handshake' : Version test of '1' from client : ACCEPTED
[20Sep2025 22:16:03.614] [Netty Epoll Server IO #5/DEBUG] [net.minecraftforge.network.NetworkRegistry/NETREGISTRY]: Channel 'refurbished_furniture:play' : Version test of '1' from client : ACCEPTED
[20Sep2025 22:16:03.614] [Netty Epoll Server IO #5/DEBUG] [net.minecraftforge.network.NetworkRegistry/NETREGISTRY]: Accepting channel list from client
[20Sep2025 22:16:03.614] [Netty Epoll Server IO #5/DEBUG] [net.minecraftforge.network.HandshakeHandler/FMLHANDSHAKE]: Accepted client connection mod list
[20Sep2025 22:16:03.636] [Netty Epoll Server IO #5/DEBUG] [net.minecraftforge.network.LoginWrapper/FMLHANDSHAKE]: Recieved login wrapper packet event for channel fml:handshake with index 2
[20Sep2025 22:16:03.636] [Netty Epoll Server IO #5/DEBUG] [net.minecraftforge.network.HandshakeHandler/FMLHANDSHAKE]: Received client indexed reply 2 of type net.minecraftforge.network.HandshakeMessages$C2SAcknowledge
[20Sep2025 22:16:03.637] [Netty Epoll Server IO #5/DEBUG] [net.minecraftforge.network.HandshakeHandler/FMLHANDSHAKE]: Received acknowledgement from client
[20Sep2025 22:16:03.637] [Netty Epoll Server IO #5/DEBUG] [net.minecraftforge.network.LoginWrapper/FMLHANDSHAKE]: Recieved login wrapper packet event for channel fml:handshake with index 3
[20Sep2025 22:16:03.637] [Netty Epoll Server IO #5/DEBUG] [net.minecraftforge.network.HandshakeHandler/FMLHANDSHAKE]: Received client indexed reply 3 of type net.minecraftforge.network.HandshakeMessages$C2SAcknowledge
[20Sep2025 22:16:03.637] [Netty Epoll Server IO #5/DEBUG] [net.minecraftforge.network.HandshakeHandler/FMLHANDSHAKE]: Received acknowledgement from client
[20Sep2025 22:16:03.650] [Server thread/DEBUG] [net.minecraftforge.network.HandshakeHandler/FMLHANDSHAKE]: Sending ticking packet info 'Registry minecraft:block_entity_type' to 'fml:handshake' sequence 11
[20Sep2025 22:16:03.701] [Server thread/DEBUG] [net.minecraftforge.network.HandshakeHandler/FMLHANDSHAKE]: Sending ticking packet info 'Registry forge:display_contexts' to 'fml:handshake' sequence 12
[20Sep2025 22:16:03.708] [Netty Epoll Server IO #5/DEBUG] [net.minecraftforge.network.LoginWrapper/FMLHANDSHAKE]: Recieved login wrapper packet event for channel fml:handshake with index 4
[20Sep2025 22:16:03.708] [Netty Epoll Server IO #5/DEBUG] [net.minecraftforge.network.HandshakeHandler/FMLHANDSHAKE]: Received client indexed reply 4 of type net.minecraftforge.network.HandshakeMessages$C2SAcknowledge
[20Sep2025 22:16:03.708] [Netty Epoll Server IO #5/DEBUG] [net.minecraftforge.network.HandshakeHandler/FMLHANDSHAKE]: Received acknowledgement from client
[20Sep2025 22:16:03.708] [Netty Epoll Server IO #5/DEBUG] [net.minecraftforge.network.LoginWrapper/FMLHANDSHAKE]: Recieved login wrapper packet event for channel fml:handshake with index 5
[20Sep2025 22:16:03.709] [Netty Epoll Server IO #5/DEBUG] [net.minecraftforge.network.HandshakeHandler/FMLHANDSHAKE]: Received client indexed reply 5 of type net.minecraftforge.network.HandshakeMessages$C2SAcknowledge
[20Sep2025 22:16:03.709] [Netty Epoll Server IO #5/DEBUG] [net.minecraftforge.network.HandshakeHandler/FMLHANDSHAKE]: Received acknowledgement from client
[20Sep2025 22:16:03.709] [Netty Epoll Server IO #5/DEBUG] [net.minecraftforge.network.LoginWrapper/FMLHANDSHAKE]: Recieved login wrapper packet event for channel fml:handshake with index 6
[20Sep2025 22:16:03.709] [Netty Epoll Server IO #5/DEBUG] [net.minecraftforge.network.HandshakeHandler/FMLHANDSHAKE]: Received client indexed reply 6 of type net.minecraftforge.network.HandshakeMessages$C2SAcknowledge
[20Sep2025 22:16:03.709] [Netty Epoll Server IO #5/DEBUG] [net.minecraftforge.network.HandshakeHandler/FMLHANDSHAKE]: Received acknowledgement from client
[20Sep2025 22:16:03.754] [Server thread/DEBUG] [net.minecraftforge.network.HandshakeHandler/FMLHANDSHAKE]: Sending ticking packet info 'Registry minecraft:block' to 'fml:handshake' sequence 13
[20Sep2025 22:16:03.800] [Server thread/DEBUG] [net.minecraftforge.network.HandshakeHandler/FMLHANDSHAKE]: Sending ticking packet info 'Registry forge:entity_data_serializers' to 'fml:handshake' sequence 14
[20Sep2025 22:16:03.849] [Server thread/DEBUG] [net.minecraftforge.network.HandshakeHandler/FMLHANDSHAKE]: Sending ticking packet info 'Registry minecraft:mob_effect' to 'fml:handshake' sequence 15
[20Sep2025 22:16:03.902] [Server thread/DEBUG] [net.minecraftforge.network.HandshakeHandler/FMLHANDSHAKE]: Sending ticking packet info 'Registry minecraft:stat_type' to 'fml:handshake' sequence 16
[20Sep2025 22:16:03.949] [Netty Epoll Server IO #5/DEBUG] [net.minecraftforge.network.LoginWrapper/FMLHANDSHAKE]: Recieved login wrapper packet event for channel fml:handshake with index 7
[20Sep2025 22:16:03.949] [Netty Epoll Server IO #5/DEBUG] [net.minecraftforge.network.HandshakeHandler/FMLHANDSHAKE]: Received client indexed reply 7 of type net.minecraftforge.network.HandshakeMessages$C2SAcknowledge
[20Sep2025 22:16:03.949] [Netty Epoll Server IO #5/DEBUG] [net.minecraftforge.network.HandshakeHandler/FMLHANDSHAKE]: Received acknowledgement from client
[20Sep2025 22:16:03.949] [Netty Epoll Server IO #5/DEBUG] [net.minecraftforge.network.LoginWrapper/FMLHANDSHAKE]: Recieved login wrapper packet event for channel fml:handshake with index 8
[20Sep2025 22:16:03.949] [Netty Epoll Server IO #5/DEBUG] [net.minecraftforge.network.HandshakeHandler/FMLHANDSHAKE]: Received client indexed reply 8 of type net.minecraftforge.network.HandshakeMessages$C2SAcknowledge
[20Sep2025 22:16:03.949] [Netty Epoll Server IO #5/DEBUG] [net.minecraftforge.network.HandshakeHandler/FMLHANDSHAKE]: Received acknowledgement from client
[20Sep2025 22:16:03.949] [Netty Epoll Server IO #5/DEBUG] [net.minecraftforge.network.LoginWrapper/FMLHANDSHAKE]: Recieved login wrapper packet event for channel fml:handshake with index 9
[20Sep2025 22:16:03.949] [Netty Epoll Server IO #5/DEBUG] [net.minecraftforge.network.HandshakeHandler/FMLHANDSHAKE]: Received client indexed reply 9 of type net.minecraftforge.network.HandshakeMessages$C2SAcknowledge
[20Sep2025 22:16:03.949] [Netty Epoll Server IO #5/DEBUG] [net.minecraftforge.network.HandshakeHandler/FMLHANDSHAKE]: Received acknowledgement from client
[20Sep2025 22:16:03.949] [Netty Epoll Server IO #5/DEBUG] [net.minecraftforge.network.LoginWrapper/FMLHANDSHAKE]: Recieved login wrapper packet event for channel fml:handshake with index 10
[20Sep2025 22:16:03.949] [Netty Epoll Server IO #5/DEBUG] [net.minecraftforge.network.HandshakeHandler/FMLHANDSHAKE]: Received client indexed reply 10 of type net.minecraftforge.network.HandshakeMessages$C2SAcknowledge
[20Sep2025 22:16:03.949] [Netty Epoll Server IO #5/DEBUG] [net.minecraftforge.network.HandshakeHandler/FMLHANDSHAKE]: Received acknowledgement from client
[20Sep2025 22:16:03.949] [Netty Epoll Server IO #5/DEBUG] [net.minecraftforge.network.LoginWrapper/FMLHANDSHAKE]: Recieved login wrapper packet event for channel fml:handshake with index 11
[20Sep2025 22:16:03.949] [Netty Epoll Server IO #5/DEBUG] [net.minecraftforge.network.HandshakeHandler/FMLHANDSHAKE]: Received client indexed reply 11 of type net.minecraftforge.network.HandshakeMessages$C2SAcknowledge
[20Sep2025 22:16:03.949] [Netty Epoll Server IO #5/DEBUG] [net.minecraftforge.network.HandshakeHandler/FMLHANDSHAKE]: Received acknowledgement from client
[20Sep2025 22:16:03.950] [Netty Epoll Server IO #5/DEBUG] [net.minecraftforge.network.LoginWrapper/FMLHANDSHAKE]: Recieved login wrapper packet event for channel fml:handshake with index 12
[20Sep2025 22:16:03.950] [Netty Epoll Server IO #5/DEBUG] [net.minecraftforge.network.HandshakeHandler/FMLHANDSHAKE]: Received client indexed reply 12 of type net.minecraftforge.network.HandshakeMessages$C2SAcknowledge
[20Sep2025 22:16:03.950] [Netty Epoll Server IO #5/DEBUG] [net.minecraftforge.network.HandshakeHandler/FMLHANDSHAKE]: Received acknowledgement from client
[20Sep2025 22:16:03.952] [Server thread/DEBUG] [net.minecraftforge.network.HandshakeHandler/FMLHANDSHAKE]: Sending ticking packet info 'Registry minecraft:menu' to 'fml:handshake' sequence 17
[20Sep2025 22:16:04.000] [Server thread/DEBUG] [net.minecraftforge.network.HandshakeHandler/FMLHANDSHAKE]: Sending ticking packet info 'Registry minecraft:enchantment' to 'fml:handshake' sequence 18
[20Sep2025 22:16:04.025] [Netty Epoll Server IO #5/DEBUG] [net.minecraftforge.network.LoginWrapper/FMLHANDSHAKE]: Recieved login wrapper packet event for channel fml:handshake with index 13
[20Sep2025 22:16:04.025] [Netty Epoll Server IO #5/DEBUG] [net.minecraftforge.network.HandshakeHandler/FMLHANDSHAKE]: Received client indexed reply 13 of type net.minecraftforge.network.HandshakeMessages$C2SAcknowledge
[20Sep2025 22:16:04.025] [Netty Epoll Server IO #5/DEBUG] [net.minecraftforge.network.HandshakeHandler/FMLHANDSHAKE]: Received acknowledgement from client
[20Sep2025 22:16:04.026] [Netty Epoll Server IO #5/DEBUG] [net.minecraftforge.network.LoginWrapper/FMLHANDSHAKE]: Recieved login wrapper packet event for channel fml:handshake with index 14
[20Sep2025 22:16:04.026] [Netty Epoll Server IO #5/DEBUG] [net.minecraftforge.network.HandshakeHandler/FMLHANDSHAKE]: Received client indexed reply 14 of type net.minecraftforge.network.HandshakeMessages$C2SAcknowledge
[20Sep2025 22:16:04.026] [Netty Epoll Server IO #5/DEBUG] [net.minecraftforge.network.HandshakeHandler/FMLHANDSHAKE]: Received acknowledgement from client
[20Sep2025 22:16:04.026] [Netty Epoll Server IO #5/DEBUG] [net.minecraftforge.network.LoginWrapper/FMLHANDSHAKE]: Recieved login wrapper packet event for channel fml:handshake with index 15
[20Sep2025 22:16:04.026] [Netty Epoll Server IO #5/DEBUG] [net.minecraftforge.network.HandshakeHandler/FMLHANDSHAKE]: Received client indexed reply 15 of type net.minecraftforge.network.HandshakeMessages$C2SAcknowledge
[20Sep2025 22:16:04.026] [Netty Epoll Server IO #5/DEBUG] [net.minecraftforge.network.HandshakeHandler/FMLHANDSHAKE]: Received acknowledgement from client
[20Sep2025 22:16:04.026] [Netty Epoll Server IO #5/DEBUG] [net.minecraftforge.network.LoginWrapper/FMLHANDSHAKE]: Recieved login wrapper packet event for channel fml:handshake with index 16
[20Sep2025 22:16:04.026] [Netty Epoll Server IO #5/DEBUG] [net.minecraftforge.network.HandshakeHandler/FMLHANDSHAKE]: Received client indexed reply 16 of type net.minecraftforge.network.HandshakeMessages$C2SAcknowledge
[20Sep2025 22:16:04.026] [Netty Epoll Server IO #5/DEBUG] [net.minecraftforge.network.HandshakeHandler/FMLHANDSHAKE]: Received acknowledgement from client
[20Sep2025 22:16:04.048] [Server thread/DEBUG] [net.minecraftforge.network.HandshakeHandler/FMLHANDSHAKE]: Sending ticking packet info 'Registry minecraft:fluid' to 'fml:handshake' sequence 19
[20Sep2025 22:16:04.083] [Netty Epoll Server IO #5/DEBUG] [net.minecraftforge.network.LoginWrapper/FMLHANDSHAKE]: Recieved login wrapper packet event for channel fml:handshake with index 17
[20Sep2025 22:16:04.083] [Netty Epoll Server IO #5/DEBUG] [net.minecraftforge.network.HandshakeHandler/FMLHANDSHAKE]: Received client indexed reply 17 of type net.minecraftforge.network.HandshakeMessages$C2SAcknowledge
[20Sep2025 22:16:04.083] [Netty Epoll Server IO #5/DEBUG] [net.minecraftforge.network.HandshakeHandler/FMLHANDSHAKE]: Received acknowledgement from client
[20Sep2025 22:16:04.098] [Server thread/DEBUG] [net.minecraftforge.network.HandshakeHandler/FMLHANDSHAKE]: Sending ticking packet info 'Registry minecraft:entity_type' to 'fml:handshake' sequence 20
[20Sep2025 22:16:04.146] [Netty Epoll Server IO #5/DEBUG] [net.minecraftforge.network.LoginWrapper/FMLHANDSHAKE]: Recieved login wrapper packet event for channel fml:handshake with index 18
[20Sep2025 22:16:04.146] [Netty Epoll Server IO #5/DEBUG] [net.minecraftforge.network.HandshakeHandler/FMLHANDSHAKE]: Received client indexed reply 18 of type net.minecraftforge.network.HandshakeMessages$C2SAcknowledge
[20Sep2025 22:16:04.146] [Netty Epoll Server IO #5/DEBUG] [net.minecraftforge.network.HandshakeHandler/FMLHANDSHAKE]: Received acknowledgement from client
[20Sep2025 22:16:04.152] [Server thread/DEBUG] [net.minecraftforge.network.HandshakeHandler/FMLHANDSHAKE]: Sending ticking packet info 'Config forge-server.toml' to 'fml:handshake' sequence 21
[20Sep2025 22:16:04.163] [Netty Epoll Server IO #5/DEBUG] [net.minecraftforge.network.LoginWrapper/FMLHANDSHAKE]: Recieved login wrapper packet event for channel fml:handshake with index 19
[20Sep2025 22:16:04.163] [Netty Epoll Server IO #5/DEBUG] [net.minecraftforge.network.HandshakeHandler/FMLHANDSHAKE]: Received client indexed reply 19 of type net.minecraftforge.network.HandshakeMessages$C2SAcknowledge
[20Sep2025 22:16:04.163] [Netty Epoll Server IO #5/DEBUG] [net.minecraftforge.network.HandshakeHandler/FMLHANDSHAKE]: Received acknowledgement from client
[20Sep2025 22:16:04.199] [Server thread/DEBUG] [net.minecraftforge.network.HandshakeHandler/FMLHANDSHAKE]: Sending ticking packet info 'FrameworkConfig refurbished_furniture:server' to 'framework:handshake' sequence 22
[20Sep2025 22:16:04.330] [Netty Epoll Server IO #5/DEBUG] [net.minecraftforge.network.LoginWrapper/FMLHANDSHAKE]: Recieved login wrapper packet event for channel fml:handshake with index 20
[20Sep2025 22:16:04.331] [Netty Epoll Server IO #5/DEBUG] [net.minecraftforge.network.HandshakeHandler/FMLHANDSHAKE]: Received client indexed reply 20 of type net.minecraftforge.network.HandshakeMessages$C2SAcknowledge
[20Sep2025 22:16:04.331] [Netty Epoll Server IO #5/DEBUG] [net.minecraftforge.network.HandshakeHandler/FMLHANDSHAKE]: Received acknowledgement from client
[20Sep2025 22:16:04.409] [Netty Epoll Server IO #5/DEBUG] [net.minecraftforge.network.LoginWrapper/FMLHANDSHAKE]: Recieved login wrapper packet event for channel fml:handshake with index 21
[20Sep2025 22:16:04.409] [Netty Epoll Server IO #5/DEBUG] [net.minecraftforge.network.HandshakeHandler/FMLHANDSHAKE]: Received client indexed reply 21 of type net.minecraftforge.network.HandshakeMessages$C2SAcknowledge
[20Sep2025 22:16:04.409] [Netty Epoll Server IO #5/DEBUG] [net.minecraftforge.network.HandshakeHandler/FMLHANDSHAKE]: Received acknowledgement from client
[20Sep2025 22:16:04.410] [Netty Epoll Server IO #5/DEBUG] [net.minecraftforge.network.LoginWrapper/FMLHANDSHAKE]: Recieved login wrapper packet event for channel framework:handshake with index 22
[20Sep2025 22:16:04.410] [Netty Epoll Server IO #5/DEBUG] [net.minecraftforge.network.HandshakeHandler/FMLHANDSHAKE]: Received client indexed reply 22 of type com.mrcrayfish.framework.api.network.message.HandshakeMessage$Acknowledge
[20Sep2025 22:16:04.410] [Netty Epoll Server IO #5/DEBUG] [Framework/FRAMEWORK_HANDSHAKE]: Received acknowledgement from client
[20Sep2025 22:16:04.450] [Server thread/DEBUG] [net.minecraftforge.network.HandshakeHandler/FMLHANDSHAKE]: Handshake complete!
[20Sep2025 22:16:04.519] [Server thread/INFO] [net.minecraft.server.players.PlayerList/]: DarkReno[/100.67.52.59:47766] logged in with entity id 252 at (-1005.9976236040839, 105.5, 756.5417281042476)
[20Sep2025 22:16:04.520] [Server thread/DEBUG] [net.minecraftforge.network.filters.NetworkFilters/]: Injected net.minecraftforge.network.filters.ForgeConnectionNetworkFilter@6508d840 into net.minecraft.network.Connection@645a6963
[20Sep2025 22:16:04.543] [Server thread/INFO] [net.minecraft.server.MinecraftServer/]: DarkReno joined the game
[20Sep2025 22:16:30.006] [Server thread/INFO] [net.minecraft.server.network.ServerGamePacketListenerImpl/]: Lumpylauncer lost connection: Disconnected
[20Sep2025 22:16:30.007] [Server thread/INFO] [net.minecraft.server.MinecraftServer/]: Lumpylauncer left the game
[20Sep2025 22:17:08.129] [Netty Epoll Server IO #6/DEBUG] [net.minecraftforge.network.HandshakeHandler/FMLHANDSHAKE]: Starting new modded impl connection. Found 23 messages to dispatch.
[20Sep2025 22:17:08.146] [Server thread/DEBUG] [net.minecraftforge.network.HandshakeHandler/FMLHANDSHAKE]: Sending ticking packet info 'net.minecraftforge.network.HandshakeMessages$S2CModData' to 'fml:handshake' sequence 0
[20Sep2025 22:17:08.195] [Server thread/DEBUG] [net.minecraftforge.network.HandshakeHandler/FMLHANDSHAKE]: Sending ticking packet info 'net.minecraftforge.network.HandshakeMessages$S2CModList' to 'fml:handshake' sequence 1
[20Sep2025 22:17:08.249] [Server thread/DEBUG] [net.minecraftforge.network.HandshakeHandler/FMLHANDSHAKE]: Sending ticking packet info 'Registry minecraft:command_argument_type' to 'fml:handshake' sequence 2
[20Sep2025 22:17:08.296] [Server thread/DEBUG] [net.minecraftforge.network.HandshakeHandler/FMLHANDSHAKE]: Sending ticking packet info 'Registry minecraft:recipe_serializer' to 'fml:handshake' sequence 3
[20Sep2025 22:17:08.350] [Server thread/DEBUG] [net.minecraftforge.network.HandshakeHandler/FMLHANDSHAKE]: Sending ticking packet info 'Registry minecraft:sound_event' to 'fml:handshake' sequence 4
[20Sep2025 22:17:08.399] [Server thread/DEBUG] [net.minecraftforge.network.HandshakeHandler/FMLHANDSHAKE]: Sending ticking packet info 'Registry minecraft:particle_type' to 'fml:handshake' sequence 5
[20Sep2025 22:17:08.449] [Server thread/DEBUG] [net.minecraftforge.network.HandshakeHandler/FMLHANDSHAKE]: Sending ticking packet info 'Registry minecraft:villager_profession' to 'fml:handshake' sequence 6
[20Sep2025 22:17:08.497] [Server thread/DEBUG] [net.minecraftforge.network.HandshakeHandler/FMLHANDSHAKE]: Sending ticking packet info 'Registry minecraft:item' to 'fml:handshake' sequence 7
[20Sep2025 22:17:08.540] [Netty Epoll Server IO #6/DEBUG] [net.minecraftforge.network.LoginWrapper/FMLHANDSHAKE]: Recieved login wrapper packet event for channel fml:handshake with index 1
[20Sep2025 22:17:08.540] [Netty Epoll Server IO #6/DEBUG] [net.minecraftforge.network.HandshakeHandler/FMLHANDSHAKE]: Received client indexed reply 1 of type net.minecraftforge.network.HandshakeMessages$C2SModListReply
[20Sep2025 22:17:08.540] [Netty Epoll Server IO #6/DEBUG] [net.minecraftforge.network.HandshakeHandler/FMLHANDSHAKE]: Received client connection with modlist [minecraft, easy_npc, framework, forge, moreplayermodels, customskinloader, refurbished_furniture]
[20Sep2025 22:17:08.540] [Netty Epoll Server IO #6/DEBUG] [net.minecraftforge.network.NetworkRegistry/NETREGISTRY]: Channel 'worldedit:cui' : Version test of 'ABSENT 🤔' from client : ACCEPTED
[20Sep2025 22:17:08.540] [Netty Epoll Server IO #6/DEBUG] [net.minecraftforge.network.NetworkRegistry/NETREGISTRY]: Channel 'fml:loginwrapper' : Version test of 'FML3' from client : ACCEPTED
[20Sep2025 22:17:08.540] [Netty Epoll Server IO #6/DEBUG] [net.minecraftforge.network.NetworkRegistry/NETREGISTRY]: Channel 'forge:tier_sorting' : Version test of '1.0' from client : ACCEPTED
[20Sep2025 22:17:08.540] [Netty Epoll Server IO #6/DEBUG] [net.minecraftforge.network.NetworkRegistry/NETREGISTRY]: Channel 'easy_npc:network' : Version test of '23' from client : ACCEPTED
[20Sep2025 22:17:08.540] [Netty Epoll Server IO #6/DEBUG] [net.minecraftforge.network.NetworkRegistry/NETREGISTRY]: Channel 'minecraft:unregister' : Version test of 'FML3' from client : ACCEPTED
[20Sep2025 22:17:08.541] [Netty Epoll Server IO #6/DEBUG] [net.minecraftforge.network.NetworkRegistry/NETREGISTRY]: Channel 'fml:play' : Version test of 'FML3' from client : ACCEPTED
[20Sep2025 22:17:08.541] [Netty Epoll Server IO #6/DEBUG] [net.minecraftforge.network.NetworkRegistry/NETREGISTRY]: Channel 'framework:play' : Version test of '1' from client : ACCEPTED
[20Sep2025 22:17:08.541] [Netty Epoll Server IO #6/DEBUG] [net.minecraftforge.network.NetworkRegistry/NETREGISTRY]: Channel 'moreplayermodels:packets' : Version test of 'mpm' from client : ACCEPTED
[20Sep2025 22:17:08.541] [Netty Epoll Server IO #6/DEBUG] [net.minecraftforge.network.NetworkRegistry/NETREGISTRY]: Channel 'fml:handshake' : Version test of 'FML3' from client : ACCEPTED
[20Sep2025 22:17:08.541] [Netty Epoll Server IO #6/DEBUG] [net.minecraftforge.network.NetworkRegistry/NETREGISTRY]: Channel 'worldedit:internal' : Version test of 'ABSENT 🤔' from client : ACCEPTED
[20Sep2025 22:17:08.541] [Netty Epoll Server IO #6/DEBUG] [net.minecraftforge.network.NetworkRegistry/NETREGISTRY]: Channel 'minecraft:register' : Version test of 'FML3' from client : ACCEPTED
[20Sep2025 22:17:08.541] [Netty Epoll Server IO #6/DEBUG] [net.minecraftforge.network.NetworkRegistry/NETREGISTRY]: Channel 'forge:split' : Version test of '1.1' from client : ACCEPTED
[20Sep2025 22:17:08.541] [Netty Epoll Server IO #6/DEBUG] [net.minecraftforge.network.NetworkRegistry/NETREGISTRY]: Channel 'framework:handshake' : Version test of '1' from client : ACCEPTED
[20Sep2025 22:17:08.541] [Netty Epoll Server IO #6/DEBUG] [net.minecraftforge.network.NetworkRegistry/NETREGISTRY]: Channel 'refurbished_furniture:play' : Version test of '1' from client : ACCEPTED
[20Sep2025 22:17:08.541] [Netty Epoll Server IO #6/DEBUG] [net.minecraftforge.network.NetworkRegistry/NETREGISTRY]: Accepting channel list from client
[20Sep2025 22:17:08.541] [Netty Epoll Server IO #6/DEBUG] [net.minecraftforge.network.HandshakeHandler/FMLHANDSHAKE]: Accepted client connection mod list
[20Sep2025 22:17:08.541] [Netty Epoll Server IO #6/DEBUG] [net.minecraftforge.network.LoginWrapper/FMLHANDSHAKE]: Recieved login wrapper packet event for channel fml:handshake with index 2
[20Sep2025 22:17:08.541] [Netty Epoll Server IO #6/DEBUG] [net.minecraftforge.network.HandshakeHandler/FMLHANDSHAKE]: Received client indexed reply 2 of type net.minecraftforge.network.HandshakeMessages$C2SAcknowledge
[20Sep2025 22:17:08.541] [Netty Epoll Server IO #6/DEBUG] [net.minecraftforge.network.HandshakeHandler/FMLHANDSHAKE]: Received acknowledgement from client
[20Sep2025 22:17:08.541] [Netty Epoll Server IO #6/DEBUG] [net.minecraftforge.network.LoginWrapper/FMLHANDSHAKE]: Recieved login wrapper packet event for channel fml:handshake with index 3
[20Sep2025 22:17:08.541] [Netty Epoll Server IO #6/DEBUG] [net.minecraftforge.network.HandshakeHandler/FMLHANDSHAKE]: Received client indexed reply 3 of type net.minecraftforge.network.HandshakeMessages$C2SAcknowledge
[20Sep2025 22:17:08.541] [Netty Epoll Server IO #6/DEBUG] [net.minecraftforge.network.HandshakeHandler/FMLHANDSHAKE]: Received acknowledgement from client
[20Sep2025 22:17:08.551] [Server thread/DEBUG] [net.minecraftforge.network.HandshakeHandler/FMLHANDSHAKE]: Sending ticking packet info 'Registry minecraft:potion' to 'fml:handshake' sequence 8
[20Sep2025 22:17:08.599] [Server thread/DEBUG] [net.minecraftforge.network.HandshakeHandler/FMLHANDSHAKE]: Sending ticking packet info 'Registry minecraft:painting_variant' to 'fml:handshake' sequence 9
[20Sep2025 22:17:08.648] [Server thread/DEBUG] [net.minecraftforge.network.HandshakeHandler/FMLHANDSHAKE]: Sending ticking packet info 'Registry forge:fluid_type' to 'fml:handshake' sequence 10
[20Sep2025 22:17:08.697] [Server thread/DEBUG] [net.minecraftforge.network.HandshakeHandler/FMLHANDSHAKE]: Sending ticking packet info 'Registry minecraft:block_entity_type' to 'fml:handshake' sequence 11
[20Sep2025 22:17:08.746] [Server thread/DEBUG] [net.minecraftforge.network.HandshakeHandler/FMLHANDSHAKE]: Sending ticking packet info 'Registry forge:display_contexts' to 'fml:handshake' sequence 12
[20Sep2025 22:17:08.796] [Server thread/DEBUG] [net.minecraftforge.network.HandshakeHandler/FMLHANDSHAKE]: Sending ticking packet info 'Registry minecraft:block' to 'fml:handshake' sequence 13
[20Sep2025 22:17:08.846] [Server thread/DEBUG] [net.minecraftforge.network.HandshakeHandler/FMLHANDSHAKE]: Sending ticking packet info 'Registry forge:entity_data_serializers' to 'fml:handshake' sequence 14
[20Sep2025 22:17:08.899] [Server thread/DEBUG] [net.minecraftforge.network.HandshakeHandler/FMLHANDSHAKE]: Sending ticking packet info 'Registry minecraft:mob_effect' to 'fml:handshake' sequence 15
[20Sep2025 22:17:08.948] [Server thread/DEBUG] [net.minecraftforge.network.HandshakeHandler/FMLHANDSHAKE]: Sending ticking packet info 'Registry minecraft:stat_type' to 'fml:handshake' sequence 16
[20Sep2025 22:17:08.996] [Server thread/DEBUG] [net.minecraftforge.network.HandshakeHandler/FMLHANDSHAKE]: Sending ticking packet info 'Registry minecraft:menu' to 'fml:handshake' sequence 17
[20Sep2025 22:17:09.049] [Server thread/DEBUG] [net.minecraftforge.network.HandshakeHandler/FMLHANDSHAKE]: Sending ticking packet info 'Registry minecraft:enchantment' to 'fml:handshake' sequence 18
[20Sep2025 22:17:09.095] [Server thread/DEBUG] [net.minecraftforge.network.HandshakeHandler/FMLHANDSHAKE]: Sending ticking packet info 'Registry minecraft:fluid' to 'fml:handshake' sequence 19
[20Sep2025 22:17:09.149] [Server thread/DEBUG] [net.minecraftforge.network.HandshakeHandler/FMLHANDSHAKE]: Sending ticking packet info 'Registry minecraft:entity_type' to 'fml:handshake' sequence 20
[20Sep2025 22:17:09.195] [Server thread/DEBUG] [net.minecraftforge.network.HandshakeHandler/FMLHANDSHAKE]: Sending ticking packet info 'Config forge-server.toml' to 'fml:handshake' sequence 21
[20Sep2025 22:17:09.246] [Server thread/DEBUG] [net.minecraftforge.network.HandshakeHandler/FMLHANDSHAKE]: Sending ticking packet info 'FrameworkConfig refurbished_furniture:server' to 'framework:handshake' sequence 22
[20Sep2025 22:17:09.247] [Netty Epoll Server IO #6/DEBUG] [net.minecraftforge.network.LoginWrapper/FMLHANDSHAKE]: Recieved login wrapper packet event for channel fml:handshake with index 4
[20Sep2025 22:17:09.248] [Netty Epoll Server IO #6/DEBUG] [net.minecraftforge.network.HandshakeHandler/FMLHANDSHAKE]: Received client indexed reply 4 of type net.minecraftforge.network.HandshakeMessages$C2SAcknowledge
[20Sep2025 22:17:09.248] [Netty Epoll Server IO #6/DEBUG] [net.minecraftforge.network.HandshakeHandler/FMLHANDSHAKE]: Received acknowledgement from client
[20Sep2025 22:17:09.248] [Netty Epoll Server IO #6/DEBUG] [net.minecraftforge.network.LoginWrapper/FMLHANDSHAKE]: Recieved login wrapper packet event for channel fml:handshake with index 5
[20Sep2025 22:17:09.248] [Netty Epoll Server IO #6/DEBUG] [net.minecraftforge.network.HandshakeHandler/FMLHANDSHAKE]: Received client indexed reply 5 of type net.minecraftforge.network.HandshakeMessages$C2SAcknowledge
[20Sep2025 22:17:09.248] [Netty Epoll Server IO #6/DEBUG] [net.minecraftforge.network.HandshakeHandler/FMLHANDSHAKE]: Received acknowledgement from client
[20Sep2025 22:17:09.248] [Netty Epoll Server IO #6/DEBUG] [net.minecraftforge.network.LoginWrapper/FMLHANDSHAKE]: Recieved login wrapper packet event for channel fml:handshake with index 6
[20Sep2025 22:17:09.248] [Netty Epoll Server IO #6/DEBUG] [net.minecraftforge.network.HandshakeHandler/FMLHANDSHAKE]: Received client indexed reply 6 of type net.minecraftforge.network.HandshakeMessages$C2SAcknowledge
[20Sep2025 22:17:09.248] [Netty Epoll Server IO #6/DEBUG] [net.minecraftforge.network.HandshakeHandler/FMLHANDSHAKE]: Received acknowledgement from client
[20Sep2025 22:17:09.451] [Netty Epoll Server IO #6/DEBUG] [net.minecraftforge.network.LoginWrapper/FMLHANDSHAKE]: Recieved login wrapper packet event for channel fml:handshake with index 7
[20Sep2025 22:17:09.451] [Netty Epoll Server IO #6/DEBUG] [net.minecraftforge.network.HandshakeHandler/FMLHANDSHAKE]: Received client indexed reply 7 of type net.minecraftforge.network.HandshakeMessages$C2SAcknowledge
[20Sep2025 22:17:09.451] [Netty Epoll Server IO #6/DEBUG] [net.minecraftforge.network.HandshakeHandler/FMLHANDSHAKE]: Received acknowledgement from client
[20Sep2025 22:17:09.451] [Netty Epoll Server IO #6/DEBUG] [net.minecraftforge.network.LoginWrapper/FMLHANDSHAKE]: Recieved login wrapper packet event for channel fml:handshake with index 8
[20Sep2025 22:17:09.451] [Netty Epoll Server IO #6/DEBUG] [net.minecraftforge.network.HandshakeHandler/FMLHANDSHAKE]: Received client indexed reply 8 of type net.minecraftforge.network.HandshakeMessages$C2SAcknowledge
[20Sep2025 22:17:09.451] [Netty Epoll Server IO #6/DEBUG] [net.minecraftforge.network.HandshakeHandler/FMLHANDSHAKE]: Received acknowledgement from client
[20Sep2025 22:17:09.452] [Netty Epoll Server IO #6/DEBUG] [net.minecraftforge.network.LoginWrapper/FMLHANDSHAKE]: Recieved login wrapper packet event for channel fml:handshake with index 9
[20Sep2025 22:17:09.453] [Netty Epoll Server IO #6/DEBUG] [net.minecraftforge.network.HandshakeHandler/FMLHANDSHAKE]: Received client indexed reply 9 of type net.minecraftforge.network.HandshakeMessages$C2SAcknowledge
[20Sep2025 22:17:09.453] [Netty Epoll Server IO #6/DEBUG] [net.minecraftforge.network.HandshakeHandler/FMLHANDSHAKE]: Received acknowledgement from client
[20Sep2025 22:17:09.453] [Netty Epoll Server IO #6/DEBUG] [net.minecraftforge.network.LoginWrapper/FMLHANDSHAKE]: Recieved login wrapper packet event for channel fml:handshake with index 10
[20Sep2025 22:17:09.453] [Netty Epoll Server IO #6/DEBUG] [net.minecraftforge.network.HandshakeHandler/FMLHANDSHAKE]: Received client indexed reply 10 of type net.minecraftforge.network.HandshakeMessages$C2SAcknowledge
[20Sep2025 22:17:09.453] [Netty Epoll Server IO #6/DEBUG] [net.minecraftforge.network.HandshakeHandler/FMLHANDSHAKE]: Received acknowledgement from client
[20Sep2025 22:17:09.453] [Netty Epoll Server IO #6/DEBUG] [net.minecraftforge.network.LoginWrapper/FMLHANDSHAKE]: Recieved login wrapper packet event for channel fml:handshake with index 11
[20Sep2025 22:17:09.453] [Netty Epoll Server IO #6/DEBUG] [net.minecraftforge.network.HandshakeHandler/FMLHANDSHAKE]: Received client indexed reply 11 of type net.minecraftforge.network.HandshakeMessages$C2SAcknowledge
[20Sep2025 22:17:09.453] [Netty Epoll Server IO #6/DEBUG] [net.minecraftforge.network.HandshakeHandler/FMLHANDSHAKE]: Received acknowledgement from client
[20Sep2025 22:17:09.453] [Netty Epoll Server IO #6/DEBUG] [net.minecraftforge.network.LoginWrapper/FMLHANDSHAKE]: Recieved login wrapper packet event for channel fml:handshake with index 12
[20Sep2025 22:17:09.453] [Netty Epoll Server IO #6/DEBUG] [net.minecraftforge.network.HandshakeHandler/FMLHANDSHAKE]: Received client indexed reply 12 of type net.minecraftforge.network.HandshakeMessages$C2SAcknowledge
[20Sep2025 22:17:09.453] [Netty Epoll Server IO #6/DEBUG] [net.minecraftforge.network.HandshakeHandler/FMLHANDSHAKE]: Received acknowledgement from client
[20Sep2025 22:17:10.445] [Netty Epoll Server IO #6/DEBUG] [net.minecraftforge.network.LoginWrapper/FMLHANDSHAKE]: Recieved login wrapper packet event for channel fml:handshake with index 13
[20Sep2025 22:17:10.445] [Netty Epoll Server IO #6/DEBUG] [net.minecraftforge.network.HandshakeHandler/FMLHANDSHAKE]: Received client indexed reply 13 of type net.minecraftforge.network.HandshakeMessages$C2SAcknowledge
[20Sep2025 22:17:10.445] [Netty Epoll Server IO #6/DEBUG] [net.minecraftforge.network.HandshakeHandler/FMLHANDSHAKE]: Received acknowledgement from client
[20Sep2025 22:17:10.445] [Netty Epoll Server IO #6/DEBUG] [net.minecraftforge.network.LoginWrapper/FMLHANDSHAKE]: Recieved login wrapper packet event for channel fml:handshake with index 14
[20Sep2025 22:17:10.445] [Netty Epoll Server IO #6/DEBUG] [net.minecraftforge.network.HandshakeHandler/FMLHANDSHAKE]: Received client indexed reply 14 of type net.minecraftforge.network.HandshakeMessages$C2SAcknowledge
[20Sep2025 22:17:10.445] [Netty Epoll Server IO #6/DEBUG] [net.minecraftforge.network.HandshakeHandler/FMLHANDSHAKE]: Received acknowledgement from client
[20Sep2025 22:17:10.446] [Netty Epoll Server IO #6/DEBUG] [net.minecraftforge.network.LoginWrapper/FMLHANDSHAKE]: Recieved login wrapper packet event for channel fml:handshake with index 15
[20Sep2025 22:17:10.446] [Netty Epoll Server IO #6/DEBUG] [net.minecraftforge.network.HandshakeHandler/FMLHANDSHAKE]: Received client indexed reply 15 of type net.minecraftforge.network.HandshakeMessages$C2SAcknowledge
[20Sep2025 22:17:10.446] [Netty Epoll Server IO #6/DEBUG] [net.minecraftforge.network.HandshakeHandler/FMLHANDSHAKE]: Received acknowledgement from client
[20Sep2025 22:17:10.446] [Netty Epoll Server IO #6/DEBUG] [net.minecraftforge.network.LoginWrapper/FMLHANDSHAKE]: Recieved login wrapper packet event for channel fml:handshake with index 16
[20Sep2025 22:17:10.446] [Netty Epoll Server IO #6/DEBUG] [net.minecraftforge.network.HandshakeHandler/FMLHANDSHAKE]: Received client indexed reply 16 of type net.minecraftforge.network.HandshakeMessages$C2SAcknowledge
[20Sep2025 22:17:10.446] [Netty Epoll Server IO #6/DEBUG] [net.minecraftforge.network.HandshakeHandler/FMLHANDSHAKE]: Received acknowledgement from client
[20Sep2025 22:17:10.446] [Netty Epoll Server IO #6/DEBUG] [net.minecraftforge.network.LoginWrapper/FMLHANDSHAKE]: Recieved login wrapper packet event for channel fml:handshake with index 17
[20Sep2025 22:17:10.446] [Netty Epoll Server IO #6/DEBUG] [net.minecraftforge.network.HandshakeHandler/FMLHANDSHAKE]: Received client indexed reply 17 of type net.minecraftforge.network.HandshakeMessages$C2SAcknowledge
[20Sep2025 22:17:10.446] [Netty Epoll Server IO #6/DEBUG] [net.minecraftforge.network.HandshakeHandler/FMLHANDSHAKE]: Received acknowledgement from client
[20Sep2025 22:17:10.446] [Netty Epoll Server IO #6/DEBUG] [net.minecraftforge.network.LoginWrapper/FMLHANDSHAKE]: Recieved login wrapper packet event for channel fml:handshake with index 18
[20Sep2025 22:17:10.446] [Netty Epoll Server IO #6/DEBUG] [net.minecraftforge.network.HandshakeHandler/FMLHANDSHAKE]: Received client indexed reply 18 of type net.minecraftforge.network.HandshakeMessages$C2SAcknowledge
[20Sep2025 22:17:10.446] [Netty Epoll Server IO #6/DEBUG] [net.minecraftforge.network.HandshakeHandler/FMLHANDSHAKE]: Received acknowledgement from client
[20Sep2025 22:17:10.446] [Netty Epoll Server IO #6/DEBUG] [net.minecraftforge.network.LoginWrapper/FMLHANDSHAKE]: Recieved login wrapper packet event for channel fml:handshake with index 19
[20Sep2025 22:17:10.446] [Netty Epoll Server IO #6/DEBUG] [net.minecraftforge.network.HandshakeHandler/FMLHANDSHAKE]: Received client indexed reply 19 of type net.minecraftforge.network.HandshakeMessages$C2SAcknowledge
[20Sep2025 22:17:10.446] [Netty Epoll Server IO #6/DEBUG] [net.minecraftforge.network.HandshakeHandler/FMLHANDSHAKE]: Received acknowledgement from client
[20Sep2025 22:17:14.013] [Netty Epoll Server IO #6/DEBUG] [net.minecraftforge.network.LoginWrapper/FMLHANDSHAKE]: Recieved login wrapper packet event for channel fml:handshake with index 20
[20Sep2025 22:17:14.014] [Netty Epoll Server IO #6/DEBUG] [net.minecraftforge.network.HandshakeHandler/FMLHANDSHAKE]: Received client indexed reply 20 of type net.minecraftforge.network.HandshakeMessages$C2SAcknowledge
[20Sep2025 22:17:14.014] [Netty Epoll Server IO #6/DEBUG] [net.minecraftforge.network.HandshakeHandler/FMLHANDSHAKE]: Received acknowledgement from client
[20Sep2025 22:17:14.066] [Netty Epoll Server IO #6/DEBUG] [net.minecraftforge.network.LoginWrapper/FMLHANDSHAKE]: Recieved login wrapper packet event for channel fml:handshake with index 21
[20Sep2025 22:17:14.067] [Netty Epoll Server IO #6/DEBUG] [net.minecraftforge.network.HandshakeHandler/FMLHANDSHAKE]: Received client indexed reply 21 of type net.minecraftforge.network.HandshakeMessages$C2SAcknowledge
[20Sep2025 22:17:14.067] [Netty Epoll Server IO #6/DEBUG] [net.minecraftforge.network.HandshakeHandler/FMLHANDSHAKE]: Received acknowledgement from client
[20Sep2025 22:17:14.067] [Netty Epoll Server IO #6/DEBUG] [net.minecraftforge.network.LoginWrapper/FMLHANDSHAKE]: Recieved login wrapper packet event for channel framework:handshake with index 22
[20Sep2025 22:17:14.067] [Netty Epoll Server IO #6/DEBUG] [net.minecraftforge.network.HandshakeHandler/FMLHANDSHAKE]: Received client indexed reply 22 of type com.mrcrayfish.framework.api.network.message.HandshakeMessage$Acknowledge
[20Sep2025 22:17:14.067] [Netty Epoll Server IO #6/DEBUG] [Framework/FRAMEWORK_HANDSHAKE]: Received acknowledgement from client
[20Sep2025 22:17:14.098] [Server thread/DEBUG] [net.minecraftforge.network.HandshakeHandler/FMLHANDSHAKE]: Handshake complete!
[20Sep2025 22:17:14.162] [Server thread/INFO] [net.minecraft.server.players.PlayerList/]: Lumpylauncer[/100.84.200.109:33216] logged in with entity id 354 at (-1010.6092006944283, 113.0, 765.2114332075344)
[20Sep2025 22:17:14.162] [Server thread/DEBUG] [net.minecraftforge.network.filters.NetworkFilters/]: Injected net.minecraftforge.network.filters.ForgeConnectionNetworkFilter@5db60a4 into net.minecraft.network.Connection@46b57318
[20Sep2025 22:17:14.183] [Server thread/INFO] [net.minecraft.server.MinecraftServer/]: Lumpylauncer joined the game
[20Sep2025 22:18:14.650] [Server thread/INFO] [net.minecraft.server.network.ServerGamePacketListenerImpl/]: Lumpylauncer lost connection: Timed out
[20Sep2025 22:18:14.650] [Server thread/INFO] [net.minecraft.server.MinecraftServer/]: Lumpylauncer left the game
[20Sep2025 22:18:19.746] [Server thread/INFO] [net.minecraft.server.network.ServerGamePacketListenerImpl/]: DarkReno lost connection: Timed out
[20Sep2025 22:18:19.746] [Server thread/INFO] [net.minecraft.server.MinecraftServer/]: DarkReno left the game
[20Sep2025 22:18:27.843] [Netty Epoll Server IO #0/DEBUG] [net.minecraftforge.network.HandshakeHandler/FMLHANDSHAKE]: Starting new modded impl connection. Found 23 messages to dispatch.
[20Sep2025 22:18:27.846] [Server thread/DEBUG] [net.minecraftforge.network.HandshakeHandler/FMLHANDSHAKE]: Sending ticking packet info 'net.minecraftforge.network.HandshakeMessages$S2CModData' to 'fml:handshake' sequence 0
[20Sep2025 22:18:27.896] [Server thread/DEBUG] [net.minecraftforge.network.HandshakeHandler/FMLHANDSHAKE]: Sending ticking packet info 'net.minecraftforge.network.HandshakeMessages$S2CModList' to 'fml:handshake' sequence 1
[20Sep2025 22:18:27.945] [Server thread/DEBUG] [net.minecraftforge.network.HandshakeHandler/FMLHANDSHAKE]: Sending ticking packet info 'Registry minecraft:command_argument_type' to 'fml:handshake' sequence 2
[20Sep2025 22:18:27.997] [Server thread/DEBUG] [net.minecraftforge.network.HandshakeHandler/FMLHANDSHAKE]: Sending ticking packet info 'Registry minecraft:recipe_serializer' to 'fml:handshake' sequence 3
[20Sep2025 22:18:28.046] [Server thread/DEBUG] [net.minecraftforge.network.HandshakeHandler/FMLHANDSHAKE]: Sending ticking packet info 'Registry minecraft:sound_event' to 'fml:handshake' sequence 4
[20Sep2025 22:18:28.095] [Server thread/DEBUG] [net.minecraftforge.network.HandshakeHandler/FMLHANDSHAKE]: Sending ticking packet info 'Registry minecraft:particle_type' to 'fml:handshake' sequence 5
[20Sep2025 22:18:28.145] [Server thread/DEBUG] [net.minecraftforge.network.HandshakeHandler/FMLHANDSHAKE]: Sending ticking packet info 'Registry minecraft:villager_profession' to 'fml:handshake' sequence 6
[20Sep2025 22:18:28.194] [Server thread/DEBUG] [net.minecraftforge.network.HandshakeHandler/FMLHANDSHAKE]: Sending ticking packet info 'Registry minecraft:item' to 'fml:handshake' sequence 7
[20Sep2025 22:18:28.246] [Server thread/DEBUG] [net.minecraftforge.network.HandshakeHandler/FMLHANDSHAKE]: Sending ticking packet info 'Registry minecraft:potion' to 'fml:handshake' sequence 8
[20Sep2025 22:18:28.294] [Server thread/DEBUG] [net.minecraftforge.network.HandshakeHandler/FMLHANDSHAKE]: Sending ticking packet info 'Registry minecraft:painting_variant' to 'fml:handshake' sequence 9
[20Sep2025 22:18:28.346] [Server thread/DEBUG] [net.minecraftforge.network.HandshakeHandler/FMLHANDSHAKE]: Sending ticking packet info 'Registry forge:fluid_type' to 'fml:handshake' sequence 10
[20Sep2025 22:18:28.374] [Netty Epoll Server IO #0/DEBUG] [net.minecraftforge.network.LoginWrapper/FMLHANDSHAKE]: Recieved login wrapper packet event for channel fml:handshake with index 1
[20Sep2025 22:18:28.374] [Netty Epoll Server IO #0/DEBUG] [net.minecraftforge.network.HandshakeHandler/FMLHANDSHAKE]: Received client indexed reply 1 of type net.minecraftforge.network.HandshakeMessages$C2SModListReply
[20Sep2025 22:18:28.374] [Netty Epoll Server IO #0/DEBUG] [net.minecraftforge.network.HandshakeHandler/FMLHANDSHAKE]: Received client connection with modlist [minecraft, easy_npc, playeranimator, customskinloader, trender, betterfpsdist, rubidium, sodium, oculus, iris, moreplayermodels, modernfix, freecam, entityculling, canary, mixinextras, worldedit, immediatelyfast, ferritecore, cupboard, transition, refurbished_furniture, memoryleakfix, framework, cloth_config, seriousplayeranimations, forge]
[20Sep2025 22:18:28.374] [Netty Epoll Server IO #0/DEBUG] [net.minecraftforge.network.NetworkRegistry/NETREGISTRY]: Channel 'worldedit:cui' : Version test of '1' from client : ACCEPTED
[20Sep2025 22:18:28.374] [Netty Epoll Server IO #0/DEBUG] [net.minecraftforge.network.NetworkRegistry/NETREGISTRY]: Channel 'fml:loginwrapper' : Version test of 'FML3' from client : ACCEPTED
[20Sep2025 22:18:28.374] [Netty Epoll Server IO #0/DEBUG] [net.minecraftforge.network.NetworkRegistry/NETREGISTRY]: Channel 'forge:tier_sorting' : Version test of '1.0' from client : ACCEPTED
[20Sep2025 22:18:28.374] [Netty Epoll Server IO #0/DEBUG] [net.minecraftforge.network.NetworkRegistry/NETREGISTRY]: Channel 'easy_npc:network' : Version test of '23' from client : ACCEPTED
[20Sep2025 22:18:28.374] [Netty Epoll Server IO #0/DEBUG] [net.minecraftforge.network.NetworkRegistry/NETREGISTRY]: Channel 'minecraft:unregister' : Version test of 'FML3' from client : ACCEPTED
[20Sep2025 22:18:28.374] [Netty Epoll Server IO #0/DEBUG] [net.minecraftforge.network.NetworkRegistry/NETREGISTRY]: Channel 'fml:play' : Version test of 'FML3' from client : ACCEPTED
[20Sep2025 22:18:28.374] [Netty Epoll Server IO #0/DEBUG] [net.minecraftforge.network.NetworkRegistry/NETREGISTRY]: Channel 'framework:play' : Version test of '1' from client : ACCEPTED
[20Sep2025 22:18:28.374] [Netty Epoll Server IO #0/DEBUG] [net.minecraftforge.network.NetworkRegistry/NETREGISTRY]: Channel 'moreplayermodels:packets' : Version test of 'mpm' from client : ACCEPTED
[20Sep2025 22:18:28.374] [Netty Epoll Server IO #0/DEBUG] [net.minecraftforge.network.NetworkRegistry/NETREGISTRY]: Channel 'fml:handshake' : Version test of 'FML3' from client : ACCEPTED
[20Sep2025 22:18:28.374] [Netty Epoll Server IO #0/DEBUG] [net.minecraftforge.network.NetworkRegistry/NETREGISTRY]: Channel 'worldedit:internal' : Version test of '1' from client : ACCEPTED
[20Sep2025 22:18:28.374] [Netty Epoll Server IO #0/DEBUG] [net.minecraftforge.network.NetworkRegistry/NETREGISTRY]: Channel 'minecraft:register' : Version test of 'FML3' from client : ACCEPTED
[20Sep2025 22:18:28.375] [Netty Epoll Server IO #0/DEBUG] [net.minecraftforge.network.NetworkRegistry/NETREGISTRY]: Channel 'forge:split' : Version test of '1.1' from client : ACCEPTED
[20Sep2025 22:18:28.375] [Netty Epoll Server IO #0/DEBUG] [net.minecraftforge.network.NetworkRegistry/NETREGISTRY]: Channel 'framework:handshake' : Version test of '1' from client : ACCEPTED
[20Sep2025 22:18:28.375] [Netty Epoll Server IO #0/DEBUG] [net.minecraftforge.network.NetworkRegistry/NETREGISTRY]: Channel 'refurbished_furniture:play' : Version test of '1' from client : ACCEPTED
[20Sep2025 22:18:28.375] [Netty Epoll Server IO #0/DEBUG] [net.minecraftforge.network.NetworkRegistry/NETREGISTRY]: Accepting channel list from client
[20Sep2025 22:18:28.375] [Netty Epoll Server IO #0/DEBUG] [net.minecraftforge.network.HandshakeHandler/FMLHANDSHAKE]: Accepted client connection mod list
[20Sep2025 22:18:28.375] [Netty Epoll Server IO #0/DEBUG] [net.minecraftforge.network.LoginWrapper/FMLHANDSHAKE]: Recieved login wrapper packet event for channel fml:handshake with index 2
[20Sep2025 22:18:28.375] [Netty Epoll Server IO #0/DEBUG] [net.minecraftforge.network.HandshakeHandler/FMLHANDSHAKE]: Received client indexed reply 2 of type net.minecraftforge.network.HandshakeMessages$C2SAcknowledge
[20Sep2025 22:18:28.375] [Netty Epoll Server IO #0/DEBUG] [net.minecraftforge.network.HandshakeHandler/FMLHANDSHAKE]: Received acknowledgement from client
[20Sep2025 22:18:28.375] [Netty Epoll Server IO #0/DEBUG] [net.minecraftforge.network.LoginWrapper/FMLHANDSHAKE]: Recieved login wrapper packet event for channel fml:handshake with index 3
[20Sep2025 22:18:28.375] [Netty Epoll Server IO #0/DEBUG] [net.minecraftforge.network.HandshakeHandler/FMLHANDSHAKE]: Received client indexed reply 3 of type net.minecraftforge.network.HandshakeMessages$C2SAcknowledge
[20Sep2025 22:18:28.375] [Netty Epoll Server IO #0/DEBUG] [net.minecraftforge.network.HandshakeHandler/FMLHANDSHAKE]: Received acknowledgement from client
[20Sep2025 22:18:28.396] [Server thread/DEBUG] [net.minecraftforge.network.HandshakeHandler/FMLHANDSHAKE]: Sending ticking packet info 'Registry minecraft:block_entity_type' to 'fml:handshake' sequence 11
[20Sep2025 22:18:28.446] [Server thread/DEBUG] [net.minecraftforge.network.HandshakeHandler/FMLHANDSHAKE]: Sending ticking packet info 'Registry forge:display_contexts' to 'fml:handshake' sequence 12
[20Sep2025 22:18:28.494] [Server thread/DEBUG] [net.minecraftforge.network.HandshakeHandler/FMLHANDSHAKE]: Sending ticking packet info 'Registry minecraft:block' to 'fml:handshake' sequence 13
[20Sep2025 22:18:28.546] [Server thread/DEBUG] [net.minecraftforge.network.HandshakeHandler/FMLHANDSHAKE]: Sending ticking packet info 'Registry forge:entity_data_serializers' to 'fml:handshake' sequence 14
[20Sep2025 22:18:28.595] [Server thread/DEBUG] [net.minecraftforge.network.HandshakeHandler/FMLHANDSHAKE]: Sending ticking packet info 'Registry minecraft:mob_effect' to 'fml:handshake' sequence 15
[20Sep2025 22:18:28.644] [Server thread/DEBUG] [net.minecraftforge.network.HandshakeHandler/FMLHANDSHAKE]: Sending ticking packet info 'Registry minecraft:stat_type' to 'fml:handshake' sequence 16
[20Sep2025 22:18:28.696] [Server thread/DEBUG] [net.minecraftforge.network.HandshakeHandler/FMLHANDSHAKE]: Sending ticking packet info 'Registry minecraft:menu' to 'fml:handshake' sequence 17
[20Sep2025 22:18:28.746] [Server thread/DEBUG] [net.minecraftforge.network.HandshakeHandler/FMLHANDSHAKE]: Sending ticking packet info 'Registry minecraft:enchantment' to 'fml:handshake' sequence 18
[20Sep2025 22:18:28.797] [Server thread/DEBUG] [net.minecraftforge.network.HandshakeHandler/FMLHANDSHAKE]: Sending ticking packet info 'Registry minecraft:fluid' to 'fml:handshake' sequence 19
[20Sep2025 22:18:28.845] [Server thread/DEBUG] [net.minecraftforge.network.HandshakeHandler/FMLHANDSHAKE]: Sending ticking packet info 'Registry minecraft:entity_type' to 'fml:handshake' sequence 20
[20Sep2025 22:18:28.895] [Server thread/DEBUG] [net.minecraftforge.network.HandshakeHandler/FMLHANDSHAKE]: Sending ticking packet info 'Config forge-server.toml' to 'fml:handshake' sequence 21
[20Sep2025 22:18:28.946] [Server thread/DEBUG] [net.minecraftforge.network.HandshakeHandler/FMLHANDSHAKE]: Sending ticking packet info 'FrameworkConfig refurbished_furniture:server' to 'framework:handshake' sequence 22
[20Sep2025 22:18:29.839] [Netty Epoll Server IO #0/DEBUG] [net.minecraftforge.network.LoginWrapper/FMLHANDSHAKE]: Recieved login wrapper packet event for channel fml:handshake with index 4
[20Sep2025 22:18:29.839] [Netty Epoll Server IO #0/DEBUG] [net.minecraftforge.network.HandshakeHandler/FMLHANDSHAKE]: Received client indexed reply 4 of type net.minecraftforge.network.HandshakeMessages$C2SAcknowledge
[20Sep2025 22:18:29.839] [Netty Epoll Server IO #0/DEBUG] [net.minecraftforge.network.HandshakeHandler/FMLHANDSHAKE]: Received acknowledgement from client
[20Sep2025 22:18:29.916] [Netty Epoll Server IO #0/DEBUG] [net.minecraftforge.network.LoginWrapper/FMLHANDSHAKE]: Recieved login wrapper packet event for channel fml:handshake with index 5
[20Sep2025 22:18:29.917] [Netty Epoll Server IO #0/DEBUG] [net.minecraftforge.network.HandshakeHandler/FMLHANDSHAKE]: Received client indexed reply 5 of type net.minecraftforge.network.HandshakeMessages$C2SAcknowledge
[20Sep2025 22:18:29.917] [Netty Epoll Server IO #0/DEBUG] [net.minecraftforge.network.HandshakeHandler/FMLHANDSHAKE]: Received acknowledgement from client
[20Sep2025 22:18:29.918] [Netty Epoll Server IO #0/DEBUG] [net.minecraftforge.network.LoginWrapper/FMLHANDSHAKE]: Recieved login wrapper packet event for channel fml:handshake with index 6
[20Sep2025 22:18:29.918] [Netty Epoll Server IO #0/DEBUG] [net.minecraftforge.network.HandshakeHandler/FMLHANDSHAKE]: Received client indexed reply 6 of type net.minecraftforge.network.HandshakeMessages$C2SAcknowledge
[20Sep2025 22:18:29.918] [Netty Epoll Server IO #0/DEBUG] [net.minecraftforge.network.HandshakeHandler/FMLHANDSHAKE]: Received acknowledgement from client
[20Sep2025 22:18:30.352] [Netty Epoll Server IO #0/DEBUG] [net.minecraftforge.network.LoginWrapper/FMLHANDSHAKE]: Recieved login wrapper packet event for channel fml:handshake with index 7
[20Sep2025 22:18:30.352] [Netty Epoll Server IO #0/DEBUG] [net.minecraftforge.network.HandshakeHandler/FMLHANDSHAKE]: Received client indexed reply 7 of type net.minecraftforge.network.HandshakeMessages$C2SAcknowledge
[20Sep2025 22:18:30.352] [Netty Epoll Server IO #0/DEBUG] [net.minecraftforge.network.HandshakeHandler/FMLHANDSHAKE]: Received acknowledgement from client
[20Sep2025 22:18:30.353] [Netty Epoll Server IO #0/DEBUG] [net.minecraftforge.network.LoginWrapper/FMLHANDSHAKE]: Recieved login wrapper packet event for channel fml:handshake with index 8
[20Sep2025 22:18:30.353] [Netty Epoll Server IO #0/DEBUG] [net.minecraftforge.network.HandshakeHandler/FMLHANDSHAKE]: Received client indexed reply 8 of type net.minecraftforge.network.HandshakeMessages$C2SAcknowledge
[20Sep2025 22:18:30.353] [Netty Epoll Server IO #0/DEBUG] [net.minecraftforge.network.HandshakeHandler/FMLHANDSHAKE]: Received acknowledgement from client
[20Sep2025 22:18:30.353] [Netty Epoll Server IO #0/DEBUG] [net.minecraftforge.network.LoginWrapper/FMLHANDSHAKE]: Recieved login wrapper packet event for channel fml:handshake with index 9
[20Sep2025 22:18:30.353] [Netty Epoll Server IO #0/DEBUG] [net.minecraftforge.network.HandshakeHandler/FMLHANDSHAKE]: Received client indexed reply 9 of type net.minecraftforge.network.HandshakeMessages$C2SAcknowledge
[20Sep2025 22:18:30.353] [Netty Epoll Server IO #0/DEBUG] [net.minecraftforge.network.HandshakeHandler/FMLHANDSHAKE]: Received acknowledgement from client
[20Sep2025 22:18:30.353] [Netty Epoll Server IO #0/DEBUG] [net.minecraftforge.network.LoginWrapper/FMLHANDSHAKE]: Recieved login wrapper packet event for channel fml:handshake with index 10
[20Sep2025 22:18:30.353] [Netty Epoll Server IO #0/DEBUG] [net.minecraftforge.network.HandshakeHandler/FMLHANDSHAKE]: Received client indexed reply 10 of type net.minecraftforge.network.HandshakeMessages$C2SAcknowledge
[20Sep2025 22:18:30.353] [Netty Epoll Server IO #0/DEBUG] [net.minecraftforge.network.HandshakeHandler/FMLHANDSHAKE]: Received acknowledgement from client
[20Sep2025 22:18:30.353] [Netty Epoll Server IO #0/DEBUG] [net.minecraftforge.network.LoginWrapper/FMLHANDSHAKE]: Recieved login wrapper packet event for channel fml:handshake with index 11
[20Sep2025 22:18:30.353] [Netty Epoll Server IO #0/DEBUG] [net.minecraftforge.network.HandshakeHandler/FMLHANDSHAKE]: Received client indexed reply 11 of type net.minecraftforge.network.HandshakeMessages$C2SAcknowledge
[20Sep2025 22:18:30.353] [Netty Epoll Server IO #0/DEBUG] [net.minecraftforge.network.HandshakeHandler/FMLHANDSHAKE]: Received acknowledgement from client
[20Sep2025 22:18:30.353] [Netty Epoll Server IO #0/DEBUG] [net.minecraftforge.network.LoginWrapper/FMLHANDSHAKE]: Recieved login wrapper packet event for channel fml:handshake with index 12
[20Sep2025 22:18:30.353] [Netty Epoll Server IO #0/DEBUG] [net.minecraftforge.network.HandshakeHandler/FMLHANDSHAKE]: Received client indexed reply 12 of type net.minecraftforge.network.HandshakeMessages$C2SAcknowledge
[20Sep2025 22:18:30.353] [Netty Epoll Server IO #0/DEBUG] [net.minecraftforge.network.HandshakeHandler/FMLHANDSHAKE]: Received acknowledgement from client
[20Sep2025 22:18:30.697] [Netty Epoll Server IO #0/DEBUG] [net.minecraftforge.network.LoginWrapper/FMLHANDSHAKE]: Recieved login wrapper packet event for channel fml:handshake with index 13
[20Sep2025 22:18:30.698] [Netty Epoll Server IO #0/DEBUG] [net.minecraftforge.network.HandshakeHandler/FMLHANDSHAKE]: Received client indexed reply 13 of type net.minecraftforge.network.HandshakeMessages$C2SAcknowledge
[20Sep2025 22:18:30.698] [Netty Epoll Server IO #0/DEBUG] [net.minecraftforge.network.HandshakeHandler/FMLHANDSHAKE]: Received acknowledgement from client
[20Sep2025 22:18:30.698] [Netty Epoll Server IO #0/DEBUG] [net.minecraftforge.network.LoginWrapper/FMLHANDSHAKE]: Recieved login wrapper packet event for channel fml:handshake with index 14
[20Sep2025 22:18:30.698] [Netty Epoll Server IO #0/DEBUG] [net.minecraftforge.network.HandshakeHandler/FMLHANDSHAKE]: Received client indexed reply 14 of type net.minecraftforge.network.HandshakeMessages$C2SAcknowledge
[20Sep2025 22:18:30.698] [Netty Epoll Server IO #0/DEBUG] [net.minecraftforge.network.HandshakeHandler/FMLHANDSHAKE]: Received acknowledgement from client
[20Sep2025 22:18:30.698] [Netty Epoll Server IO #0/DEBUG] [net.minecraftforge.network.LoginWrapper/FMLHANDSHAKE]: Recieved login wrapper packet event for channel fml:handshake with index 15
[20Sep2025 22:18:30.698] [Netty Epoll Server IO #0/DEBUG] [net.minecraftforge.network.HandshakeHandler/FMLHANDSHAKE]: Received client indexed reply 15 of type net.minecraftforge.network.HandshakeMessages$C2SAcknowledge
[20Sep2025 22:18:30.698] [Netty Epoll Server IO #0/DEBUG] [net.minecraftforge.network.HandshakeHandler/FMLHANDSHAKE]: Received acknowledgement from client
[20Sep2025 22:18:30.698] [Netty Epoll Server IO #0/DEBUG] [net.minecraftforge.network.LoginWrapper/FMLHANDSHAKE]: Recieved login wrapper packet event for channel fml:handshake with index 16
[20Sep2025 22:18:30.698] [Netty Epoll Server IO #0/DEBUG] [net.minecraftforge.network.HandshakeHandler/FMLHANDSHAKE]: Received client indexed reply 16 of type net.minecraftforge.network.HandshakeMessages$C2SAcknowledge
[20Sep2025 22:18:30.698] [Netty Epoll Server IO #0/DEBUG] [net.minecraftforge.network.HandshakeHandler/FMLHANDSHAKE]: Received acknowledgement from client
[20Sep2025 22:18:30.698] [Netty Epoll Server IO #0/DEBUG] [net.minecraftforge.network.LoginWrapper/FMLHANDSHAKE]: Recieved login wrapper packet event for channel fml:handshake with index 17
[20Sep2025 22:18:30.698] [Netty Epoll Server IO #0/DEBUG] [net.minecraftforge.network.HandshakeHandler/FMLHANDSHAKE]: Received client indexed reply 17 of type net.minecraftforge.network.HandshakeMessages$C2SAcknowledge
[20Sep2025 22:18:30.698] [Netty Epoll Server IO #0/DEBUG] [net.minecraftforge.network.HandshakeHandler/FMLHANDSHAKE]: Received acknowledgement from client
[20Sep2025 22:18:30.699] [Netty Epoll Server IO #0/DEBUG] [net.minecraftforge.network.LoginWrapper/FMLHANDSHAKE]: Recieved login wrapper packet event for channel fml:handshake with index 18
[20Sep2025 22:18:30.699] [Netty Epoll Server IO #0/DEBUG] [net.minecraftforge.network.HandshakeHandler/FMLHANDSHAKE]: Received client indexed reply 18 of type net.minecraftforge.network.HandshakeMessages$C2SAcknowledge
[20Sep2025 22:18:30.699] [Netty Epoll Server IO #0/DEBUG] [net.minecraftforge.network.HandshakeHandler/FMLHANDSHAKE]: Received acknowledgement from client
[20Sep2025 22:18:30.699] [Netty Epoll Server IO #0/DEBUG] [net.minecraftforge.network.LoginWrapper/FMLHANDSHAKE]: Recieved login wrapper packet event for channel fml:handshake with index 19
[20Sep2025 22:18:30.699] [Netty Epoll Server IO #0/DEBUG] [net.minecraftforge.network.HandshakeHandler/FMLHANDSHAKE]: Received client indexed reply 19 of type net.minecraftforge.network.HandshakeMessages$C2SAcknowledge
[20Sep2025 22:18:30.699] [Netty Epoll Server IO #0/DEBUG] [net.minecraftforge.network.HandshakeHandler/FMLHANDSHAKE]: Received acknowledgement from client
[20Sep2025 22:18:30.827] [Netty Epoll Server IO #0/DEBUG] [net.minecraftforge.network.LoginWrapper/FMLHANDSHAKE]: Recieved login wrapper packet event for channel fml:handshake with index 20
[20Sep2025 22:18:30.828] [Netty Epoll Server IO #0/DEBUG] [net.minecraftforge.network.HandshakeHandler/FMLHANDSHAKE]: Received client indexed reply 20 of type net.minecraftforge.network.HandshakeMessages$C2SAcknowledge
[20Sep2025 22:18:30.828] [Netty Epoll Server IO #0/DEBUG] [net.minecraftforge.network.HandshakeHandler/FMLHANDSHAKE]: Received acknowledgement from client
[20Sep2025 22:18:30.830] [Netty Epoll Server IO #0/DEBUG] [net.minecraftforge.network.LoginWrapper/FMLHANDSHAKE]: Recieved login wrapper packet event for channel fml:handshake with index 21
[20Sep2025 22:18:30.830] [Netty Epoll Server IO #0/DEBUG] [net.minecraftforge.network.HandshakeHandler/FMLHANDSHAKE]: Received client indexed reply 21 of type net.minecraftforge.network.HandshakeMessages$C2SAcknowledge
[20Sep2025 22:18:30.830] [Netty Epoll Server IO #0/DEBUG] [net.minecraftforge.network.HandshakeHandler/FMLHANDSHAKE]: Received acknowledgement from client
[20Sep2025 22:18:30.846] [Netty Epoll Server IO #0/DEBUG] [net.minecraftforge.network.LoginWrapper/FMLHANDSHAKE]: Recieved login wrapper packet event for channel framework:handshake with index 22
[20Sep2025 22:18:30.846] [Netty Epoll Server IO #0/DEBUG] [net.minecraftforge.network.HandshakeHandler/FMLHANDSHAKE]: Received client indexed reply 22 of type com.mrcrayfish.framework.api.network.message.HandshakeMessage$Acknowledge
[20Sep2025 22:18:30.846] [Netty Epoll Server IO #0/DEBUG] [Framework/FRAMEWORK_HANDSHAKE]: Received acknowledgement from client
[20Sep2025 22:18:30.895] [Server thread/DEBUG] [net.minecraftforge.network.HandshakeHandler/FMLHANDSHAKE]: Handshake complete!
[20Sep2025 22:18:30.957] [Server thread/INFO] [net.minecraft.server.players.PlayerList/]: DarkReno[/100.67.52.59:57708] logged in with entity id 458 at (-1007.054413863292, 105.0, 761.6032182420361)
[20Sep2025 22:18:30.958] [Server thread/DEBUG] [net.minecraftforge.network.filters.NetworkFilters/]: Injected net.minecraftforge.network.filters.ForgeConnectionNetworkFilter@7a3439c5 into net.minecraft.network.Connection@7db1444c
[20Sep2025 22:18:30.975] [Server thread/INFO] [net.minecraft.server.MinecraftServer/]: DarkReno joined the game
[20Sep2025 22:18:34.131] [Netty Epoll Server IO #1/DEBUG] [net.minecraftforge.network.HandshakeHandler/FMLHANDSHAKE]: Starting new modded impl connection. Found 23 messages to dispatch.
[20Sep2025 22:18:34.147] [Server thread/DEBUG] [net.minecraftforge.network.HandshakeHandler/FMLHANDSHAKE]: Sending ticking packet info 'net.minecraftforge.network.HandshakeMessages$S2CModData' to 'fml:handshake' sequence 0
[20Sep2025 22:18:34.198] [Server thread/DEBUG] [net.minecraftforge.network.HandshakeHandler/FMLHANDSHAKE]: Sending ticking packet info 'net.minecraftforge.network.HandshakeMessages$S2CModList' to 'fml:handshake' sequence 1
[20Sep2025 22:18:34.250] [Server thread/DEBUG] [net.minecraftforge.network.HandshakeHandler/FMLHANDSHAKE]: Sending ticking packet info 'Registry minecraft:command_argument_type' to 'fml:handshake' sequence 2
[20Sep2025 22:18:34.283] [Netty Epoll Server IO #1/DEBUG] [net.minecraftforge.network.LoginWrapper/FMLHANDSHAKE]: Recieved login wrapper packet event for channel fml:handshake with index 1
[20Sep2025 22:18:34.283] [Netty Epoll Server IO #1/DEBUG] [net.minecraftforge.network.HandshakeHandler/FMLHANDSHAKE]: Received client indexed reply 1 of type net.minecraftforge.network.HandshakeMessages$C2SModListReply
[20Sep2025 22:18:34.284] [Netty Epoll Server IO #1/DEBUG] [net.minecraftforge.network.HandshakeHandler/FMLHANDSHAKE]: Received client connection with modlist [minecraft, easy_npc, framework, forge, moreplayermodels, customskinloader, refurbished_furniture]
[20Sep2025 22:18:34.284] [Netty Epoll Server IO #1/DEBUG] [net.minecraftforge.network.NetworkRegistry/NETREGISTRY]: Channel 'worldedit:cui' : Version test of 'ABSENT 🤔' from client : ACCEPTED
[20Sep2025 22:18:34.284] [Netty Epoll Server IO #1/DEBUG] [net.minecraftforge.network.NetworkRegistry/NETREGISTRY]: Channel 'fml:loginwrapper' : Version test of 'FML3' from client : ACCEPTED
[20Sep2025 22:18:34.284] [Netty Epoll Server IO #1/DEBUG] [net.minecraftforge.network.NetworkRegistry/NETREGISTRY]: Channel 'forge:tier_sorting' : Version test of '1.0' from client : ACCEPTED
[20Sep2025 22:18:34.284] [Netty Epoll Server IO #1/DEBUG] [net.minecraftforge.network.NetworkRegistry/NETREGISTRY]: Channel 'easy_npc:network' : Version test of '23' from client : ACCEPTED
[20Sep2025 22:18:34.284] [Netty Epoll Server IO #1/DEBUG] [net.minecraftforge.network.NetworkRegistry/NETREGISTRY]: Channel 'minecraft:unregister' : Version test of 'FML3' from client : ACCEPTED
[20Sep2025 22:18:34.284] [Netty Epoll Server IO #1/DEBUG] [net.minecraftforge.network.NetworkRegistry/NETREGISTRY]: Channel 'fml:play' : Version test of 'FML3' from client : ACCEPTED
[20Sep2025 22:18:34.284] [Netty Epoll Server IO #1/DEBUG] [net.minecraftforge.network.NetworkRegistry/NETREGISTRY]: Channel 'framework:play' : Version test of '1' from client : ACCEPTED
[20Sep2025 22:18:34.284] [Netty Epoll Server IO #1/DEBUG] [net.minecraftforge.network.NetworkRegistry/NETREGISTRY]: Channel 'moreplayermodels:packets' : Version test of 'mpm' from client : ACCEPTED
[20Sep2025 22:18:34.284] [Netty Epoll Server IO #1/DEBUG] [net.minecraftforge.network.NetworkRegistry/NETREGISTRY]: Channel 'fml:handshake' : Version test of 'FML3' from client : ACCEPTED
[20Sep2025 22:18:34.284] [Netty Epoll Server IO #1/DEBUG] [net.minecraftforge.network.NetworkRegistry/NETREGISTRY]: Channel 'worldedit:internal' : Version test of 'ABSENT 🤔' from client : ACCEPTED
[20Sep2025 22:18:34.284] [Netty Epoll Server IO #1/DEBUG] [net.minecraftforge.network.NetworkRegistry/NETREGISTRY]: Channel 'minecraft:register' : Version test of 'FML3' from client : ACCEPTED
[20Sep2025 22:18:34.284] [Netty Epoll Server IO #1/DEBUG] [net.minecraftforge.network.NetworkRegistry/NETREGISTRY]: Channel 'forge:split' : Version test of '1.1' from client : ACCEPTED
[20Sep2025 22:18:34.284] [Netty Epoll Server IO #1/DEBUG] [net.minecraftforge.network.NetworkRegistry/NETREGISTRY]: Channel 'framework:handshake' : Version test of '1' from client : ACCEPTED
[20Sep2025 22:18:34.284] [Netty Epoll Server IO #1/DEBUG] [net.minecraftforge.network.NetworkRegistry/NETREGISTRY]: Channel 'refurbished_furniture:play' : Version test of '1' from client : ACCEPTED
[20Sep2025 22:18:34.284] [Netty Epoll Server IO #1/DEBUG] [net.minecraftforge.network.NetworkRegistry/NETREGISTRY]: Accepting channel list from client
[20Sep2025 22:18:34.284] [Netty Epoll Server IO #1/DEBUG] [net.minecraftforge.network.HandshakeHandler/FMLHANDSHAKE]: Accepted client connection mod list
[20Sep2025 22:18:34.297] [Server thread/DEBUG] [net.minecraftforge.network.HandshakeHandler/FMLHANDSHAKE]: Sending ticking packet info 'Registry minecraft:recipe_serializer' to 'fml:handshake' sequence 3
[20Sep2025 22:18:34.337] [Netty Epoll Server IO #1/DEBUG] [net.minecraftforge.network.LoginWrapper/FMLHANDSHAKE]: Recieved login wrapper packet event for channel fml:handshake with index 2
[20Sep2025 22:18:34.337] [Netty Epoll Server IO #1/DEBUG] [net.minecraftforge.network.HandshakeHandler/FMLHANDSHAKE]: Received client indexed reply 2 of type net.minecraftforge.network.HandshakeMessages$C2SAcknowledge
[20Sep2025 22:18:34.337] [Netty Epoll Server IO #1/DEBUG] [net.minecraftforge.network.HandshakeHandler/FMLHANDSHAKE]: Received acknowledgement from client
[20Sep2025 22:18:34.346] [Server thread/DEBUG] [net.minecraftforge.network.HandshakeHandler/FMLHANDSHAKE]: Sending ticking packet info 'Registry minecraft:sound_event' to 'fml:handshake' sequence 4
[20Sep2025 22:18:34.382] [Netty Epoll Server IO #1/DEBUG] [net.minecraftforge.network.LoginWrapper/FMLHANDSHAKE]: Recieved login wrapper packet event for channel fml:handshake with index 3
[20Sep2025 22:18:34.382] [Netty Epoll Server IO #1/DEBUG] [net.minecraftforge.network.HandshakeHandler/FMLHANDSHAKE]: Received client indexed reply 3 of type net.minecraftforge.network.HandshakeMessages$C2SAcknowledge
[20Sep2025 22:18:34.382] [Netty Epoll Server IO #1/DEBUG] [net.minecraftforge.network.HandshakeHandler/FMLHANDSHAKE]: Received acknowledgement from client
[20Sep2025 22:18:34.398] [Server thread/DEBUG] [net.minecraftforge.network.HandshakeHandler/FMLHANDSHAKE]: Sending ticking packet info 'Registry minecraft:particle_type' to 'fml:handshake' sequence 5
[20Sep2025 22:18:34.448] [Server thread/DEBUG] [net.minecraftforge.network.HandshakeHandler/FMLHANDSHAKE]: Sending ticking packet info 'Registry minecraft:villager_profession' to 'fml:handshake' sequence 6
[20Sep2025 22:18:34.499] [Server thread/DEBUG] [net.minecraftforge.network.HandshakeHandler/FMLHANDSHAKE]: Sending ticking packet info 'Registry minecraft:item' to 'fml:handshake' sequence 7
[20Sep2025 22:18:34.548] [Server thread/DEBUG] [net.minecraftforge.network.HandshakeHandler/FMLHANDSHAKE]: Sending ticking packet info 'Registry minecraft:potion' to 'fml:handshake' sequence 8
[20Sep2025 22:18:34.600] [Server thread/DEBUG] [net.minecraftforge.network.HandshakeHandler/FMLHANDSHAKE]: Sending ticking packet info 'Registry minecraft:painting_variant' to 'fml:handshake' sequence 9
[20Sep2025 22:18:34.620] [Netty Epoll Server IO #1/DEBUG] [net.minecraftforge.network.LoginWrapper/FMLHANDSHAKE]: Recieved login wrapper packet event for channel fml:handshake with index 4
[20Sep2025 22:18:34.620] [Netty Epoll Server IO #1/DEBUG] [net.minecraftforge.network.HandshakeHandler/FMLHANDSHAKE]: Received client indexed reply 4 of type net.minecraftforge.network.HandshakeMessages$C2SAcknowledge
[20Sep2025 22:18:34.620] [Netty Epoll Server IO #1/DEBUG] [net.minecraftforge.network.HandshakeHandler/FMLHANDSHAKE]: Received acknowledgement from client
[20Sep2025 22:18:34.621] [Netty Epoll Server IO #1/DEBUG] [net.minecraftforge.network.LoginWrapper/FMLHANDSHAKE]: Recieved login wrapper packet event for channel fml:handshake with index 5
[20Sep2025 22:18:34.621] [Netty Epoll Server IO #1/DEBUG] [net.minecraftforge.network.HandshakeHandler/FMLHANDSHAKE]: Received client indexed reply 5 of type net.minecraftforge.network.HandshakeMessages$C2SAcknowledge
[20Sep2025 22:18:34.621] [Netty Epoll Server IO #1/DEBUG] [net.minecraftforge.network.HandshakeHandler/FMLHANDSHAKE]: Received acknowledgement from client
[20Sep2025 22:18:34.621] [Netty Epoll Server IO #1/DEBUG] [net.minecraftforge.network.LoginWrapper/FMLHANDSHAKE]: Recieved login wrapper packet event for channel fml:handshake with index 6
[20Sep2025 22:18:34.621] [Netty Epoll Server IO #1/DEBUG] [net.minecraftforge.network.HandshakeHandler/FMLHANDSHAKE]: Received client indexed reply 6 of type net.minecraftforge.network.HandshakeMessages$C2SAcknowledge
[20Sep2025 22:18:34.621] [Netty Epoll Server IO #1/DEBUG] [net.minecraftforge.network.HandshakeHandler/FMLHANDSHAKE]: Received acknowledgement from client
[20Sep2025 22:18:34.647] [Server thread/DEBUG] [net.minecraftforge.network.HandshakeHandler/FMLHANDSHAKE]: Sending ticking packet info 'Registry forge:fluid_type' to 'fml:handshake' sequence 10
[20Sep2025 22:18:34.699] [Server thread/DEBUG] [net.minecraftforge.network.HandshakeHandler/FMLHANDSHAKE]: Sending ticking packet info 'Registry minecraft:block_entity_type' to 'fml:handshake' sequence 11
[20Sep2025 22:18:34.707] [Netty Epoll Server IO #1/DEBUG] [net.minecraftforge.network.LoginWrapper/FMLHANDSHAKE]: Recieved login wrapper packet event for channel fml:handshake with index 7
[20Sep2025 22:18:34.707] [Netty Epoll Server IO #1/DEBUG] [net.minecraftforge.network.HandshakeHandler/FMLHANDSHAKE]: Received client indexed reply 7 of type net.minecraftforge.network.HandshakeMessages$C2SAcknowledge
[20Sep2025 22:18:34.707] [Netty Epoll Server IO #1/DEBUG] [net.minecraftforge.network.HandshakeHandler/FMLHANDSHAKE]: Received acknowledgement from client
[20Sep2025 22:18:34.710] [Netty Epoll Server IO #1/DEBUG] [net.minecraftforge.network.LoginWrapper/FMLHANDSHAKE]: Recieved login wrapper packet event for channel fml:handshake with index 8
[20Sep2025 22:18:34.710] [Netty Epoll Server IO #1/DEBUG] [net.minecraftforge.network.HandshakeHandler/FMLHANDSHAKE]: Received client indexed reply 8 of type net.minecraftforge.network.HandshakeMessages$C2SAcknowledge
[20Sep2025 22:18:34.710] [Netty Epoll Server IO #1/DEBUG] [net.minecraftforge.network.HandshakeHandler/FMLHANDSHAKE]: Received acknowledgement from client
[20Sep2025 22:18:34.711] [Netty Epoll Server IO #1/DEBUG] [net.minecraftforge.network.LoginWrapper/FMLHANDSHAKE]: Recieved login wrapper packet event for channel fml:handshake with index 9
[20Sep2025 22:18:34.711] [Netty Epoll Server IO #1/DEBUG] [net.minecraftforge.network.HandshakeHandler/FMLHANDSHAKE]: Received client indexed reply 9 of type net.minecraftforge.network.HandshakeMessages$C2SAcknowledge
[20Sep2025 22:18:34.711] [Netty Epoll Server IO #1/DEBUG] [net.minecraftforge.network.HandshakeHandler/FMLHANDSHAKE]: Received acknowledgement from client
[20Sep2025 22:18:34.729] [Netty Epoll Server IO #1/DEBUG] [net.minecraftforge.network.LoginWrapper/FMLHANDSHAKE]: Recieved login wrapper packet event for channel fml:handshake with index 10
[20Sep2025 22:18:34.729] [Netty Epoll Server IO #1/DEBUG] [net.minecraftforge.network.HandshakeHandler/FMLHANDSHAKE]: Received client indexed reply 10 of type net.minecraftforge.network.HandshakeMessages$C2SAcknowledge
[20Sep2025 22:18:34.729] [Netty Epoll Server IO #1/DEBUG] [net.minecraftforge.network.HandshakeHandler/FMLHANDSHAKE]: Received acknowledgement from client
[20Sep2025 22:18:34.747] [Server thread/DEBUG] [net.minecraftforge.network.HandshakeHandler/FMLHANDSHAKE]: Sending ticking packet info 'Registry forge:display_contexts' to 'fml:handshake' sequence 12
[20Sep2025 22:18:34.796] [Netty Epoll Server IO #1/DEBUG] [net.minecraftforge.network.LoginWrapper/FMLHANDSHAKE]: Recieved login wrapper packet event for channel fml:handshake with index 11
[20Sep2025 22:18:34.796] [Netty Epoll Server IO #1/DEBUG] [net.minecraftforge.network.HandshakeHandler/FMLHANDSHAKE]: Received client indexed reply 11 of type net.minecraftforge.network.HandshakeMessages$C2SAcknowledge
[20Sep2025 22:18:34.796] [Netty Epoll Server IO #1/DEBUG] [net.minecraftforge.network.HandshakeHandler/FMLHANDSHAKE]: Received acknowledgement from client
[20Sep2025 22:18:34.799] [Server thread/DEBUG] [net.minecraftforge.network.HandshakeHandler/FMLHANDSHAKE]: Sending ticking packet info 'Registry minecraft:block' to 'fml:handshake' sequence 13
[20Sep2025 22:18:34.848] [Server thread/DEBUG] [net.minecraftforge.network.HandshakeHandler/FMLHANDSHAKE]: Sending ticking packet info 'Registry forge:entity_data_serializers' to 'fml:handshake' sequence 14
[20Sep2025 22:18:34.871] [Netty Epoll Server IO #1/DEBUG] [net.minecraftforge.network.LoginWrapper/FMLHANDSHAKE]: Recieved login wrapper packet event for channel fml:handshake with index 12
[20Sep2025 22:18:34.871] [Netty Epoll Server IO #1/DEBUG] [net.minecraftforge.network.HandshakeHandler/FMLHANDSHAKE]: Received client indexed reply 12 of type net.minecraftforge.network.HandshakeMessages$C2SAcknowledge
[20Sep2025 22:18:34.871] [Netty Epoll Server IO #1/DEBUG] [net.minecraftforge.network.HandshakeHandler/FMLHANDSHAKE]: Received acknowledgement from client
[20Sep2025 22:18:34.896] [Server thread/DEBUG] [net.minecraftforge.network.HandshakeHandler/FMLHANDSHAKE]: Sending ticking packet info 'Registry minecraft:mob_effect' to 'fml:handshake' sequence 15
[20Sep2025 22:18:34.949] [Server thread/DEBUG] [net.minecraftforge.network.HandshakeHandler/FMLHANDSHAKE]: Sending ticking packet info 'Registry minecraft:stat_type' to 'fml:handshake' sequence 16
[20Sep2025 22:18:34.998] [Server thread/DEBUG] [net.minecraftforge.network.HandshakeHandler/FMLHANDSHAKE]: Sending ticking packet info 'Registry minecraft:menu' to 'fml:handshake' sequence 17
[20Sep2025 22:18:35.026] [Netty Epoll Server IO #1/DEBUG] [net.minecraftforge.network.LoginWrapper/FMLHANDSHAKE]: Recieved login wrapper packet event for channel fml:handshake with index 13
[20Sep2025 22:18:35.027] [Netty Epoll Server IO #1/DEBUG] [net.minecraftforge.network.HandshakeHandler/FMLHANDSHAKE]: Received client indexed reply 13 of type net.minecraftforge.network.HandshakeMessages$C2SAcknowledge
[20Sep2025 22:18:35.027] [Netty Epoll Server IO #1/DEBUG] [net.minecraftforge.network.HandshakeHandler/FMLHANDSHAKE]: Received acknowledgement from client
[20Sep2025 22:18:35.027] [Netty Epoll Server IO #1/DEBUG] [net.minecraftforge.network.LoginWrapper/FMLHANDSHAKE]: Recieved login wrapper packet event for channel fml:handshake with index 14
[20Sep2025 22:18:35.027] [Netty Epoll Server IO #1/DEBUG] [net.minecraftforge.network.HandshakeHandler/FMLHANDSHAKE]: Received client indexed reply 14 of type net.minecraftforge.network.HandshakeMessages$C2SAcknowledge
[20Sep2025 22:18:35.027] [Netty Epoll Server IO #1/DEBUG] [net.minecraftforge.network.HandshakeHandler/FMLHANDSHAKE]: Received acknowledgement from client
[20Sep2025 22:18:35.029] [Netty Epoll Server IO #1/DEBUG] [net.minecraftforge.network.LoginWrapper/FMLHANDSHAKE]: Recieved login wrapper packet event for channel fml:handshake with index 15
[20Sep2025 22:18:35.029] [Netty Epoll Server IO #1/DEBUG] [net.minecraftforge.network.HandshakeHandler/FMLHANDSHAKE]: Received client indexed reply 15 of type net.minecraftforge.network.HandshakeMessages$C2SAcknowledge
[20Sep2025 22:18:35.029] [Netty Epoll Server IO #1/DEBUG] [net.minecraftforge.network.HandshakeHandler/FMLHANDSHAKE]: Received acknowledgement from client
[20Sep2025 22:18:35.030] [Netty Epoll Server IO #1/DEBUG] [net.minecraftforge.network.LoginWrapper/FMLHANDSHAKE]: Recieved login wrapper packet event for channel fml:handshake with index 16
[20Sep2025 22:18:35.030] [Netty Epoll Server IO #1/DEBUG] [net.minecraftforge.network.HandshakeHandler/FMLHANDSHAKE]: Received client indexed reply 16 of type net.minecraftforge.network.HandshakeMessages$C2SAcknowledge
[20Sep2025 22:18:35.030] [Netty Epoll Server IO #1/DEBUG] [net.minecraftforge.network.HandshakeHandler/FMLHANDSHAKE]: Received acknowledgement from client
[20Sep2025 22:18:35.049] [Server thread/DEBUG] [net.minecraftforge.network.HandshakeHandler/FMLHANDSHAKE]: Sending ticking packet info 'Registry minecraft:enchantment' to 'fml:handshake' sequence 18
[20Sep2025 22:18:35.103] [Netty Epoll Server IO #1/DEBUG] [net.minecraftforge.network.LoginWrapper/FMLHANDSHAKE]: Recieved login wrapper packet event for channel fml:handshake with index 17
[20Sep2025 22:18:35.103] [Netty Epoll Server IO #1/DEBUG] [net.minecraftforge.network.HandshakeHandler/FMLHANDSHAKE]: Received client indexed reply 17 of type net.minecraftforge.network.HandshakeMessages$C2SAcknowledge
[20Sep2025 22:18:35.104] [Netty Epoll Server IO #1/DEBUG] [net.minecraftforge.network.HandshakeHandler/FMLHANDSHAKE]: Received acknowledgement from client
[20Sep2025 22:18:35.104] [Server thread/DEBUG] [net.minecraftforge.network.HandshakeHandler/FMLHANDSHAKE]: Sending ticking packet info 'Registry minecraft:fluid' to 'fml:handshake' sequence 19
[20Sep2025 22:18:35.139] [Netty Epoll Server IO #1/DEBUG] [net.minecraftforge.network.LoginWrapper/FMLHANDSHAKE]: Recieved login wrapper packet event for channel fml:handshake with index 18
[20Sep2025 22:18:35.139] [Netty Epoll Server IO #1/DEBUG] [net.minecraftforge.network.HandshakeHandler/FMLHANDSHAKE]: Received client indexed reply 18 of type net.minecraftforge.network.HandshakeMessages$C2SAcknowledge
[20Sep2025 22:18:35.139] [Netty Epoll Server IO #1/DEBUG] [net.minecraftforge.network.HandshakeHandler/FMLHANDSHAKE]: Received acknowledgement from client
[20Sep2025 22:18:35.149] [Server thread/DEBUG] [net.minecraftforge.network.HandshakeHandler/FMLHANDSHAKE]: Sending ticking packet info 'Registry minecraft:entity_type' to 'fml:handshake' sequence 20
[20Sep2025 22:18:35.196] [Server thread/DEBUG] [net.minecraftforge.network.HandshakeHandler/FMLHANDSHAKE]: Sending ticking packet info 'Config forge-server.toml' to 'fml:handshake' sequence 21
[20Sep2025 22:18:35.204] [Netty Epoll Server IO #1/DEBUG] [net.minecraftforge.network.LoginWrapper/FMLHANDSHAKE]: Recieved login wrapper packet event for channel fml:handshake with index 19
[20Sep2025 22:18:35.204] [Netty Epoll Server IO #1/DEBUG] [net.minecraftforge.network.HandshakeHandler/FMLHANDSHAKE]: Received client indexed reply 19 of type net.minecraftforge.network.HandshakeMessages$C2SAcknowledge
[20Sep2025 22:18:35.204] [Netty Epoll Server IO #1/DEBUG] [net.minecraftforge.network.HandshakeHandler/FMLHANDSHAKE]: Received acknowledgement from client
[20Sep2025 22:18:35.250] [Server thread/DEBUG] [net.minecraftforge.network.HandshakeHandler/FMLHANDSHAKE]: Sending ticking packet info 'FrameworkConfig refurbished_furniture:server' to 'framework:handshake' sequence 22
[20Sep2025 22:18:38.895] [Netty Epoll Server IO #1/DEBUG] [net.minecraftforge.network.LoginWrapper/FMLHANDSHAKE]: Recieved login wrapper packet event for channel fml:handshake with index 20
[20Sep2025 22:18:38.895] [Netty Epoll Server IO #1/DEBUG] [net.minecraftforge.network.HandshakeHandler/FMLHANDSHAKE]: Received client indexed reply 20 of type net.minecraftforge.network.HandshakeMessages$C2SAcknowledge
[20Sep2025 22:18:38.896] [Netty Epoll Server IO #1/DEBUG] [net.minecraftforge.network.HandshakeHandler/FMLHANDSHAKE]: Received acknowledgement from client
[20Sep2025 22:18:38.909] [Netty Epoll Server IO #1/DEBUG] [net.minecraftforge.network.LoginWrapper/FMLHANDSHAKE]: Recieved login wrapper packet event for channel fml:handshake with index 21
[20Sep2025 22:18:38.909] [Netty Epoll Server IO #1/DEBUG] [net.minecraftforge.network.HandshakeHandler/FMLHANDSHAKE]: Received client indexed reply 21 of type net.minecraftforge.network.HandshakeMessages$C2SAcknowledge
[20Sep2025 22:18:38.909] [Netty Epoll Server IO #1/DEBUG] [net.minecraftforge.network.HandshakeHandler/FMLHANDSHAKE]: Received acknowledgement from client
[20Sep2025 22:18:38.955] [Netty Epoll Server IO #1/DEBUG] [net.minecraftforge.network.LoginWrapper/FMLHANDSHAKE]: Recieved login wrapper packet event for channel framework:handshake with index 22
[20Sep2025 22:18:38.955] [Netty Epoll Server IO #1/DEBUG] [net.minecraftforge.network.HandshakeHandler/FMLHANDSHAKE]: Received client indexed reply 22 of type com.mrcrayfish.framework.api.network.message.HandshakeMessage$Acknowledge
[20Sep2025 22:18:38.956] [Netty Epoll Server IO #1/DEBUG] [Framework/FRAMEWORK_HANDSHAKE]: Received acknowledgement from client
[20Sep2025 22:18:38.996] [Server thread/DEBUG] [net.minecraftforge.network.HandshakeHandler/FMLHANDSHAKE]: Handshake complete!
[20Sep2025 22:18:39.057] [Server thread/INFO] [net.minecraft.server.players.PlayerList/]: Lumpylauncer[/100.84.200.109:33342] logged in with entity id 486 at (-1010.6092006944283, 113.0, 765.2114332075344)
[20Sep2025 22:18:39.057] [Server thread/DEBUG] [net.minecraftforge.network.filters.NetworkFilters/]: Injected net.minecraftforge.network.filters.ForgeConnectionNetworkFilter@3b4af15e into net.minecraft.network.Connection@8aa8d7b
[20Sep2025 22:18:39.075] [Server thread/INFO] [net.minecraft.server.MinecraftServer/]: Lumpylauncer joined the game
[20Sep2025 22:20:24.011] [Server thread/DEBUG] [net.minecraftforge.common.ForgeHooks/WP]: Gathering id map for writing to world save world
[20Sep2025 22:20:24.019] [Server thread/DEBUG] [net.minecraftforge.common.ForgeHooks/WP]: ID Map collection complete world
[20Sep2025 22:21:54.396] [Server thread/INFO] [net.minecraft.server.network.ServerGamePacketListenerImpl/]: Lumpylauncer lost connection: Timed out
[20Sep2025 22:21:54.397] [Server thread/INFO] [net.minecraft.server.MinecraftServer/]: Lumpylauncer left the game
[20Sep2025 22:22:16.498] [Server thread/INFO] [net.minecraft.server.network.ServerGamePacketListenerImpl/]: DarkReno lost connection: Timed out
[20Sep2025 22:22:16.498] [Server thread/INFO] [net.minecraft.server.MinecraftServer/]: DarkReno left the game
[20Sep2025 22:22:20.216] [Netty Epoll Server IO #3/DEBUG] [net.minecraftforge.network.HandshakeHandler/FMLHANDSHAKE]: Starting new modded impl connection. Found 23 messages to dispatch.
[20Sep2025 22:22:20.247] [Server thread/DEBUG] [net.minecraftforge.network.HandshakeHandler/FMLHANDSHAKE]: Sending ticking packet info 'net.minecraftforge.network.HandshakeMessages$S2CModData' to 'fml:handshake' sequence 0
[20Sep2025 22:22:20.297] [Server thread/DEBUG] [net.minecraftforge.network.HandshakeHandler/FMLHANDSHAKE]: Sending ticking packet info 'net.minecraftforge.network.HandshakeMessages$S2CModList' to 'fml:handshake' sequence 1
[20Sep2025 22:22:20.347] [Server thread/DEBUG] [net.minecraftforge.network.HandshakeHandler/FMLHANDSHAKE]: Sending ticking packet info 'Registry minecraft:command_argument_type' to 'fml:handshake' sequence 2
[20Sep2025 22:22:20.394] [Netty Epoll Server IO #3/DEBUG] [net.minecraftforge.network.LoginWrapper/FMLHANDSHAKE]: Recieved login wrapper packet event for channel fml:handshake with index 1
[20Sep2025 22:22:20.394] [Netty Epoll Server IO #3/DEBUG] [net.minecraftforge.network.HandshakeHandler/FMLHANDSHAKE]: Received client indexed reply 1 of type net.minecraftforge.network.HandshakeMessages$C2SModListReply
[20Sep2025 22:22:20.394] [Netty Epoll Server IO #3/DEBUG] [net.minecraftforge.network.HandshakeHandler/FMLHANDSHAKE]: Received client connection with modlist [minecraft, easy_npc, playeranimator, customskinloader, trender, betterfpsdist, rubidium, sodium, oculus, iris, moreplayermodels, modernfix, freecam, entityculling, canary, mixinextras, worldedit, immediatelyfast, ferritecore, cupboard, transition, refurbished_furniture, memoryleakfix, framework, cloth_config, seriousplayeranimations, forge]
[20Sep2025 22:22:20.394] [Netty Epoll Server IO #3/DEBUG] [net.minecraftforge.network.NetworkRegistry/NETREGISTRY]: Channel 'worldedit:cui' : Version test of '1' from client : ACCEPTED
[20Sep2025 22:22:20.394] [Netty Epoll Server IO #3/DEBUG] [net.minecraftforge.network.NetworkRegistry/NETREGISTRY]: Channel 'fml:loginwrapper' : Version test of 'FML3' from client : ACCEPTED
[20Sep2025 22:22:20.394] [Netty Epoll Server IO #3/DEBUG] [net.minecraftforge.network.NetworkRegistry/NETREGISTRY]: Channel 'forge:tier_sorting' : Version test of '1.0' from client : ACCEPTED
[20Sep2025 22:22:20.394] [Netty Epoll Server IO #3/DEBUG] [net.minecraftforge.network.NetworkRegistry/NETREGISTRY]: Channel 'easy_npc:network' : Version test of '23' from client : ACCEPTED
[20Sep2025 22:22:20.394] [Netty Epoll Server IO #3/DEBUG] [net.minecraftforge.network.NetworkRegistry/NETREGISTRY]: Channel 'minecraft:unregister' : Version test of 'FML3' from client : ACCEPTED
[20Sep2025 22:22:20.394] [Netty Epoll Server IO #3/DEBUG] [net.minecraftforge.network.NetworkRegistry/NETREGISTRY]: Channel 'fml:play' : Version test of 'FML3' from client : ACCEPTED
[20Sep2025 22:22:20.394] [Netty Epoll Server IO #3/DEBUG] [net.minecraftforge.network.NetworkRegistry/NETREGISTRY]: Channel 'framework:play' : Version test of '1' from client : ACCEPTED
[20Sep2025 22:22:20.394] [Netty Epoll Server IO #3/DEBUG] [net.minecraftforge.network.NetworkRegistry/NETREGISTRY]: Channel 'moreplayermodels:packets' : Version test of 'mpm' from client : ACCEPTED
[20Sep2025 22:22:20.394] [Netty Epoll Server IO #3/DEBUG] [net.minecraftforge.network.NetworkRegistry/NETREGISTRY]: Channel 'fml:handshake' : Version test of 'FML3' from client : ACCEPTED
[20Sep2025 22:22:20.394] [Netty Epoll Server IO #3/DEBUG] [net.minecraftforge.network.NetworkRegistry/NETREGISTRY]: Channel 'worldedit:internal' : Version test of '1' from client : ACCEPTED
[20Sep2025 22:22:20.394] [Netty Epoll Server IO #3/DEBUG] [net.minecraftforge.network.NetworkRegistry/NETREGISTRY]: Channel 'minecraft:register' : Version test of 'FML3' from client : ACCEPTED
[20Sep2025 22:22:20.394] [Netty Epoll Server IO #3/DEBUG] [net.minecraftforge.network.NetworkRegistry/NETREGISTRY]: Channel 'forge:split' : Version test of '1.1' from client : ACCEPTED
[20Sep2025 22:22:20.394] [Netty Epoll Server IO #3/DEBUG] [net.minecraftforge.network.NetworkRegistry/NETREGISTRY]: Channel 'framework:handshake' : Version test of '1' from client : ACCEPTED
[20Sep2025 22:22:20.394] [Netty Epoll Server IO #3/DEBUG] [net.minecraftforge.network.NetworkRegistry/NETREGISTRY]: Channel 'refurbished_furniture:play' : Version test of '1' from client : ACCEPTED
[20Sep2025 22:22:20.395] [Netty Epoll Server IO #3/DEBUG] [net.minecraftforge.network.NetworkRegistry/NETREGISTRY]: Accepting channel list from client
[20Sep2025 22:22:20.395] [Netty Epoll Server IO #3/DEBUG] [net.minecraftforge.network.HandshakeHandler/FMLHANDSHAKE]: Accepted client connection mod list
[20Sep2025 22:22:20.397] [Server thread/DEBUG] [net.minecraftforge.network.HandshakeHandler/FMLHANDSHAKE]: Sending ticking packet info 'Registry minecraft:recipe_serializer' to 'fml:handshake' sequence 3
[20Sep2025 22:22:20.433] [Netty Epoll Server IO #3/DEBUG] [net.minecraftforge.network.LoginWrapper/FMLHANDSHAKE]: Recieved login wrapper packet event for channel fml:handshake with index 2
[20Sep2025 22:22:20.433] [Netty Epoll Server IO #3/DEBUG] [net.minecraftforge.network.HandshakeHandler/FMLHANDSHAKE]: Received client indexed reply 2 of type net.minecraftforge.network.HandshakeMessages$C2SAcknowledge
[20Sep2025 22:22:20.433] [Netty Epoll Server IO #3/DEBUG] [net.minecraftforge.network.HandshakeHandler/FMLHANDSHAKE]: Received acknowledgement from client
[20Sep2025 22:22:20.446] [Server thread/DEBUG] [net.minecraftforge.network.HandshakeHandler/FMLHANDSHAKE]: Sending ticking packet info 'Registry minecraft:sound_event' to 'fml:handshake' sequence 4
[20Sep2025 22:22:20.489] [Netty Epoll Server IO #3/DEBUG] [net.minecraftforge.network.LoginWrapper/FMLHANDSHAKE]: Recieved login wrapper packet event for channel fml:handshake with index 3
[20Sep2025 22:22:20.489] [Netty Epoll Server IO #3/DEBUG] [net.minecraftforge.network.HandshakeHandler/FMLHANDSHAKE]: Received client indexed reply 3 of type net.minecraftforge.network.HandshakeMessages$C2SAcknowledge
[20Sep2025 22:22:20.489] [Netty Epoll Server IO #3/DEBUG] [net.minecraftforge.network.HandshakeHandler/FMLHANDSHAKE]: Received acknowledgement from client
[20Sep2025 22:22:20.496] [Server thread/DEBUG] [net.minecraftforge.network.HandshakeHandler/FMLHANDSHAKE]: Sending ticking packet info 'Registry minecraft:particle_type' to 'fml:handshake' sequence 5
[20Sep2025 22:22:20.546] [Server thread/DEBUG] [net.minecraftforge.network.HandshakeHandler/FMLHANDSHAKE]: Sending ticking packet info 'Registry minecraft:villager_profession' to 'fml:handshake' sequence 6
[20Sep2025 22:22:20.596] [Server thread/DEBUG] [net.minecraftforge.network.HandshakeHandler/FMLHANDSHAKE]: Sending ticking packet info 'Registry minecraft:item' to 'fml:handshake' sequence 7
[20Sep2025 22:22:20.647] [Server thread/DEBUG] [net.minecraftforge.network.HandshakeHandler/FMLHANDSHAKE]: Sending ticking packet info 'Registry minecraft:potion' to 'fml:handshake' sequence 8
[20Sep2025 22:22:20.696] [Server thread/DEBUG] [net.minecraftforge.network.HandshakeHandler/FMLHANDSHAKE]: Sending ticking packet info 'Registry minecraft:painting_variant' to 'fml:handshake' sequence 9
[20Sep2025 22:22:20.720] [Netty Epoll Server IO #3/DEBUG] [net.minecraftforge.network.LoginWrapper/FMLHANDSHAKE]: Recieved login wrapper packet event for channel fml:handshake with index 4
[20Sep2025 22:22:20.720] [Netty Epoll Server IO #3/DEBUG] [net.minecraftforge.network.HandshakeHandler/FMLHANDSHAKE]: Received client indexed reply 4 of type net.minecraftforge.network.HandshakeMessages$C2SAcknowledge
[20Sep2025 22:22:20.720] [Netty Epoll Server IO #3/DEBUG] [net.minecraftforge.network.HandshakeHandler/FMLHANDSHAKE]: Received acknowledgement from client
[20Sep2025 22:22:20.722] [Netty Epoll Server IO #3/DEBUG] [net.minecraftforge.network.LoginWrapper/FMLHANDSHAKE]: Recieved login wrapper packet event for channel fml:handshake with index 5
[20Sep2025 22:22:20.722] [Netty Epoll Server IO #3/DEBUG] [net.minecraftforge.network.HandshakeHandler/FMLHANDSHAKE]: Received client indexed reply 5 of type net.minecraftforge.network.HandshakeMessages$C2SAcknowledge
[20Sep2025 22:22:20.722] [Netty Epoll Server IO #3/DEBUG] [net.minecraftforge.network.HandshakeHandler/FMLHANDSHAKE]: Received acknowledgement from client
[20Sep2025 22:22:20.723] [Netty Epoll Server IO #3/DEBUG] [net.minecraftforge.network.LoginWrapper/FMLHANDSHAKE]: Recieved login wrapper packet event for channel fml:handshake with index 6
[20Sep2025 22:22:20.723] [Netty Epoll Server IO #3/DEBUG] [net.minecraftforge.network.HandshakeHandler/FMLHANDSHAKE]: Received client indexed reply 6 of type net.minecraftforge.network.HandshakeMessages$C2SAcknowledge
[20Sep2025 22:22:20.723] [Netty Epoll Server IO #3/DEBUG] [net.minecraftforge.network.HandshakeHandler/FMLHANDSHAKE]: Received acknowledgement from client
[20Sep2025 22:22:20.748] [Server thread/DEBUG] [net.minecraftforge.network.HandshakeHandler/FMLHANDSHAKE]: Sending ticking packet info 'Registry forge:fluid_type' to 'fml:handshake' sequence 10
[20Sep2025 22:22:20.796] [Server thread/DEBUG] [net.minecraftforge.network.HandshakeHandler/FMLHANDSHAKE]: Sending ticking packet info 'Registry minecraft:block_entity_type' to 'fml:handshake' sequence 11
[20Sep2025 22:22:20.809] [Netty Epoll Server IO #3/DEBUG] [net.minecraftforge.network.LoginWrapper/FMLHANDSHAKE]: Recieved login wrapper packet event for channel fml:handshake with index 7
[20Sep2025 22:22:20.809] [Netty Epoll Server IO #3/DEBUG] [net.minecraftforge.network.HandshakeHandler/FMLHANDSHAKE]: Received client indexed reply 7 of type net.minecraftforge.network.HandshakeMessages$C2SAcknowledge
[20Sep2025 22:22:20.809] [Netty Epoll Server IO #3/DEBUG] [net.minecraftforge.network.HandshakeHandler/FMLHANDSHAKE]: Received acknowledgement from client
[20Sep2025 22:22:20.810] [Netty Epoll Server IO #3/DEBUG] [net.minecraftforge.network.LoginWrapper/FMLHANDSHAKE]: Recieved login wrapper packet event for channel fml:handshake with index 8
[20Sep2025 22:22:20.810] [Netty Epoll Server IO #3/DEBUG] [net.minecraftforge.network.HandshakeHandler/FMLHANDSHAKE]: Received client indexed reply 8 of type net.minecraftforge.network.HandshakeMessages$C2SAcknowledge
[20Sep2025 22:22:20.810] [Netty Epoll Server IO #3/DEBUG] [net.minecraftforge.network.HandshakeHandler/FMLHANDSHAKE]: Received acknowledgement from client
[20Sep2025 22:22:20.810] [Netty Epoll Server IO #3/DEBUG] [net.minecraftforge.network.LoginWrapper/FMLHANDSHAKE]: Recieved login wrapper packet event for channel fml:handshake with index 9
[20Sep2025 22:22:20.810] [Netty Epoll Server IO #3/DEBUG] [net.minecraftforge.network.HandshakeHandler/FMLHANDSHAKE]: Received client indexed reply 9 of type net.minecraftforge.network.HandshakeMessages$C2SAcknowledge
[20Sep2025 22:22:20.810] [Netty Epoll Server IO #3/DEBUG] [net.minecraftforge.network.HandshakeHandler/FMLHANDSHAKE]: Received acknowledgement from client
[20Sep2025 22:22:20.833] [Netty Epoll Server IO #3/DEBUG] [net.minecraftforge.network.LoginWrapper/FMLHANDSHAKE]: Recieved login wrapper packet event for channel fml:handshake with index 10
[20Sep2025 22:22:20.833] [Netty Epoll Server IO #3/DEBUG] [net.minecraftforge.network.HandshakeHandler/FMLHANDSHAKE]: Received client indexed reply 10 of type net.minecraftforge.network.HandshakeMessages$C2SAcknowledge
[20Sep2025 22:22:20.834] [Netty Epoll Server IO #3/DEBUG] [net.minecraftforge.network.HandshakeHandler/FMLHANDSHAKE]: Received acknowledgement from client
[20Sep2025 22:22:20.847] [Server thread/DEBUG] [net.minecraftforge.network.HandshakeHandler/FMLHANDSHAKE]: Sending ticking packet info 'Registry forge:display_contexts' to 'fml:handshake' sequence 12
[20Sep2025 22:22:20.883] [Netty Epoll Server IO #3/DEBUG] [net.minecraftforge.network.LoginWrapper/FMLHANDSHAKE]: Recieved login wrapper packet event for channel fml:handshake with index 11
[20Sep2025 22:22:20.883] [Netty Epoll Server IO #3/DEBUG] [net.minecraftforge.network.HandshakeHandler/FMLHANDSHAKE]: Received client indexed reply 11 of type net.minecraftforge.network.HandshakeMessages$C2SAcknowledge
[20Sep2025 22:22:20.883] [Netty Epoll Server IO #3/DEBUG] [net.minecraftforge.network.HandshakeHandler/FMLHANDSHAKE]: Received acknowledgement from client
[20Sep2025 22:22:20.897] [Server thread/DEBUG] [net.minecraftforge.network.HandshakeHandler/FMLHANDSHAKE]: Sending ticking packet info 'Registry minecraft:block' to 'fml:handshake' sequence 13
[20Sep2025 22:22:20.932] [Netty Epoll Server IO #3/DEBUG] [net.minecraftforge.network.LoginWrapper/FMLHANDSHAKE]: Recieved login wrapper packet event for channel fml:handshake with index 12
[20Sep2025 22:22:20.933] [Netty Epoll Server IO #3/DEBUG] [net.minecraftforge.network.HandshakeHandler/FMLHANDSHAKE]: Received client indexed reply 12 of type net.minecraftforge.network.HandshakeMessages$C2SAcknowledge
[20Sep2025 22:22:20.933] [Netty Epoll Server IO #3/DEBUG] [net.minecraftforge.network.HandshakeHandler/FMLHANDSHAKE]: Received acknowledgement from client
[20Sep2025 22:22:20.948] [Server thread/DEBUG] [net.minecraftforge.network.HandshakeHandler/FMLHANDSHAKE]: Sending ticking packet info 'Registry forge:entity_data_serializers' to 'fml:handshake' sequence 14
[20Sep2025 22:22:20.971] [Netty Epoll Server IO #4/DEBUG] [net.minecraftforge.network.HandshakeHandler/FMLHANDSHAKE]: Starting new modded impl connection. Found 23 messages to dispatch.
[20Sep2025 22:22:20.994] [Netty Epoll Server IO #3/DEBUG] [net.minecraftforge.network.LoginWrapper/FMLHANDSHAKE]: Recieved login wrapper packet event for channel fml:handshake with index 13
[20Sep2025 22:22:20.994] [Netty Epoll Server IO #3/DEBUG] [net.minecraftforge.network.HandshakeHandler/FMLHANDSHAKE]: Received client indexed reply 13 of type net.minecraftforge.network.HandshakeMessages$C2SAcknowledge
[20Sep2025 22:22:20.994] [Netty Epoll Server IO #3/DEBUG] [net.minecraftforge.network.HandshakeHandler/FMLHANDSHAKE]: Received acknowledgement from client
[20Sep2025 22:22:20.997] [Server thread/DEBUG] [net.minecraftforge.network.HandshakeHandler/FMLHANDSHAKE]: Sending ticking packet info 'Registry minecraft:mob_effect' to 'fml:handshake' sequence 15
[20Sep2025 22:22:20.997] [Server thread/DEBUG] [net.minecraftforge.network.HandshakeHandler/FMLHANDSHAKE]: Sending ticking packet info 'net.minecraftforge.network.HandshakeMessages$S2CModData' to 'fml:handshake' sequence 0
[20Sep2025 22:22:21.047] [Server thread/DEBUG] [net.minecraftforge.network.HandshakeHandler/FMLHANDSHAKE]: Sending ticking packet info 'Registry minecraft:stat_type' to 'fml:handshake' sequence 16
[20Sep2025 22:22:21.047] [Server thread/DEBUG] [net.minecraftforge.network.HandshakeHandler/FMLHANDSHAKE]: Sending ticking packet info 'net.minecraftforge.network.HandshakeMessages$S2CModList' to 'fml:handshake' sequence 1
[20Sep2025 22:22:21.076] [Netty Epoll Server IO #3/DEBUG] [net.minecraftforge.network.LoginWrapper/FMLHANDSHAKE]: Recieved login wrapper packet event for channel fml:handshake with index 14
[20Sep2025 22:22:21.076] [Netty Epoll Server IO #3/DEBUG] [net.minecraftforge.network.HandshakeHandler/FMLHANDSHAKE]: Received client indexed reply 14 of type net.minecraftforge.network.HandshakeMessages$C2SAcknowledge
[20Sep2025 22:22:21.076] [Netty Epoll Server IO #3/DEBUG] [net.minecraftforge.network.HandshakeHandler/FMLHANDSHAKE]: Received acknowledgement from client
[20Sep2025 22:22:21.096] [Server thread/DEBUG] [net.minecraftforge.network.HandshakeHandler/FMLHANDSHAKE]: Sending ticking packet info 'Registry minecraft:menu' to 'fml:handshake' sequence 17
[20Sep2025 22:22:21.096] [Server thread/DEBUG] [net.minecraftforge.network.HandshakeHandler/FMLHANDSHAKE]: Sending ticking packet info 'Registry minecraft:command_argument_type' to 'fml:handshake' sequence 2
[20Sep2025 22:22:21.136] [Netty Epoll Server IO #3/DEBUG] [net.minecraftforge.network.LoginWrapper/FMLHANDSHAKE]: Recieved login wrapper packet event for channel fml:handshake with index 15
[20Sep2025 22:22:21.136] [Netty Epoll Server IO #3/DEBUG] [net.minecraftforge.network.HandshakeHandler/FMLHANDSHAKE]: Received client indexed reply 15 of type net.minecraftforge.network.HandshakeMessages$C2SAcknowledge
[20Sep2025 22:22:21.136] [Netty Epoll Server IO #3/DEBUG] [net.minecraftforge.network.HandshakeHandler/FMLHANDSHAKE]: Received acknowledgement from client
[20Sep2025 22:22:21.147] [Server thread/DEBUG] [net.minecraftforge.network.HandshakeHandler/FMLHANDSHAKE]: Sending ticking packet info 'Registry minecraft:enchantment' to 'fml:handshake' sequence 18
[20Sep2025 22:22:21.147] [Server thread/DEBUG] [net.minecraftforge.network.HandshakeHandler/FMLHANDSHAKE]: Sending ticking packet info 'Registry minecraft:recipe_serializer' to 'fml:handshake' sequence 3
[20Sep2025 22:22:21.196] [Server thread/DEBUG] [net.minecraftforge.network.HandshakeHandler/FMLHANDSHAKE]: Sending ticking packet info 'Registry minecraft:fluid' to 'fml:handshake' sequence 19
[20Sep2025 22:22:21.196] [Server thread/DEBUG] [net.minecraftforge.network.HandshakeHandler/FMLHANDSHAKE]: Sending ticking packet info 'Registry minecraft:sound_event' to 'fml:handshake' sequence 4
[20Sep2025 22:22:21.246] [Server thread/DEBUG] [net.minecraftforge.network.HandshakeHandler/FMLHANDSHAKE]: Sending ticking packet info 'Registry minecraft:entity_type' to 'fml:handshake' sequence 20
[20Sep2025 22:22:21.247] [Server thread/DEBUG] [net.minecraftforge.network.HandshakeHandler/FMLHANDSHAKE]: Sending ticking packet info 'Registry minecraft:particle_type' to 'fml:handshake' sequence 5
[20Sep2025 22:22:21.283] [Netty Epoll Server IO #3/DEBUG] [net.minecraftforge.network.LoginWrapper/FMLHANDSHAKE]: Recieved login wrapper packet event for channel fml:handshake with index 16
[20Sep2025 22:22:21.284] [Netty Epoll Server IO #3/DEBUG] [net.minecraftforge.network.HandshakeHandler/FMLHANDSHAKE]: Received client indexed reply 16 of type net.minecraftforge.network.HandshakeMessages$C2SAcknowledge
[20Sep2025 22:22:21.284] [Netty Epoll Server IO #3/DEBUG] [net.minecraftforge.network.HandshakeHandler/FMLHANDSHAKE]: Received acknowledgement from client
[20Sep2025 22:22:21.297] [Server thread/DEBUG] [net.minecraftforge.network.HandshakeHandler/FMLHANDSHAKE]: Sending ticking packet info 'Config forge-server.toml' to 'fml:handshake' sequence 21
[20Sep2025 22:22:21.297] [Server thread/DEBUG] [net.minecraftforge.network.HandshakeHandler/FMLHANDSHAKE]: Sending ticking packet info 'Registry minecraft:villager_profession' to 'fml:handshake' sequence 6
[20Sep2025 22:22:21.305] [Netty Epoll Server IO #3/DEBUG] [net.minecraftforge.network.LoginWrapper/FMLHANDSHAKE]: Recieved login wrapper packet event for channel fml:handshake with index 17
[20Sep2025 22:22:21.305] [Netty Epoll Server IO #3/DEBUG] [net.minecraftforge.network.HandshakeHandler/FMLHANDSHAKE]: Received client indexed reply 17 of type net.minecraftforge.network.HandshakeMessages$C2SAcknowledge
[20Sep2025 22:22:21.305] [Netty Epoll Server IO #3/DEBUG] [net.minecraftforge.network.HandshakeHandler/FMLHANDSHAKE]: Received acknowledgement from client
[20Sep2025 22:22:21.346] [Server thread/DEBUG] [net.minecraftforge.network.HandshakeHandler/FMLHANDSHAKE]: Sending ticking packet info 'FrameworkConfig refurbished_furniture:server' to 'framework:handshake' sequence 22
[20Sep2025 22:22:21.347] [Server thread/DEBUG] [net.minecraftforge.network.HandshakeHandler/FMLHANDSHAKE]: Sending ticking packet info 'Registry minecraft:item' to 'fml:handshake' sequence 7
[20Sep2025 22:22:21.359] [Netty Epoll Server IO #4/DEBUG] [net.minecraftforge.network.LoginWrapper/FMLHANDSHAKE]: Recieved login wrapper packet event for channel fml:handshake with index 1
[20Sep2025 22:22:21.359] [Netty Epoll Server IO #4/DEBUG] [net.minecraftforge.network.HandshakeHandler/FMLHANDSHAKE]: Received client indexed reply 1 of type net.minecraftforge.network.HandshakeMessages$C2SModListReply
[20Sep2025 22:22:21.359] [Netty Epoll Server IO #4/DEBUG] [net.minecraftforge.network.HandshakeHandler/FMLHANDSHAKE]: Received client connection with modlist [minecraft, easy_npc, framework, forge, moreplayermodels, customskinloader, refurbished_furniture]
[20Sep2025 22:22:21.359] [Netty Epoll Server IO #4/DEBUG] [net.minecraftforge.network.NetworkRegistry/NETREGISTRY]: Channel 'worldedit:cui' : Version test of 'ABSENT 🤔' from client : ACCEPTED
[20Sep2025 22:22:21.359] [Netty Epoll Server IO #4/DEBUG] [net.minecraftforge.network.NetworkRegistry/NETREGISTRY]: Channel 'fml:loginwrapper' : Version test of 'FML3' from client : ACCEPTED
[20Sep2025 22:22:21.359] [Netty Epoll Server IO #4/DEBUG] [net.minecraftforge.network.NetworkRegistry/NETREGISTRY]: Channel 'forge:tier_sorting' : Version test of '1.0' from client : ACCEPTED
[20Sep2025 22:22:21.359] [Netty Epoll Server IO #4/DEBUG] [net.minecraftforge.network.NetworkRegistry/NETREGISTRY]: Channel 'easy_npc:network' : Version test of '23' from client : ACCEPTED
[20Sep2025 22:22:21.359] [Netty Epoll Server IO #4/DEBUG] [net.minecraftforge.network.NetworkRegistry/NETREGISTRY]: Channel 'minecraft:unregister' : Version test of 'FML3' from client : ACCEPTED
[20Sep2025 22:22:21.359] [Netty Epoll Server IO #4/DEBUG] [net.minecraftforge.network.NetworkRegistry/NETREGISTRY]: Channel 'fml:play' : Version test of 'FML3' from client : ACCEPTED
[20Sep2025 22:22:21.360] [Netty Epoll Server IO #4/DEBUG] [net.minecraftforge.network.NetworkRegistry/NETREGISTRY]: Channel 'framework:play' : Version test of '1' from client : ACCEPTED
[20Sep2025 22:22:21.360] [Netty Epoll Server IO #4/DEBUG] [net.minecraftforge.network.NetworkRegistry/NETREGISTRY]: Channel 'moreplayermodels:packets' : Version test of 'mpm' from client : ACCEPTED
[20Sep2025 22:22:21.360] [Netty Epoll Server IO #4/DEBUG] [net.minecraftforge.network.NetworkRegistry/NETREGISTRY]: Channel 'fml:handshake' : Version test of 'FML3' from client : ACCEPTED
[20Sep2025 22:22:21.360] [Netty Epoll Server IO #4/DEBUG] [net.minecraftforge.network.NetworkRegistry/NETREGISTRY]: Channel 'worldedit:internal' : Version test of 'ABSENT 🤔' from client : ACCEPTED
[20Sep2025 22:22:21.360] [Netty Epoll Server IO #4/DEBUG] [net.minecraftforge.network.NetworkRegistry/NETREGISTRY]: Channel 'minecraft:register' : Version test of 'FML3' from client : ACCEPTED
[20Sep2025 22:22:21.360] [Netty Epoll Server IO #4/DEBUG] [net.minecraftforge.network.NetworkRegistry/NETREGISTRY]: Channel 'forge:split' : Version test of '1.1' from client : ACCEPTED
[20Sep2025 22:22:21.360] [Netty Epoll Server IO #4/DEBUG] [net.minecraftforge.network.NetworkRegistry/NETREGISTRY]: Channel 'framework:handshake' : Version test of '1' from client : ACCEPTED
[20Sep2025 22:22:21.360] [Netty Epoll Server IO #4/DEBUG] [net.minecraftforge.network.NetworkRegistry/NETREGISTRY]: Channel 'refurbished_furniture:play' : Version test of '1' from client : ACCEPTED
[20Sep2025 22:22:21.360] [Netty Epoll Server IO #4/DEBUG] [net.minecraftforge.network.NetworkRegistry/NETREGISTRY]: Accepting channel list from client
[20Sep2025 22:22:21.360] [Netty Epoll Server IO #4/DEBUG] [net.minecraftforge.network.HandshakeHandler/FMLHANDSHAKE]: Accepted client connection mod list
[20Sep2025 22:22:21.389] [Netty Epoll Server IO #3/DEBUG] [net.minecraftforge.network.LoginWrapper/FMLHANDSHAKE]: Recieved login wrapper packet event for channel fml:handshake with index 18
[20Sep2025 22:22:21.389] [Netty Epoll Server IO #3/DEBUG] [net.minecraftforge.network.HandshakeHandler/FMLHANDSHAKE]: Received client indexed reply 18 of type net.minecraftforge.network.HandshakeMessages$C2SAcknowledge
[20Sep2025 22:22:21.389] [Netty Epoll Server IO #3/DEBUG] [net.minecraftforge.network.HandshakeHandler/FMLHANDSHAKE]: Received acknowledgement from client
[20Sep2025 22:22:21.389] [Netty Epoll Server IO #3/DEBUG] [net.minecraftforge.network.LoginWrapper/FMLHANDSHAKE]: Recieved login wrapper packet event for channel fml:handshake with index 19
[20Sep2025 22:22:21.389] [Netty Epoll Server IO #3/DEBUG] [net.minecraftforge.network.HandshakeHandler/FMLHANDSHAKE]: Received client indexed reply 19 of type net.minecraftforge.network.HandshakeMessages$C2SAcknowledge
[20Sep2025 22:22:21.389] [Netty Epoll Server IO #3/DEBUG] [net.minecraftforge.network.HandshakeHandler/FMLHANDSHAKE]: Received acknowledgement from client
[20Sep2025 22:22:21.395] [Server thread/DEBUG] [net.minecraftforge.network.HandshakeHandler/FMLHANDSHAKE]: Sending ticking packet info 'Registry minecraft:potion' to 'fml:handshake' sequence 8
[20Sep2025 22:22:21.446] [Server thread/DEBUG] [net.minecraftforge.network.HandshakeHandler/FMLHANDSHAKE]: Sending ticking packet info 'Registry minecraft:painting_variant' to 'fml:handshake' sequence 9
[20Sep2025 22:22:21.497] [Server thread/DEBUG] [net.minecraftforge.network.HandshakeHandler/FMLHANDSHAKE]: Sending ticking packet info 'Registry forge:fluid_type' to 'fml:handshake' sequence 10
[20Sep2025 22:22:21.546] [Server thread/DEBUG] [net.minecraftforge.network.HandshakeHandler/FMLHANDSHAKE]: Sending ticking packet info 'Registry minecraft:block_entity_type' to 'fml:handshake' sequence 11
[20Sep2025 22:22:21.597] [Server thread/DEBUG] [net.minecraftforge.network.HandshakeHandler/FMLHANDSHAKE]: Sending ticking packet info 'Registry forge:display_contexts' to 'fml:handshake' sequence 12
[20Sep2025 22:22:21.604] [Netty Epoll Server IO #3/DEBUG] [net.minecraftforge.network.LoginWrapper/FMLHANDSHAKE]: Recieved login wrapper packet event for channel fml:handshake with index 20
[20Sep2025 22:22:21.604] [Netty Epoll Server IO #3/DEBUG] [net.minecraftforge.network.HandshakeHandler/FMLHANDSHAKE]: Received client indexed reply 20 of type net.minecraftforge.network.HandshakeMessages$C2SAcknowledge
[20Sep2025 22:22:21.604] [Netty Epoll Server IO #3/DEBUG] [net.minecraftforge.network.HandshakeHandler/FMLHANDSHAKE]: Received acknowledgement from client
[20Sep2025 22:22:21.647] [Server thread/DEBUG] [net.minecraftforge.network.HandshakeHandler/FMLHANDSHAKE]: Sending ticking packet info 'Registry minecraft:block' to 'fml:handshake' sequence 13
[20Sep2025 22:22:21.670] [Netty Epoll Server IO #3/DEBUG] [net.minecraftforge.network.LoginWrapper/FMLHANDSHAKE]: Recieved login wrapper packet event for channel fml:handshake with index 21
[20Sep2025 22:22:21.671] [Netty Epoll Server IO #3/DEBUG] [net.minecraftforge.network.HandshakeHandler/FMLHANDSHAKE]: Received client indexed reply 21 of type net.minecraftforge.network.HandshakeMessages$C2SAcknowledge
[20Sep2025 22:22:21.671] [Netty Epoll Server IO #3/DEBUG] [net.minecraftforge.network.HandshakeHandler/FMLHANDSHAKE]: Received acknowledgement from client
[20Sep2025 22:22:21.671] [Netty Epoll Server IO #3/DEBUG] [net.minecraftforge.network.LoginWrapper/FMLHANDSHAKE]: Recieved login wrapper packet event for channel framework:handshake with index 22
[20Sep2025 22:22:21.671] [Netty Epoll Server IO #3/DEBUG] [net.minecraftforge.network.HandshakeHandler/FMLHANDSHAKE]: Received client indexed reply 22 of type com.mrcrayfish.framework.api.network.message.HandshakeMessage$Acknowledge
[20Sep2025 22:22:21.671] [Netty Epoll Server IO #3/DEBUG] [Framework/FRAMEWORK_HANDSHAKE]: Received acknowledgement from client
[20Sep2025 22:22:21.695] [Server thread/DEBUG] [net.minecraftforge.network.HandshakeHandler/FMLHANDSHAKE]: Handshake complete!
[20Sep2025 22:22:21.696] [Server thread/DEBUG] [net.minecraftforge.network.HandshakeHandler/FMLHANDSHAKE]: Sending ticking packet info 'Registry forge:entity_data_serializers' to 'fml:handshake' sequence 14
[20Sep2025 22:22:21.733] [Netty Epoll Server IO #4/DEBUG] [net.minecraftforge.network.LoginWrapper/FMLHANDSHAKE]: Recieved login wrapper packet event for channel fml:handshake with index 2
[20Sep2025 22:22:21.733] [Netty Epoll Server IO #4/DEBUG] [net.minecraftforge.network.HandshakeHandler/FMLHANDSHAKE]: Received client indexed reply 2 of type net.minecraftforge.network.HandshakeMessages$C2SAcknowledge
[20Sep2025 22:22:21.733] [Netty Epoll Server IO #4/DEBUG] [net.minecraftforge.network.HandshakeHandler/FMLHANDSHAKE]: Received acknowledgement from client
[20Sep2025 22:22:21.755] [Server thread/INFO] [net.minecraft.server.players.PlayerList/]: DarkReno[/100.67.52.59:55770] logged in with entity id 853 at (-992.1995215382402, 106.0, 762.1161812388252)
[20Sep2025 22:22:21.755] [Server thread/DEBUG] [net.minecraftforge.network.filters.NetworkFilters/]: Injected net.minecraftforge.network.filters.ForgeConnectionNetworkFilter@4b552c2 into net.minecraft.network.Connection@4e9e9646
[20Sep2025 22:22:21.774] [Server thread/INFO] [net.minecraft.server.MinecraftServer/]: DarkReno joined the game
[20Sep2025 22:22:21.811] [Server thread/DEBUG] [net.minecraftforge.network.HandshakeHandler/FMLHANDSHAKE]: Sending ticking packet info 'Registry minecraft:mob_effect' to 'fml:handshake' sequence 15
[20Sep2025 22:22:21.828] [Server thread/DEBUG] [net.minecraftforge.network.HandshakeHandler/FMLHANDSHAKE]: Sending ticking packet info 'Registry minecraft:stat_type' to 'fml:handshake' sequence 16
[20Sep2025 22:22:21.849] [Server thread/DEBUG] [net.minecraftforge.network.HandshakeHandler/FMLHANDSHAKE]: Sending ticking packet info 'Registry minecraft:menu' to 'fml:handshake' sequence 17
[20Sep2025 22:22:21.904] [Server thread/DEBUG] [net.minecraftforge.network.HandshakeHandler/FMLHANDSHAKE]: Sending ticking packet info 'Registry minecraft:enchantment' to 'fml:handshake' sequence 18
[20Sep2025 22:22:21.948] [Server thread/DEBUG] [net.minecraftforge.network.HandshakeHandler/FMLHANDSHAKE]: Sending ticking packet info 'Registry minecraft:fluid' to 'fml:handshake' sequence 19
[20Sep2025 22:22:21.997] [Server thread/DEBUG] [net.minecraftforge.network.HandshakeHandler/FMLHANDSHAKE]: Sending ticking packet info 'Registry minecraft:entity_type' to 'fml:handshake' sequence 20
[20Sep2025 22:22:22.049] [Server thread/DEBUG] [net.minecraftforge.network.HandshakeHandler/FMLHANDSHAKE]: Sending ticking packet info 'Config forge-server.toml' to 'fml:handshake' sequence 21
[20Sep2025 22:22:22.097] [Server thread/DEBUG] [net.minecraftforge.network.HandshakeHandler/FMLHANDSHAKE]: Sending ticking packet info 'FrameworkConfig refurbished_furniture:server' to 'framework:handshake' sequence 22
[20Sep2025 22:22:22.448] [Netty Epoll Server IO #4/DEBUG] [net.minecraftforge.network.LoginWrapper/FMLHANDSHAKE]: Recieved login wrapper packet event for channel fml:handshake with index 3
[20Sep2025 22:22:22.448] [Netty Epoll Server IO #4/DEBUG] [net.minecraftforge.network.HandshakeHandler/FMLHANDSHAKE]: Received client indexed reply 3 of type net.minecraftforge.network.HandshakeMessages$C2SAcknowledge
[20Sep2025 22:22:22.448] [Netty Epoll Server IO #4/DEBUG] [net.minecraftforge.network.HandshakeHandler/FMLHANDSHAKE]: Received acknowledgement from client
[20Sep2025 22:22:23.731] [Netty Epoll Server IO #4/DEBUG] [net.minecraftforge.network.LoginWrapper/FMLHANDSHAKE]: Recieved login wrapper packet event for channel fml:handshake with index 4
[20Sep2025 22:22:23.731] [Netty Epoll Server IO #4/DEBUG] [net.minecraftforge.network.HandshakeHandler/FMLHANDSHAKE]: Received client indexed reply 4 of type net.minecraftforge.network.HandshakeMessages$C2SAcknowledge
[20Sep2025 22:22:23.731] [Netty Epoll Server IO #4/DEBUG] [net.minecraftforge.network.HandshakeHandler/FMLHANDSHAKE]: Received acknowledgement from client
[20Sep2025 22:22:23.775] [Netty Epoll Server IO #4/DEBUG] [net.minecraftforge.network.LoginWrapper/FMLHANDSHAKE]: Recieved login wrapper packet event for channel fml:handshake with index 5
[20Sep2025 22:22:23.775] [Netty Epoll Server IO #4/DEBUG] [net.minecraftforge.network.HandshakeHandler/FMLHANDSHAKE]: Received client indexed reply 5 of type net.minecraftforge.network.HandshakeMessages$C2SAcknowledge
[20Sep2025 22:22:23.775] [Netty Epoll Server IO #4/DEBUG] [net.minecraftforge.network.HandshakeHandler/FMLHANDSHAKE]: Received acknowledgement from client
[20Sep2025 22:22:23.775] [Netty Epoll Server IO #4/DEBUG] [net.minecraftforge.network.LoginWrapper/FMLHANDSHAKE]: Recieved login wrapper packet event for channel fml:handshake with index 6
[20Sep2025 22:22:23.775] [Netty Epoll Server IO #4/DEBUG] [net.minecraftforge.network.HandshakeHandler/FMLHANDSHAKE]: Received client indexed reply 6 of type net.minecraftforge.network.HandshakeMessages$C2SAcknowledge
[20Sep2025 22:22:23.775] [Netty Epoll Server IO #4/DEBUG] [net.minecraftforge.network.HandshakeHandler/FMLHANDSHAKE]: Received acknowledgement from client
[20Sep2025 22:22:25.320] [Netty Epoll Server IO #4/DEBUG] [net.minecraftforge.network.LoginWrapper/FMLHANDSHAKE]: Recieved login wrapper packet event for channel fml:handshake with index 7
[20Sep2025 22:22:25.321] [Netty Epoll Server IO #4/DEBUG] [net.minecraftforge.network.HandshakeHandler/FMLHANDSHAKE]: Received client indexed reply 7 of type net.minecraftforge.network.HandshakeMessages$C2SAcknowledge
[20Sep2025 22:22:25.321] [Netty Epoll Server IO #4/DEBUG] [net.minecraftforge.network.HandshakeHandler/FMLHANDSHAKE]: Received acknowledgement from client
[20Sep2025 22:22:25.395] [Netty Epoll Server IO #4/DEBUG] [net.minecraftforge.network.LoginWrapper/FMLHANDSHAKE]: Recieved login wrapper packet event for channel fml:handshake with index 8
[20Sep2025 22:22:25.395] [Netty Epoll Server IO #4/DEBUG] [net.minecraftforge.network.HandshakeHandler/FMLHANDSHAKE]: Received client indexed reply 8 of type net.minecraftforge.network.HandshakeMessages$C2SAcknowledge
[20Sep2025 22:22:25.395] [Netty Epoll Server IO #4/DEBUG] [net.minecraftforge.network.HandshakeHandler/FMLHANDSHAKE]: Received acknowledgement from client
[20Sep2025 22:22:25.396] [Netty Epoll Server IO #4/DEBUG] [net.minecraftforge.network.LoginWrapper/FMLHANDSHAKE]: Recieved login wrapper packet event for channel fml:handshake with index 9
[20Sep2025 22:22:25.396] [Netty Epoll Server IO #4/DEBUG] [net.minecraftforge.network.HandshakeHandler/FMLHANDSHAKE]: Received client indexed reply 9 of type net.minecraftforge.network.HandshakeMessages$C2SAcknowledge
[20Sep2025 22:22:25.396] [Netty Epoll Server IO #4/DEBUG] [net.minecraftforge.network.HandshakeHandler/FMLHANDSHAKE]: Received acknowledgement from client
[20Sep2025 22:22:25.396] [Netty Epoll Server IO #4/DEBUG] [net.minecraftforge.network.LoginWrapper/FMLHANDSHAKE]: Recieved login wrapper packet event for channel fml:handshake with index 10
[20Sep2025 22:22:25.396] [Netty Epoll Server IO #4/DEBUG] [net.minecraftforge.network.HandshakeHandler/FMLHANDSHAKE]: Received client indexed reply 10 of type net.minecraftforge.network.HandshakeMessages$C2SAcknowledge
[20Sep2025 22:22:25.396] [Netty Epoll Server IO #4/DEBUG] [net.minecraftforge.network.HandshakeHandler/FMLHANDSHAKE]: Received acknowledgement from client
[20Sep2025 22:22:25.397] [Netty Epoll Server IO #4/DEBUG] [net.minecraftforge.network.LoginWrapper/FMLHANDSHAKE]: Recieved login wrapper packet event for channel fml:handshake with index 11
[20Sep2025 22:22:25.397] [Netty Epoll Server IO #4/DEBUG] [net.minecraftforge.network.HandshakeHandler/FMLHANDSHAKE]: Received client indexed reply 11 of type net.minecraftforge.network.HandshakeMessages$C2SAcknowledge
[20Sep2025 22:22:25.397] [Netty Epoll Server IO #4/DEBUG] [net.minecraftforge.network.HandshakeHandler/FMLHANDSHAKE]: Received acknowledgement from client
[20Sep2025 22:22:25.397] [Netty Epoll Server IO #4/DEBUG] [net.minecraftforge.network.LoginWrapper/FMLHANDSHAKE]: Recieved login wrapper packet event for channel fml:handshake with index 12
[20Sep2025 22:22:25.397] [Netty Epoll Server IO #4/DEBUG] [net.minecraftforge.network.HandshakeHandler/FMLHANDSHAKE]: Received client indexed reply 12 of type net.minecraftforge.network.HandshakeMessages$C2SAcknowledge
[20Sep2025 22:22:25.397] [Netty Epoll Server IO #4/DEBUG] [net.minecraftforge.network.HandshakeHandler/FMLHANDSHAKE]: Received acknowledgement from client
[20Sep2025 22:22:26.506] [Netty Epoll Server IO #4/DEBUG] [net.minecraftforge.network.LoginWrapper/FMLHANDSHAKE]: Recieved login wrapper packet event for channel fml:handshake with index 13
[20Sep2025 22:22:26.507] [Netty Epoll Server IO #4/DEBUG] [net.minecraftforge.network.HandshakeHandler/FMLHANDSHAKE]: Received client indexed reply 13 of type net.minecraftforge.network.HandshakeMessages$C2SAcknowledge
[20Sep2025 22:22:26.507] [Netty Epoll Server IO #4/DEBUG] [net.minecraftforge.network.HandshakeHandler/FMLHANDSHAKE]: Received acknowledgement from client
[20Sep2025 22:22:26.507] [Netty Epoll Server IO #4/DEBUG] [net.minecraftforge.network.LoginWrapper/FMLHANDSHAKE]: Recieved login wrapper packet event for channel fml:handshake with index 14
[20Sep2025 22:22:26.507] [Netty Epoll Server IO #4/DEBUG] [net.minecraftforge.network.HandshakeHandler/FMLHANDSHAKE]: Received client indexed reply 14 of type net.minecraftforge.network.HandshakeMessages$C2SAcknowledge
[20Sep2025 22:22:26.507] [Netty Epoll Server IO #4/DEBUG] [net.minecraftforge.network.HandshakeHandler/FMLHANDSHAKE]: Received acknowledgement from client
[20Sep2025 22:22:26.507] [Netty Epoll Server IO #4/DEBUG] [net.minecraftforge.network.LoginWrapper/FMLHANDSHAKE]: Recieved login wrapper packet event for channel fml:handshake with index 15
[20Sep2025 22:22:26.507] [Netty Epoll Server IO #4/DEBUG] [net.minecraftforge.network.HandshakeHandler/FMLHANDSHAKE]: Received client indexed reply 15 of type net.minecraftforge.network.HandshakeMessages$C2SAcknowledge
[20Sep2025 22:22:26.507] [Netty Epoll Server IO #4/DEBUG] [net.minecraftforge.network.HandshakeHandler/FMLHANDSHAKE]: Received acknowledgement from client
[20Sep2025 22:22:26.507] [Netty Epoll Server IO #4/DEBUG] [net.minecraftforge.network.LoginWrapper/FMLHANDSHAKE]: Recieved login wrapper packet event for channel fml:handshake with index 16
[20Sep2025 22:22:26.508] [Netty Epoll Server IO #4/DEBUG] [net.minecraftforge.network.HandshakeHandler/FMLHANDSHAKE]: Received client indexed reply 16 of type net.minecraftforge.network.HandshakeMessages$C2SAcknowledge
[20Sep2025 22:22:26.508] [Netty Epoll Server IO #4/DEBUG] [net.minecraftforge.network.HandshakeHandler/FMLHANDSHAKE]: Received acknowledgement from client
[20Sep2025 22:22:26.564] [Netty Epoll Server IO #4/DEBUG] [net.minecraftforge.network.LoginWrapper/FMLHANDSHAKE]: Recieved login wrapper packet event for channel fml:handshake with index 17
[20Sep2025 22:22:26.564] [Netty Epoll Server IO #4/DEBUG] [net.minecraftforge.network.HandshakeHandler/FMLHANDSHAKE]: Received client indexed reply 17 of type net.minecraftforge.network.HandshakeMessages$C2SAcknowledge
[20Sep2025 22:22:26.564] [Netty Epoll Server IO #4/DEBUG] [net.minecraftforge.network.HandshakeHandler/FMLHANDSHAKE]: Received acknowledgement from client
[20Sep2025 22:22:26.565] [Netty Epoll Server IO #4/DEBUG] [net.minecraftforge.network.LoginWrapper/FMLHANDSHAKE]: Recieved login wrapper packet event for channel fml:handshake with index 18
[20Sep2025 22:22:26.565] [Netty Epoll Server IO #4/DEBUG] [net.minecraftforge.network.HandshakeHandler/FMLHANDSHAKE]: Received client indexed reply 18 of type net.minecraftforge.network.HandshakeMessages$C2SAcknowledge
[20Sep2025 22:22:26.565] [Netty Epoll Server IO #4/DEBUG] [net.minecraftforge.network.HandshakeHandler/FMLHANDSHAKE]: Received acknowledgement from client
[20Sep2025 22:22:26.565] [Netty Epoll Server IO #4/DEBUG] [net.minecraftforge.network.LoginWrapper/FMLHANDSHAKE]: Recieved login wrapper packet event for channel fml:handshake with index 19
[20Sep2025 22:22:26.565] [Netty Epoll Server IO #4/DEBUG] [net.minecraftforge.network.HandshakeHandler/FMLHANDSHAKE]: Received client indexed reply 19 of type net.minecraftforge.network.HandshakeMessages$C2SAcknowledge
[20Sep2025 22:22:26.566] [Netty Epoll Server IO #4/DEBUG] [net.minecraftforge.network.HandshakeHandler/FMLHANDSHAKE]: Received acknowledgement from client
[20Sep2025 22:22:30.513] [Netty Epoll Server IO #4/DEBUG] [net.minecraftforge.network.LoginWrapper/FMLHANDSHAKE]: Recieved login wrapper packet event for channel fml:handshake with index 20
[20Sep2025 22:22:30.513] [Netty Epoll Server IO #4/DEBUG] [net.minecraftforge.network.HandshakeHandler/FMLHANDSHAKE]: Received client indexed reply 20 of type net.minecraftforge.network.HandshakeMessages$C2SAcknowledge
[20Sep2025 22:22:30.513] [Netty Epoll Server IO #4/DEBUG] [net.minecraftforge.network.HandshakeHandler/FMLHANDSHAKE]: Received acknowledgement from client
[20Sep2025 22:22:30.539] [Netty Epoll Server IO #4/DEBUG] [net.minecraftforge.network.LoginWrapper/FMLHANDSHAKE]: Recieved login wrapper packet event for channel fml:handshake with index 21
[20Sep2025 22:22:30.539] [Netty Epoll Server IO #4/DEBUG] [net.minecraftforge.network.HandshakeHandler/FMLHANDSHAKE]: Received client indexed reply 21 of type net.minecraftforge.network.HandshakeMessages$C2SAcknowledge
[20Sep2025 22:22:30.539] [Netty Epoll Server IO #4/DEBUG] [net.minecraftforge.network.HandshakeHandler/FMLHANDSHAKE]: Received acknowledgement from client
[20Sep2025 22:22:30.562] [Netty Epoll Server IO #4/DEBUG] [net.minecraftforge.network.LoginWrapper/FMLHANDSHAKE]: Recieved login wrapper packet event for channel framework:handshake with index 22
[20Sep2025 22:22:30.562] [Netty Epoll Server IO #4/DEBUG] [net.minecraftforge.network.HandshakeHandler/FMLHANDSHAKE]: Received client indexed reply 22 of type com.mrcrayfish.framework.api.network.message.HandshakeMessage$Acknowledge
[20Sep2025 22:22:30.562] [Netty Epoll Server IO #4/DEBUG] [Framework/FRAMEWORK_HANDSHAKE]: Received acknowledgement from client
[20Sep2025 22:22:30.599] [Server thread/DEBUG] [net.minecraftforge.network.HandshakeHandler/FMLHANDSHAKE]: Handshake complete!
[20Sep2025 22:22:30.655] [Server thread/INFO] [net.minecraft.server.players.PlayerList/]: Lumpylauncer[/100.84.200.109:33510] logged in with entity id 881 at (-1000.6451547308315, 105.0, 753.7394118667811)
[20Sep2025 22:22:30.656] [Server thread/DEBUG] [net.minecraftforge.network.filters.NetworkFilters/]: Injected net.minecraftforge.network.filters.ForgeConnectionNetworkFilter@73641624 into net.minecraft.network.Connection@7f025070
[20Sep2025 22:22:30.675] [Server thread/INFO] [net.minecraft.server.MinecraftServer/]: Lumpylauncer joined the game
[20Sep2025 22:23:06.898] [Server thread/INFO] [net.minecraft.server.network.ServerGamePacketListenerImpl/]: DarkReno lost connection: Timed out
[20Sep2025 22:23:06.899] [Server thread/INFO] [net.minecraft.server.MinecraftServer/]: DarkReno left the game
[20Sep2025 22:23:16.598] [Server thread/INFO] [net.minecraft.server.network.ServerGamePacketListenerImpl/]: Lumpylauncer lost connection: Disconnected
[20Sep2025 22:23:16.599] [Server thread/INFO] [net.minecraft.server.MinecraftServer/]: Lumpylauncer left the game
[20Sep2025 22:23:26.243] [Netty Epoll Server IO #3/DEBUG] [net.minecraftforge.network.HandshakeHandler/FMLHANDSHAKE]: Starting new modded impl connection. Found 23 messages to dispatch.
[20Sep2025 22:23:26.247] [Server thread/DEBUG] [net.minecraftforge.network.HandshakeHandler/FMLHANDSHAKE]: Sending ticking packet info 'net.minecraftforge.network.HandshakeMessages$S2CModData' to 'fml:handshake' sequence 0
[20Sep2025 22:23:26.295] [Server thread/DEBUG] [net.minecraftforge.network.HandshakeHandler/FMLHANDSHAKE]: Sending ticking packet info 'net.minecraftforge.network.HandshakeMessages$S2CModList' to 'fml:handshake' sequence 1
[20Sep2025 22:23:26.348] [Server thread/DEBUG] [net.minecraftforge.network.HandshakeHandler/FMLHANDSHAKE]: Sending ticking packet info 'Registry minecraft:command_argument_type' to 'fml:handshake' sequence 2
[20Sep2025 22:23:26.397] [Server thread/DEBUG] [net.minecraftforge.network.HandshakeHandler/FMLHANDSHAKE]: Sending ticking packet info 'Registry minecraft:recipe_serializer' to 'fml:handshake' sequence 3
[20Sep2025 22:23:26.447] [Server thread/DEBUG] [net.minecraftforge.network.HandshakeHandler/FMLHANDSHAKE]: Sending ticking packet info 'Registry minecraft:sound_event' to 'fml:handshake' sequence 4
[20Sep2025 22:23:26.488] [Netty Epoll Server IO #3/DEBUG] [net.minecraftforge.network.LoginWrapper/FMLHANDSHAKE]: Recieved login wrapper packet event for channel fml:handshake with index 1
[20Sep2025 22:23:26.488] [Netty Epoll Server IO #3/DEBUG] [net.minecraftforge.network.HandshakeHandler/FMLHANDSHAKE]: Received client indexed reply 1 of type net.minecraftforge.network.HandshakeMessages$C2SModListReply
[20Sep2025 22:23:26.488] [Netty Epoll Server IO #3/DEBUG] [net.minecraftforge.network.HandshakeHandler/FMLHANDSHAKE]: Received client connection with modlist [minecraft, easy_npc, framework, forge, moreplayermodels, customskinloader, refurbished_furniture]
[20Sep2025 22:23:26.488] [Netty Epoll Server IO #3/DEBUG] [net.minecraftforge.network.NetworkRegistry/NETREGISTRY]: Channel 'worldedit:cui' : Version test of 'ABSENT 🤔' from client : ACCEPTED
[20Sep2025 22:23:26.488] [Netty Epoll Server IO #3/DEBUG] [net.minecraftforge.network.NetworkRegistry/NETREGISTRY]: Channel 'fml:loginwrapper' : Version test of 'FML3' from client : ACCEPTED
[20Sep2025 22:23:26.488] [Netty Epoll Server IO #3/DEBUG] [net.minecraftforge.network.NetworkRegistry/NETREGISTRY]: Channel 'forge:tier_sorting' : Version test of '1.0' from client : ACCEPTED
[20Sep2025 22:23:26.488] [Netty Epoll Server IO #3/DEBUG] [net.minecraftforge.network.NetworkRegistry/NETREGISTRY]: Channel 'easy_npc:network' : Version test of '23' from client : ACCEPTED
[20Sep2025 22:23:26.488] [Netty Epoll Server IO #3/DEBUG] [net.minecraftforge.network.NetworkRegistry/NETREGISTRY]: Channel 'minecraft:unregister' : Version test of 'FML3' from client : ACCEPTED
[20Sep2025 22:23:26.489] [Netty Epoll Server IO #3/DEBUG] [net.minecraftforge.network.NetworkRegistry/NETREGISTRY]: Channel 'fml:play' : Version test of 'FML3' from client : ACCEPTED
[20Sep2025 22:23:26.489] [Netty Epoll Server IO #3/DEBUG] [net.minecraftforge.network.NetworkRegistry/NETREGISTRY]: Channel 'framework:play' : Version test of '1' from client : ACCEPTED
[20Sep2025 22:23:26.489] [Netty Epoll Server IO #3/DEBUG] [net.minecraftforge.network.NetworkRegistry/NETREGISTRY]: Channel 'moreplayermodels:packets' : Version test of 'mpm' from client : ACCEPTED
[20Sep2025 22:23:26.489] [Netty Epoll Server IO #3/DEBUG] [net.minecraftforge.network.NetworkRegistry/NETREGISTRY]: Channel 'fml:handshake' : Version test of 'FML3' from client : ACCEPTED
[20Sep2025 22:23:26.489] [Netty Epoll Server IO #3/DEBUG] [net.minecraftforge.network.NetworkRegistry/NETREGISTRY]: Channel 'worldedit:internal' : Version test of 'ABSENT 🤔' from client : ACCEPTED
[20Sep2025 22:23:26.489] [Netty Epoll Server IO #3/DEBUG] [net.minecraftforge.network.NetworkRegistry/NETREGISTRY]: Channel 'minecraft:register' : Version test of 'FML3' from client : ACCEPTED
[20Sep2025 22:23:26.489] [Netty Epoll Server IO #3/DEBUG] [net.minecraftforge.network.NetworkRegistry/NETREGISTRY]: Channel 'forge:split' : Version test of '1.1' from client : ACCEPTED
[20Sep2025 22:23:26.489] [Netty Epoll Server IO #3/DEBUG] [net.minecraftforge.network.NetworkRegistry/NETREGISTRY]: Channel 'framework:handshake' : Version test of '1' from client : ACCEPTED
[20Sep2025 22:23:26.489] [Netty Epoll Server IO #3/DEBUG] [net.minecraftforge.network.NetworkRegistry/NETREGISTRY]: Channel 'refurbished_furniture:play' : Version test of '1' from client : ACCEPTED
[20Sep2025 22:23:26.489] [Netty Epoll Server IO #3/DEBUG] [net.minecraftforge.network.NetworkRegistry/NETREGISTRY]: Accepting channel list from client
[20Sep2025 22:23:26.489] [Netty Epoll Server IO #3/DEBUG] [net.minecraftforge.network.HandshakeHandler/FMLHANDSHAKE]: Accepted client connection mod list
[20Sep2025 22:23:26.500] [Server thread/DEBUG] [net.minecraftforge.network.HandshakeHandler/FMLHANDSHAKE]: Sending ticking packet info 'Registry minecraft:particle_type' to 'fml:handshake' sequence 5
[20Sep2025 22:23:26.538] [Netty Epoll Server IO #3/DEBUG] [net.minecraftforge.network.LoginWrapper/FMLHANDSHAKE]: Recieved login wrapper packet event for channel fml:handshake with index 2
[20Sep2025 22:23:26.538] [Netty Epoll Server IO #3/DEBUG] [net.minecraftforge.network.HandshakeHandler/FMLHANDSHAKE]: Received client indexed reply 2 of type net.minecraftforge.network.HandshakeMessages$C2SAcknowledge
[20Sep2025 22:23:26.538] [Netty Epoll Server IO #3/DEBUG] [net.minecraftforge.network.HandshakeHandler/FMLHANDSHAKE]: Received acknowledgement from client
[20Sep2025 22:23:26.541] [Netty Epoll Server IO #3/DEBUG] [net.minecraftforge.network.LoginWrapper/FMLHANDSHAKE]: Recieved login wrapper packet event for channel fml:handshake with index 3
[20Sep2025 22:23:26.541] [Netty Epoll Server IO #3/DEBUG] [net.minecraftforge.network.HandshakeHandler/FMLHANDSHAKE]: Received client indexed reply 3 of type net.minecraftforge.network.HandshakeMessages$C2SAcknowledge
[20Sep2025 22:23:26.542] [Netty Epoll Server IO #3/DEBUG] [net.minecraftforge.network.HandshakeHandler/FMLHANDSHAKE]: Received acknowledgement from client
[20Sep2025 22:23:26.548] [Server thread/DEBUG] [net.minecraftforge.network.HandshakeHandler/FMLHANDSHAKE]: Sending ticking packet info 'Registry minecraft:villager_profession' to 'fml:handshake' sequence 6
[20Sep2025 22:23:26.596] [Server thread/DEBUG] [net.minecraftforge.network.HandshakeHandler/FMLHANDSHAKE]: Sending ticking packet info 'Registry minecraft:item' to 'fml:handshake' sequence 7
[20Sep2025 22:23:26.648] [Server thread/DEBUG] [net.minecraftforge.network.HandshakeHandler/FMLHANDSHAKE]: Sending ticking packet info 'Registry minecraft:potion' to 'fml:handshake' sequence 8
[20Sep2025 22:23:26.697] [Server thread/DEBUG] [net.minecraftforge.network.HandshakeHandler/FMLHANDSHAKE]: Sending ticking packet info 'Registry minecraft:painting_variant' to 'fml:handshake' sequence 9
[20Sep2025 22:23:26.746] [Server thread/DEBUG] [net.minecraftforge.network.HandshakeHandler/FMLHANDSHAKE]: Sending ticking packet info 'Registry forge:fluid_type' to 'fml:handshake' sequence 10
[20Sep2025 22:23:26.797] [Server thread/DEBUG] [net.minecraftforge.network.HandshakeHandler/FMLHANDSHAKE]: Sending ticking packet info 'Registry minecraft:block_entity_type' to 'fml:handshake' sequence 11
[20Sep2025 22:23:26.845] [Server thread/DEBUG] [net.minecraftforge.network.HandshakeHandler/FMLHANDSHAKE]: Sending ticking packet info 'Registry forge:display_contexts' to 'fml:handshake' sequence 12
[20Sep2025 22:23:26.853] [Netty Epoll Server IO #3/DEBUG] [net.minecraftforge.network.LoginWrapper/FMLHANDSHAKE]: Recieved login wrapper packet event for channel fml:handshake with index 4
[20Sep2025 22:23:26.853] [Netty Epoll Server IO #3/DEBUG] [net.minecraftforge.network.HandshakeHandler/FMLHANDSHAKE]: Received client indexed reply 4 of type net.minecraftforge.network.HandshakeMessages$C2SAcknowledge
[20Sep2025 22:23:26.853] [Netty Epoll Server IO #3/DEBUG] [net.minecraftforge.network.HandshakeHandler/FMLHANDSHAKE]: Received acknowledgement from client
[20Sep2025 22:23:26.856] [Netty Epoll Server IO #3/DEBUG] [net.minecraftforge.network.LoginWrapper/FMLHANDSHAKE]: Recieved login wrapper packet event for channel fml:handshake with index 5
[20Sep2025 22:23:26.857] [Netty Epoll Server IO #3/DEBUG] [net.minecraftforge.network.HandshakeHandler/FMLHANDSHAKE]: Received client indexed reply 5 of type net.minecraftforge.network.HandshakeMessages$C2SAcknowledge
[20Sep2025 22:23:26.857] [Netty Epoll Server IO #3/DEBUG] [net.minecraftforge.network.HandshakeHandler/FMLHANDSHAKE]: Received acknowledgement from client
[20Sep2025 22:23:26.858] [Netty Epoll Server IO #3/DEBUG] [net.minecraftforge.network.LoginWrapper/FMLHANDSHAKE]: Recieved login wrapper packet event for channel fml:handshake with index 6
[20Sep2025 22:23:26.858] [Netty Epoll Server IO #3/DEBUG] [net.minecraftforge.network.HandshakeHandler/FMLHANDSHAKE]: Received client indexed reply 6 of type net.minecraftforge.network.HandshakeMessages$C2SAcknowledge
[20Sep2025 22:23:26.858] [Netty Epoll Server IO #3/DEBUG] [net.minecraftforge.network.HandshakeHandler/FMLHANDSHAKE]: Received acknowledgement from client
[20Sep2025 22:23:26.882] [Netty Epoll Server IO #3/DEBUG] [net.minecraftforge.network.LoginWrapper/FMLHANDSHAKE]: Recieved login wrapper packet event for channel fml:handshake with index 7
[20Sep2025 22:23:26.882] [Netty Epoll Server IO #3/DEBUG] [net.minecraftforge.network.HandshakeHandler/FMLHANDSHAKE]: Received client indexed reply 7 of type net.minecraftforge.network.HandshakeMessages$C2SAcknowledge
[20Sep2025 22:23:26.882] [Netty Epoll Server IO #3/DEBUG] [net.minecraftforge.network.HandshakeHandler/FMLHANDSHAKE]: Received acknowledgement from client
[20Sep2025 22:23:26.882] [Netty Epoll Server IO #3/DEBUG] [net.minecraftforge.network.LoginWrapper/FMLHANDSHAKE]: Recieved login wrapper packet event for channel fml:handshake with index 8
[20Sep2025 22:23:26.882] [Netty Epoll Server IO #3/DEBUG] [net.minecraftforge.network.HandshakeHandler/FMLHANDSHAKE]: Received client indexed reply 8 of type net.minecraftforge.network.HandshakeMessages$C2SAcknowledge
[20Sep2025 22:23:26.882] [Netty Epoll Server IO #3/DEBUG] [net.minecraftforge.network.HandshakeHandler/FMLHANDSHAKE]: Received acknowledgement from client
[20Sep2025 22:23:26.884] [Netty Epoll Server IO #3/DEBUG] [net.minecraftforge.network.LoginWrapper/FMLHANDSHAKE]: Recieved login wrapper packet event for channel fml:handshake with index 9
[20Sep2025 22:23:26.884] [Netty Epoll Server IO #3/DEBUG] [net.minecraftforge.network.HandshakeHandler/FMLHANDSHAKE]: Received client indexed reply 9 of type net.minecraftforge.network.HandshakeMessages$C2SAcknowledge
[20Sep2025 22:23:26.884] [Netty Epoll Server IO #3/DEBUG] [net.minecraftforge.network.HandshakeHandler/FMLHANDSHAKE]: Received acknowledgement from client
[20Sep2025 22:23:26.885] [Netty Epoll Server IO #3/DEBUG] [net.minecraftforge.network.LoginWrapper/FMLHANDSHAKE]: Recieved login wrapper packet event for channel fml:handshake with index 10
[20Sep2025 22:23:26.886] [Netty Epoll Server IO #3/DEBUG] [net.minecraftforge.network.HandshakeHandler/FMLHANDSHAKE]: Received client indexed reply 10 of type net.minecraftforge.network.HandshakeMessages$C2SAcknowledge
[20Sep2025 22:23:26.886] [Netty Epoll Server IO #3/DEBUG] [net.minecraftforge.network.HandshakeHandler/FMLHANDSHAKE]: Received acknowledgement from client
[20Sep2025 22:23:26.897] [Server thread/DEBUG] [net.minecraftforge.network.HandshakeHandler/FMLHANDSHAKE]: Sending ticking packet info 'Registry minecraft:block' to 'fml:handshake' sequence 13
[20Sep2025 22:23:26.900] [Netty Epoll Server IO #3/DEBUG] [net.minecraftforge.network.LoginWrapper/FMLHANDSHAKE]: Recieved login wrapper packet event for channel fml:handshake with index 11
[20Sep2025 22:23:26.900] [Netty Epoll Server IO #3/DEBUG] [net.minecraftforge.network.HandshakeHandler/FMLHANDSHAKE]: Received client indexed reply 11 of type net.minecraftforge.network.HandshakeMessages$C2SAcknowledge
[20Sep2025 22:23:26.900] [Netty Epoll Server IO #3/DEBUG] [net.minecraftforge.network.HandshakeHandler/FMLHANDSHAKE]: Received acknowledgement from client
[20Sep2025 22:23:26.947] [Server thread/DEBUG] [net.minecraftforge.network.HandshakeHandler/FMLHANDSHAKE]: Sending ticking packet info 'Registry forge:entity_data_serializers' to 'fml:handshake' sequence 14
[20Sep2025 22:23:26.949] [Netty Epoll Server IO #3/DEBUG] [net.minecraftforge.network.LoginWrapper/FMLHANDSHAKE]: Recieved login wrapper packet event for channel fml:handshake with index 12
[20Sep2025 22:23:26.949] [Netty Epoll Server IO #3/DEBUG] [net.minecraftforge.network.HandshakeHandler/FMLHANDSHAKE]: Received client indexed reply 12 of type net.minecraftforge.network.HandshakeMessages$C2SAcknowledge
[20Sep2025 22:23:26.949] [Netty Epoll Server IO #3/DEBUG] [net.minecraftforge.network.HandshakeHandler/FMLHANDSHAKE]: Received acknowledgement from client
[20Sep2025 22:23:26.996] [Server thread/DEBUG] [net.minecraftforge.network.HandshakeHandler/FMLHANDSHAKE]: Sending ticking packet info 'Registry minecraft:mob_effect' to 'fml:handshake' sequence 15
[20Sep2025 22:23:27.011] [Netty Epoll Server IO #3/DEBUG] [net.minecraftforge.network.LoginWrapper/FMLHANDSHAKE]: Recieved login wrapper packet event for channel fml:handshake with index 13
[20Sep2025 22:23:27.012] [Netty Epoll Server IO #3/DEBUG] [net.minecraftforge.network.HandshakeHandler/FMLHANDSHAKE]: Received client indexed reply 13 of type net.minecraftforge.network.HandshakeMessages$C2SAcknowledge
[20Sep2025 22:23:27.012] [Netty Epoll Server IO #3/DEBUG] [net.minecraftforge.network.HandshakeHandler/FMLHANDSHAKE]: Received acknowledgement from client
[20Sep2025 22:23:27.047] [Server thread/DEBUG] [net.minecraftforge.network.HandshakeHandler/FMLHANDSHAKE]: Sending ticking packet info 'Registry minecraft:stat_type' to 'fml:handshake' sequence 16
[20Sep2025 22:23:27.049] [Netty Epoll Server IO #3/DEBUG] [net.minecraftforge.network.LoginWrapper/FMLHANDSHAKE]: Recieved login wrapper packet event for channel fml:handshake with index 14
[20Sep2025 22:23:27.049] [Netty Epoll Server IO #3/DEBUG] [net.minecraftforge.network.HandshakeHandler/FMLHANDSHAKE]: Received client indexed reply 14 of type net.minecraftforge.network.HandshakeMessages$C2SAcknowledge
[20Sep2025 22:23:27.049] [Netty Epoll Server IO #3/DEBUG] [net.minecraftforge.network.HandshakeHandler/FMLHANDSHAKE]: Received acknowledgement from client
[20Sep2025 22:23:27.097] [Server thread/DEBUG] [net.minecraftforge.network.HandshakeHandler/FMLHANDSHAKE]: Sending ticking packet info 'Registry minecraft:menu' to 'fml:handshake' sequence 17
[20Sep2025 22:23:27.147] [Server thread/DEBUG] [net.minecraftforge.network.HandshakeHandler/FMLHANDSHAKE]: Sending ticking packet info 'Registry minecraft:enchantment' to 'fml:handshake' sequence 18
[20Sep2025 22:23:27.196] [Server thread/DEBUG] [net.minecraftforge.network.HandshakeHandler/FMLHANDSHAKE]: Sending ticking packet info 'Registry minecraft:fluid' to 'fml:handshake' sequence 19
[20Sep2025 22:23:27.238] [Netty Epoll Server IO #3/DEBUG] [net.minecraftforge.network.LoginWrapper/FMLHANDSHAKE]: Recieved login wrapper packet event for channel fml:handshake with index 15
[20Sep2025 22:23:27.238] [Netty Epoll Server IO #3/DEBUG] [net.minecraftforge.network.HandshakeHandler/FMLHANDSHAKE]: Received client indexed reply 15 of type net.minecraftforge.network.HandshakeMessages$C2SAcknowledge
[20Sep2025 22:23:27.238] [Netty Epoll Server IO #3/DEBUG] [net.minecraftforge.network.HandshakeHandler/FMLHANDSHAKE]: Received acknowledgement from client
[20Sep2025 22:23:27.239] [Netty Epoll Server IO #3/DEBUG] [net.minecraftforge.network.LoginWrapper/FMLHANDSHAKE]: Recieved login wrapper packet event for channel fml:handshake with index 16
[20Sep2025 22:23:27.239] [Netty Epoll Server IO #3/DEBUG] [net.minecraftforge.network.HandshakeHandler/FMLHANDSHAKE]: Received client indexed reply 16 of type net.minecraftforge.network.HandshakeMessages$C2SAcknowledge
[20Sep2025 22:23:27.239] [Netty Epoll Server IO #3/DEBUG] [net.minecraftforge.network.HandshakeHandler/FMLHANDSHAKE]: Received acknowledgement from client
[20Sep2025 22:23:27.243] [Netty Epoll Server IO #3/DEBUG] [net.minecraftforge.network.LoginWrapper/FMLHANDSHAKE]: Recieved login wrapper packet event for channel fml:handshake with index 17
[20Sep2025 22:23:27.243] [Netty Epoll Server IO #3/DEBUG] [net.minecraftforge.network.HandshakeHandler/FMLHANDSHAKE]: Received client indexed reply 17 of type net.minecraftforge.network.HandshakeMessages$C2SAcknowledge
[20Sep2025 22:23:27.243] [Netty Epoll Server IO #3/DEBUG] [net.minecraftforge.network.HandshakeHandler/FMLHANDSHAKE]: Received acknowledgement from client
[20Sep2025 22:23:27.246] [Server thread/DEBUG] [net.minecraftforge.network.HandshakeHandler/FMLHANDSHAKE]: Sending ticking packet info 'Registry minecraft:entity_type' to 'fml:handshake' sequence 20
[20Sep2025 22:23:27.249] [Netty Epoll Server IO #3/DEBUG] [net.minecraftforge.network.LoginWrapper/FMLHANDSHAKE]: Recieved login wrapper packet event for channel fml:handshake with index 18
[20Sep2025 22:23:27.249] [Netty Epoll Server IO #3/DEBUG] [net.minecraftforge.network.HandshakeHandler/FMLHANDSHAKE]: Received client indexed reply 18 of type net.minecraftforge.network.HandshakeMessages$C2SAcknowledge
[20Sep2025 22:23:27.249] [Netty Epoll Server IO #3/DEBUG] [net.minecraftforge.network.HandshakeHandler/FMLHANDSHAKE]: Received acknowledgement from client
[20Sep2025 22:23:27.297] [Server thread/DEBUG] [net.minecraftforge.network.HandshakeHandler/FMLHANDSHAKE]: Sending ticking packet info 'Config forge-server.toml' to 'fml:handshake' sequence 21
[20Sep2025 22:23:27.301] [Netty Epoll Server IO #3/DEBUG] [net.minecraftforge.network.LoginWrapper/FMLHANDSHAKE]: Recieved login wrapper packet event for channel fml:handshake with index 19
[20Sep2025 22:23:27.301] [Netty Epoll Server IO #3/DEBUG] [net.minecraftforge.network.HandshakeHandler/FMLHANDSHAKE]: Received client indexed reply 19 of type net.minecraftforge.network.HandshakeMessages$C2SAcknowledge
[20Sep2025 22:23:27.301] [Netty Epoll Server IO #3/DEBUG] [net.minecraftforge.network.HandshakeHandler/FMLHANDSHAKE]: Received acknowledgement from client
[20Sep2025 22:23:27.347] [Server thread/DEBUG] [net.minecraftforge.network.HandshakeHandler/FMLHANDSHAKE]: Sending ticking packet info 'FrameworkConfig refurbished_furniture:server' to 'framework:handshake' sequence 22
[20Sep2025 22:23:29.208] [Netty Epoll Server IO #4/DEBUG] [net.minecraftforge.network.HandshakeHandler/FMLHANDSHAKE]: Starting new modded impl connection. Found 23 messages to dispatch.
[20Sep2025 22:23:29.247] [Server thread/DEBUG] [net.minecraftforge.network.HandshakeHandler/FMLHANDSHAKE]: Sending ticking packet info 'net.minecraftforge.network.HandshakeMessages$S2CModData' to 'fml:handshake' sequence 0
[20Sep2025 22:23:29.297] [Server thread/DEBUG] [net.minecraftforge.network.HandshakeHandler/FMLHANDSHAKE]: Sending ticking packet info 'net.minecraftforge.network.HandshakeMessages$S2CModList' to 'fml:handshake' sequence 1
[20Sep2025 22:23:29.347] [Server thread/DEBUG] [net.minecraftforge.network.HandshakeHandler/FMLHANDSHAKE]: Sending ticking packet info 'Registry minecraft:command_argument_type' to 'fml:handshake' sequence 2
[20Sep2025 22:23:29.394] [Netty Epoll Server IO #4/DEBUG] [net.minecraftforge.network.LoginWrapper/FMLHANDSHAKE]: Recieved login wrapper packet event for channel fml:handshake with index 1
[20Sep2025 22:23:29.394] [Netty Epoll Server IO #4/DEBUG] [net.minecraftforge.network.HandshakeHandler/FMLHANDSHAKE]: Received client indexed reply 1 of type net.minecraftforge.network.HandshakeMessages$C2SModListReply
[20Sep2025 22:23:29.394] [Netty Epoll Server IO #4/DEBUG] [net.minecraftforge.network.HandshakeHandler/FMLHANDSHAKE]: Received client connection with modlist [minecraft, easy_npc, framework, forge, moreplayermodels, customskinloader, refurbished_furniture]
[20Sep2025 22:23:29.394] [Netty Epoll Server IO #4/DEBUG] [net.minecraftforge.network.NetworkRegistry/NETREGISTRY]: Channel 'worldedit:cui' : Version test of 'ABSENT 🤔' from client : ACCEPTED
[20Sep2025 22:23:29.395] [Netty Epoll Server IO #4/DEBUG] [net.minecraftforge.network.NetworkRegistry/NETREGISTRY]: Channel 'fml:loginwrapper' : Version test of 'FML3' from client : ACCEPTED
[20Sep2025 22:23:29.395] [Netty Epoll Server IO #4/DEBUG] [net.minecraftforge.network.NetworkRegistry/NETREGISTRY]: Channel 'forge:tier_sorting' : Version test of '1.0' from client : ACCEPTED
[20Sep2025 22:23:29.395] [Netty Epoll Server IO #4/DEBUG] [net.minecraftforge.network.NetworkRegistry/NETREGISTRY]: Channel 'easy_npc:network' : Version test of '23' from client : ACCEPTED
[20Sep2025 22:23:29.395] [Netty Epoll Server IO #4/DEBUG] [net.minecraftforge.network.NetworkRegistry/NETREGISTRY]: Channel 'minecraft:unregister' : Version test of 'FML3' from client : ACCEPTED
[20Sep2025 22:23:29.395] [Netty Epoll Server IO #4/DEBUG] [net.minecraftforge.network.NetworkRegistry/NETREGISTRY]: Channel 'fml:play' : Version test of 'FML3' from client : ACCEPTED
[20Sep2025 22:23:29.395] [Netty Epoll Server IO #4/DEBUG] [net.minecraftforge.network.NetworkRegistry/NETREGISTRY]: Channel 'framework:play' : Version test of '1' from client : ACCEPTED
[20Sep2025 22:23:29.395] [Netty Epoll Server IO #4/DEBUG] [net.minecraftforge.network.NetworkRegistry/NETREGISTRY]: Channel 'moreplayermodels:packets' : Version test of 'mpm' from client : ACCEPTED
[20Sep2025 22:23:29.395] [Netty Epoll Server IO #4/DEBUG] [net.minecraftforge.network.NetworkRegistry/NETREGISTRY]: Channel 'fml:handshake' : Version test of 'FML3' from client : ACCEPTED
[20Sep2025 22:23:29.395] [Netty Epoll Server IO #4/DEBUG] [net.minecraftforge.network.NetworkRegistry/NETREGISTRY]: Channel 'worldedit:internal' : Version test of 'ABSENT 🤔' from client : ACCEPTED
[20Sep2025 22:23:29.395] [Netty Epoll Server IO #4/DEBUG] [net.minecraftforge.network.NetworkRegistry/NETREGISTRY]: Channel 'minecraft:register' : Version test of 'FML3' from client : ACCEPTED
[20Sep2025 22:23:29.395] [Netty Epoll Server IO #4/DEBUG] [net.minecraftforge.network.NetworkRegistry/NETREGISTRY]: Channel 'forge:split' : Version test of '1.1' from client : ACCEPTED
[20Sep2025 22:23:29.395] [Netty Epoll Server IO #4/DEBUG] [net.minecraftforge.network.NetworkRegistry/NETREGISTRY]: Channel 'framework:handshake' : Version test of '1' from client : ACCEPTED
[20Sep2025 22:23:29.395] [Netty Epoll Server IO #4/DEBUG] [net.minecraftforge.network.NetworkRegistry/NETREGISTRY]: Channel 'refurbished_furniture:play' : Version test of '1' from client : ACCEPTED
[20Sep2025 22:23:29.395] [Netty Epoll Server IO #4/DEBUG] [net.minecraftforge.network.NetworkRegistry/NETREGISTRY]: Accepting channel list from client
[20Sep2025 22:23:29.395] [Netty Epoll Server IO #4/DEBUG] [net.minecraftforge.network.HandshakeHandler/FMLHANDSHAKE]: Accepted client connection mod list
[20Sep2025 22:23:29.396] [Server thread/DEBUG] [net.minecraftforge.network.HandshakeHandler/FMLHANDSHAKE]: Sending ticking packet info 'Registry minecraft:recipe_serializer' to 'fml:handshake' sequence 3
[20Sep2025 22:23:29.440] [Netty Epoll Server IO #4/DEBUG] [net.minecraftforge.network.LoginWrapper/FMLHANDSHAKE]: Recieved login wrapper packet event for channel fml:handshake with index 2
[20Sep2025 22:23:29.440] [Netty Epoll Server IO #4/DEBUG] [net.minecraftforge.network.HandshakeHandler/FMLHANDSHAKE]: Received client indexed reply 2 of type net.minecraftforge.network.HandshakeMessages$C2SAcknowledge
[20Sep2025 22:23:29.440] [Netty Epoll Server IO #4/DEBUG] [net.minecraftforge.network.HandshakeHandler/FMLHANDSHAKE]: Received acknowledgement from client
[20Sep2025 22:23:29.447] [Server thread/DEBUG] [net.minecraftforge.network.HandshakeHandler/FMLHANDSHAKE]: Sending ticking packet info 'Registry minecraft:sound_event' to 'fml:handshake' sequence 4
[20Sep2025 22:23:29.484] [Netty Epoll Server IO #4/DEBUG] [net.minecraftforge.network.LoginWrapper/FMLHANDSHAKE]: Recieved login wrapper packet event for channel fml:handshake with index 3
[20Sep2025 22:23:29.484] [Netty Epoll Server IO #4/DEBUG] [net.minecraftforge.network.HandshakeHandler/FMLHANDSHAKE]: Received client indexed reply 3 of type net.minecraftforge.network.HandshakeMessages$C2SAcknowledge
[20Sep2025 22:23:29.484] [Netty Epoll Server IO #4/DEBUG] [net.minecraftforge.network.HandshakeHandler/FMLHANDSHAKE]: Received acknowledgement from client
[20Sep2025 22:23:29.496] [Server thread/DEBUG] [net.minecraftforge.network.HandshakeHandler/FMLHANDSHAKE]: Sending ticking packet info 'Registry minecraft:particle_type' to 'fml:handshake' sequence 5
[20Sep2025 22:23:29.546] [Server thread/DEBUG] [net.minecraftforge.network.HandshakeHandler/FMLHANDSHAKE]: Sending ticking packet info 'Registry minecraft:villager_profession' to 'fml:handshake' sequence 6
[20Sep2025 22:23:29.595] [Server thread/DEBUG] [net.minecraftforge.network.HandshakeHandler/FMLHANDSHAKE]: Sending ticking packet info 'Registry minecraft:item' to 'fml:handshake' sequence 7
[20Sep2025 22:23:29.646] [Server thread/DEBUG] [net.minecraftforge.network.HandshakeHandler/FMLHANDSHAKE]: Sending ticking packet info 'Registry minecraft:potion' to 'fml:handshake' sequence 8
[20Sep2025 22:23:29.697] [Server thread/DEBUG] [net.minecraftforge.network.HandshakeHandler/FMLHANDSHAKE]: Sending ticking packet info 'Registry minecraft:painting_variant' to 'fml:handshake' sequence 9
[20Sep2025 22:23:29.725] [Netty Epoll Server IO #4/DEBUG] [net.minecraftforge.network.LoginWrapper/FMLHANDSHAKE]: Recieved login wrapper packet event for channel fml:handshake with index 4
[20Sep2025 22:23:29.725] [Netty Epoll Server IO #4/DEBUG] [net.minecraftforge.network.HandshakeHandler/FMLHANDSHAKE]: Received client indexed reply 4 of type net.minecraftforge.network.HandshakeMessages$C2SAcknowledge
[20Sep2025 22:23:29.725] [Netty Epoll Server IO #4/DEBUG] [net.minecraftforge.network.HandshakeHandler/FMLHANDSHAKE]: Received acknowledgement from client
[20Sep2025 22:23:29.727] [Netty Epoll Server IO #4/DEBUG] [net.minecraftforge.network.LoginWrapper/FMLHANDSHAKE]: Recieved login wrapper packet event for channel fml:handshake with index 5
[20Sep2025 22:23:29.727] [Netty Epoll Server IO #4/DEBUG] [net.minecraftforge.network.HandshakeHandler/FMLHANDSHAKE]: Received client indexed reply 5 of type net.minecraftforge.network.HandshakeMessages$C2SAcknowledge
[20Sep2025 22:23:29.728] [Netty Epoll Server IO #4/DEBUG] [net.minecraftforge.network.HandshakeHandler/FMLHANDSHAKE]: Received acknowledgement from client
[20Sep2025 22:23:29.728] [Netty Epoll Server IO #4/DEBUG] [net.minecraftforge.network.LoginWrapper/FMLHANDSHAKE]: Recieved login wrapper packet event for channel fml:handshake with index 6
[20Sep2025 22:23:29.728] [Netty Epoll Server IO #4/DEBUG] [net.minecraftforge.network.HandshakeHandler/FMLHANDSHAKE]: Received client indexed reply 6 of type net.minecraftforge.network.HandshakeMessages$C2SAcknowledge
[20Sep2025 22:23:29.728] [Netty Epoll Server IO #4/DEBUG] [net.minecraftforge.network.HandshakeHandler/FMLHANDSHAKE]: Received acknowledgement from client
[20Sep2025 22:23:29.747] [Server thread/DEBUG] [net.minecraftforge.network.HandshakeHandler/FMLHANDSHAKE]: Sending ticking packet info 'Registry forge:fluid_type' to 'fml:handshake' sequence 10
[20Sep2025 22:23:29.796] [Server thread/DEBUG] [net.minecraftforge.network.HandshakeHandler/FMLHANDSHAKE]: Sending ticking packet info 'Registry minecraft:block_entity_type' to 'fml:handshake' sequence 11
[20Sep2025 22:23:29.817] [Netty Epoll Server IO #4/DEBUG] [net.minecraftforge.network.LoginWrapper/FMLHANDSHAKE]: Recieved login wrapper packet event for channel fml:handshake with index 7
[20Sep2025 22:23:29.817] [Netty Epoll Server IO #4/DEBUG] [net.minecraftforge.network.HandshakeHandler/FMLHANDSHAKE]: Received client indexed reply 7 of type net.minecraftforge.network.HandshakeMessages$C2SAcknowledge
[20Sep2025 22:23:29.817] [Netty Epoll Server IO #4/DEBUG] [net.minecraftforge.network.HandshakeHandler/FMLHANDSHAKE]: Received acknowledgement from client
[20Sep2025 22:23:29.817] [Netty Epoll Server IO #4/DEBUG] [net.minecraftforge.network.LoginWrapper/FMLHANDSHAKE]: Recieved login wrapper packet event for channel fml:handshake with index 8
[20Sep2025 22:23:29.817] [Netty Epoll Server IO #4/DEBUG] [net.minecraftforge.network.HandshakeHandler/FMLHANDSHAKE]: Received client indexed reply 8 of type net.minecraftforge.network.HandshakeMessages$C2SAcknowledge
[20Sep2025 22:23:29.817] [Netty Epoll Server IO #4/DEBUG] [net.minecraftforge.network.HandshakeHandler/FMLHANDSHAKE]: Received acknowledgement from client
[20Sep2025 22:23:29.819] [Netty Epoll Server IO #4/DEBUG] [net.minecraftforge.network.LoginWrapper/FMLHANDSHAKE]: Recieved login wrapper packet event for channel fml:handshake with index 9
[20Sep2025 22:23:29.819] [Netty Epoll Server IO #4/DEBUG] [net.minecraftforge.network.HandshakeHandler/FMLHANDSHAKE]: Received client indexed reply 9 of type net.minecraftforge.network.HandshakeMessages$C2SAcknowledge
[20Sep2025 22:23:29.819] [Netty Epoll Server IO #4/DEBUG] [net.minecraftforge.network.HandshakeHandler/FMLHANDSHAKE]: Received acknowledgement from client
[20Sep2025 22:23:29.845] [Server thread/DEBUG] [net.minecraftforge.network.HandshakeHandler/FMLHANDSHAKE]: Sending ticking packet info 'Registry forge:display_contexts' to 'fml:handshake' sequence 12
[20Sep2025 22:23:29.845] [Netty Epoll Server IO #4/DEBUG] [net.minecraftforge.network.LoginWrapper/FMLHANDSHAKE]: Recieved login wrapper packet event for channel fml:handshake with index 10
[20Sep2025 22:23:29.845] [Netty Epoll Server IO #4/DEBUG] [net.minecraftforge.network.HandshakeHandler/FMLHANDSHAKE]: Received client indexed reply 10 of type net.minecraftforge.network.HandshakeMessages$C2SAcknowledge
[20Sep2025 22:23:29.846] [Netty Epoll Server IO #4/DEBUG] [net.minecraftforge.network.HandshakeHandler/FMLHANDSHAKE]: Received acknowledgement from client
[20Sep2025 22:23:29.884] [Netty Epoll Server IO #4/DEBUG] [net.minecraftforge.network.LoginWrapper/FMLHANDSHAKE]: Recieved login wrapper packet event for channel fml:handshake with index 11
[20Sep2025 22:23:29.884] [Netty Epoll Server IO #4/DEBUG] [net.minecraftforge.network.HandshakeHandler/FMLHANDSHAKE]: Received client indexed reply 11 of type net.minecraftforge.network.HandshakeMessages$C2SAcknowledge
[20Sep2025 22:23:29.884] [Netty Epoll Server IO #4/DEBUG] [net.minecraftforge.network.HandshakeHandler/FMLHANDSHAKE]: Received acknowledgement from client
[20Sep2025 22:23:29.895] [Server thread/DEBUG] [net.minecraftforge.network.HandshakeHandler/FMLHANDSHAKE]: Sending ticking packet info 'Registry minecraft:block' to 'fml:handshake' sequence 13
[20Sep2025 22:23:29.900] [Netty Epoll Server IO #3/DEBUG] [net.minecraftforge.network.LoginWrapper/FMLHANDSHAKE]: Recieved login wrapper packet event for channel fml:handshake with index 20
[20Sep2025 22:23:29.900] [Netty Epoll Server IO #3/DEBUG] [net.minecraftforge.network.HandshakeHandler/FMLHANDSHAKE]: Received client indexed reply 20 of type net.minecraftforge.network.HandshakeMessages$C2SAcknowledge
[20Sep2025 22:23:29.900] [Netty Epoll Server IO #3/DEBUG] [net.minecraftforge.network.HandshakeHandler/FMLHANDSHAKE]: Received acknowledgement from client
[20Sep2025 22:23:29.910] [Netty Epoll Server IO #3/DEBUG] [net.minecraftforge.network.LoginWrapper/FMLHANDSHAKE]: Recieved login wrapper packet event for channel fml:handshake with index 21
[20Sep2025 22:23:29.910] [Netty Epoll Server IO #3/DEBUG] [net.minecraftforge.network.HandshakeHandler/FMLHANDSHAKE]: Received client indexed reply 21 of type net.minecraftforge.network.HandshakeMessages$C2SAcknowledge
[20Sep2025 22:23:29.910] [Netty Epoll Server IO #3/DEBUG] [net.minecraftforge.network.HandshakeHandler/FMLHANDSHAKE]: Received acknowledgement from client
[20Sep2025 22:23:29.931] [Netty Epoll Server IO #3/DEBUG] [net.minecraftforge.network.LoginWrapper/FMLHANDSHAKE]: Recieved login wrapper packet event for channel framework:handshake with index 22
[20Sep2025 22:23:29.931] [Netty Epoll Server IO #3/DEBUG] [net.minecraftforge.network.HandshakeHandler/FMLHANDSHAKE]: Received client indexed reply 22 of type com.mrcrayfish.framework.api.network.message.HandshakeMessage$Acknowledge
[20Sep2025 22:23:29.931] [Netty Epoll Server IO #3/DEBUG] [Framework/FRAMEWORK_HANDSHAKE]: Received acknowledgement from client
[20Sep2025 22:23:29.932] [Netty Epoll Server IO #4/DEBUG] [net.minecraftforge.network.LoginWrapper/FMLHANDSHAKE]: Recieved login wrapper packet event for channel fml:handshake with index 12
[20Sep2025 22:23:29.932] [Netty Epoll Server IO #4/DEBUG] [net.minecraftforge.network.HandshakeHandler/FMLHANDSHAKE]: Received client indexed reply 12 of type net.minecraftforge.network.HandshakeMessages$C2SAcknowledge
[20Sep2025 22:23:29.932] [Netty Epoll Server IO #4/DEBUG] [net.minecraftforge.network.HandshakeHandler/FMLHANDSHAKE]: Received acknowledgement from client
[20Sep2025 22:23:29.947] [Server thread/DEBUG] [net.minecraftforge.network.HandshakeHandler/FMLHANDSHAKE]: Handshake complete!
[20Sep2025 22:23:29.947] [Server thread/DEBUG] [net.minecraftforge.network.HandshakeHandler/FMLHANDSHAKE]: Sending ticking packet info 'Registry forge:entity_data_serializers' to 'fml:handshake' sequence 14
[20Sep2025 22:23:30.003] [Server thread/INFO] [net.minecraft.server.players.PlayerList/]: Shadowfox[/100.116.191.5:56594] logged in with entity id 949 at (-996.1626191357911, 106.35981689234671, 735.9368729400078)
[20Sep2025 22:23:30.003] [Server thread/DEBUG] [net.minecraftforge.network.filters.NetworkFilters/]: Injected net.minecraftforge.network.filters.ForgeConnectionNetworkFilter@6a5d5a92 into net.minecraft.network.Connection@71d5bd22
[20Sep2025 22:23:30.019] [Server thread/INFO] [net.minecraft.server.MinecraftServer/]: Shadowfox joined the game
[20Sep2025 22:23:30.053] [Server thread/DEBUG] [net.minecraftforge.network.HandshakeHandler/FMLHANDSHAKE]: Sending ticking packet info 'Registry minecraft:mob_effect' to 'fml:handshake' sequence 15
[20Sep2025 22:23:30.066] [Server thread/DEBUG] [net.minecraftforge.network.HandshakeHandler/FMLHANDSHAKE]: Sending ticking packet info 'Registry minecraft:stat_type' to 'fml:handshake' sequence 16
[20Sep2025 22:23:30.100] [Server thread/DEBUG] [net.minecraftforge.network.HandshakeHandler/FMLHANDSHAKE]: Sending ticking packet info 'Registry minecraft:menu' to 'fml:handshake' sequence 17
[20Sep2025 22:23:30.175] [Server thread/DEBUG] [net.minecraftforge.network.HandshakeHandler/FMLHANDSHAKE]: Sending ticking packet info 'Registry minecraft:enchantment' to 'fml:handshake' sequence 18
[20Sep2025 22:23:30.205] [Server thread/DEBUG] [net.minecraftforge.network.HandshakeHandler/FMLHANDSHAKE]: Sending ticking packet info 'Registry minecraft:fluid' to 'fml:handshake' sequence 19
[20Sep2025 22:23:30.248] [Server thread/DEBUG] [net.minecraftforge.network.HandshakeHandler/FMLHANDSHAKE]: Sending ticking packet info 'Registry minecraft:entity_type' to 'fml:handshake' sequence 20
[20Sep2025 22:23:30.298] [Server thread/DEBUG] [net.minecraftforge.network.HandshakeHandler/FMLHANDSHAKE]: Sending ticking packet info 'Config forge-server.toml' to 'fml:handshake' sequence 21
[20Sep2025 22:23:30.348] [Server thread/DEBUG] [net.minecraftforge.network.HandshakeHandler/FMLHANDSHAKE]: Sending ticking packet info 'FrameworkConfig refurbished_furniture:server' to 'framework:handshake' sequence 22
[20Sep2025 22:23:30.507] [Netty Epoll Server IO #4/DEBUG] [net.minecraftforge.network.LoginWrapper/FMLHANDSHAKE]: Recieved login wrapper packet event for channel fml:handshake with index 13
[20Sep2025 22:23:30.507] [Netty Epoll Server IO #4/DEBUG] [net.minecraftforge.network.HandshakeHandler/FMLHANDSHAKE]: Received client indexed reply 13 of type net.minecraftforge.network.HandshakeMessages$C2SAcknowledge
[20Sep2025 22:23:30.508] [Netty Epoll Server IO #4/DEBUG] [net.minecraftforge.network.HandshakeHandler/FMLHANDSHAKE]: Received acknowledgement from client
[20Sep2025 22:23:30.513] [Netty Epoll Server IO #4/DEBUG] [net.minecraftforge.network.LoginWrapper/FMLHANDSHAKE]: Recieved login wrapper packet event for channel fml:handshake with index 14
[20Sep2025 22:23:30.513] [Netty Epoll Server IO #4/DEBUG] [net.minecraftforge.network.HandshakeHandler/FMLHANDSHAKE]: Received client indexed reply 14 of type net.minecraftforge.network.HandshakeMessages$C2SAcknowledge
[20Sep2025 22:23:30.513] [Netty Epoll Server IO #4/DEBUG] [net.minecraftforge.network.HandshakeHandler/FMLHANDSHAKE]: Received acknowledgement from client
[20Sep2025 22:23:30.517] [Netty Epoll Server IO #4/DEBUG] [net.minecraftforge.network.LoginWrapper/FMLHANDSHAKE]: Recieved login wrapper packet event for channel fml:handshake with index 15
[20Sep2025 22:23:30.517] [Netty Epoll Server IO #4/DEBUG] [net.minecraftforge.network.HandshakeHandler/FMLHANDSHAKE]: Received client indexed reply 15 of type net.minecraftforge.network.HandshakeMessages$C2SAcknowledge
[20Sep2025 22:23:30.518] [Netty Epoll Server IO #4/DEBUG] [net.minecraftforge.network.HandshakeHandler/FMLHANDSHAKE]: Received acknowledgement from client
[20Sep2025 22:23:30.543] [Netty Epoll Server IO #4/DEBUG] [net.minecraftforge.network.LoginWrapper/FMLHANDSHAKE]: Recieved login wrapper packet event for channel fml:handshake with index 16
[20Sep2025 22:23:30.544] [Netty Epoll Server IO #4/DEBUG] [net.minecraftforge.network.HandshakeHandler/FMLHANDSHAKE]: Received client indexed reply 16 of type net.minecraftforge.network.HandshakeMessages$C2SAcknowledge
[20Sep2025 22:23:30.544] [Netty Epoll Server IO #4/DEBUG] [net.minecraftforge.network.HandshakeHandler/FMLHANDSHAKE]: Received acknowledgement from client
[20Sep2025 22:23:30.599] [Netty Epoll Server IO #4/DEBUG] [net.minecraftforge.network.LoginWrapper/FMLHANDSHAKE]: Recieved login wrapper packet event for channel fml:handshake with index 17
[20Sep2025 22:23:30.599] [Netty Epoll Server IO #4/DEBUG] [net.minecraftforge.network.HandshakeHandler/FMLHANDSHAKE]: Received client indexed reply 17 of type net.minecraftforge.network.HandshakeMessages$C2SAcknowledge
[20Sep2025 22:23:30.599] [Netty Epoll Server IO #4/DEBUG] [net.minecraftforge.network.HandshakeHandler/FMLHANDSHAKE]: Received acknowledgement from client
[20Sep2025 22:23:30.627] [Netty Epoll Server IO #4/DEBUG] [net.minecraftforge.network.LoginWrapper/FMLHANDSHAKE]: Recieved login wrapper packet event for channel fml:handshake with index 18
[20Sep2025 22:23:30.627] [Netty Epoll Server IO #4/DEBUG] [net.minecraftforge.network.HandshakeHandler/FMLHANDSHAKE]: Received client indexed reply 18 of type net.minecraftforge.network.HandshakeMessages$C2SAcknowledge
[20Sep2025 22:23:30.627] [Netty Epoll Server IO #4/DEBUG] [net.minecraftforge.network.HandshakeHandler/FMLHANDSHAKE]: Received acknowledgement from client
[20Sep2025 22:23:30.632] [Netty Epoll Server IO #4/DEBUG] [net.minecraftforge.network.LoginWrapper/FMLHANDSHAKE]: Recieved login wrapper packet event for channel fml:handshake with index 19
[20Sep2025 22:23:30.632] [Netty Epoll Server IO #4/DEBUG] [net.minecraftforge.network.HandshakeHandler/FMLHANDSHAKE]: Received client indexed reply 19 of type net.minecraftforge.network.HandshakeMessages$C2SAcknowledge
[20Sep2025 22:23:30.632] [Netty Epoll Server IO #4/DEBUG] [net.minecraftforge.network.HandshakeHandler/FMLHANDSHAKE]: Received acknowledgement from client
[20Sep2025 22:23:34.148] [Netty Epoll Server IO #4/DEBUG] [net.minecraftforge.network.LoginWrapper/FMLHANDSHAKE]: Recieved login wrapper packet event for channel fml:handshake with index 20
[20Sep2025 22:23:34.149] [Netty Epoll Server IO #4/DEBUG] [net.minecraftforge.network.HandshakeHandler/FMLHANDSHAKE]: Received client indexed reply 20 of type net.minecraftforge.network.HandshakeMessages$C2SAcknowledge
[20Sep2025 22:23:34.149] [Netty Epoll Server IO #4/DEBUG] [net.minecraftforge.network.HandshakeHandler/FMLHANDSHAKE]: Received acknowledgement from client
[20Sep2025 22:23:34.154] [Netty Epoll Server IO #4/DEBUG] [net.minecraftforge.network.LoginWrapper/FMLHANDSHAKE]: Recieved login wrapper packet event for channel fml:handshake with index 21
[20Sep2025 22:23:34.154] [Netty Epoll Server IO #4/DEBUG] [net.minecraftforge.network.HandshakeHandler/FMLHANDSHAKE]: Received client indexed reply 21 of type net.minecraftforge.network.HandshakeMessages$C2SAcknowledge
[20Sep2025 22:23:34.154] [Netty Epoll Server IO #4/DEBUG] [net.minecraftforge.network.HandshakeHandler/FMLHANDSHAKE]: Received acknowledgement from client
[20Sep2025 22:23:34.183] [Netty Epoll Server IO #4/DEBUG] [net.minecraftforge.network.LoginWrapper/FMLHANDSHAKE]: Recieved login wrapper packet event for channel framework:handshake with index 22
[20Sep2025 22:23:34.183] [Netty Epoll Server IO #4/DEBUG] [net.minecraftforge.network.HandshakeHandler/FMLHANDSHAKE]: Received client indexed reply 22 of type com.mrcrayfish.framework.api.network.message.HandshakeMessage$Acknowledge
[20Sep2025 22:23:34.183] [Netty Epoll Server IO #4/DEBUG] [Framework/FRAMEWORK_HANDSHAKE]: Received acknowledgement from client
[20Sep2025 22:23:34.197] [Server thread/DEBUG] [net.minecraftforge.network.HandshakeHandler/FMLHANDSHAKE]: Handshake complete!
[20Sep2025 22:23:34.255] [Server thread/INFO] [net.minecraft.server.players.PlayerList/]: Lumpylauncer[/100.84.200.109:33570] logged in with entity id 970 at (-1000.6451547308315, 105.0, 753.7394118667811)
[20Sep2025 22:23:34.256] [Server thread/DEBUG] [net.minecraftforge.network.filters.NetworkFilters/]: Injected net.minecraftforge.network.filters.ForgeConnectionNetworkFilter@6fec79f5 into net.minecraft.network.Connection@2ee83d68
[20Sep2025 22:23:34.275] [Server thread/INFO] [net.minecraft.server.MinecraftServer/]: Lumpylauncer joined the game
[20Sep2025 22:24:04.398] [Server thread/INFO] [net.minecraft.server.network.ServerGamePacketListenerImpl/]: Lumpylauncer lost connection: Timed out
[20Sep2025 22:24:04.399] [Server thread/INFO] [net.minecraft.server.MinecraftServer/]: Lumpylauncer left the game
[20Sep2025 22:24:13.647] [Server thread/INFO] [net.minecraft.server.network.ServerGamePacketListenerImpl/]: Shadowfox lost connection: Timed out
[20Sep2025 22:24:13.647] [Server thread/INFO] [net.minecraft.server.MinecraftServer/]: Shadowfox left the game
[20Sep2025 22:24:22.268] [Netty Epoll Server IO #6/DEBUG] [net.minecraftforge.network.HandshakeHandler/FMLHANDSHAKE]: Starting new modded impl connection. Found 23 messages to dispatch.
[20Sep2025 22:24:22.297] [Server thread/DEBUG] [net.minecraftforge.network.HandshakeHandler/FMLHANDSHAKE]: Sending ticking packet info 'net.minecraftforge.network.HandshakeMessages$S2CModData' to 'fml:handshake' sequence 0
[20Sep2025 22:24:22.345] [Server thread/DEBUG] [net.minecraftforge.network.HandshakeHandler/FMLHANDSHAKE]: Sending ticking packet info 'net.minecraftforge.network.HandshakeMessages$S2CModList' to 'fml:handshake' sequence 1
[20Sep2025 22:24:22.395] [Server thread/DEBUG] [net.minecraftforge.network.HandshakeHandler/FMLHANDSHAKE]: Sending ticking packet info 'Registry minecraft:command_argument_type' to 'fml:handshake' sequence 2
[20Sep2025 22:24:22.444] [Server thread/DEBUG] [net.minecraftforge.network.HandshakeHandler/FMLHANDSHAKE]: Sending ticking packet info 'Registry minecraft:recipe_serializer' to 'fml:handshake' sequence 3
[20Sep2025 22:24:22.449] [Netty Epoll Server IO #6/DEBUG] [net.minecraftforge.network.LoginWrapper/FMLHANDSHAKE]: Recieved login wrapper packet event for channel fml:handshake with index 1
[20Sep2025 22:24:22.449] [Netty Epoll Server IO #6/DEBUG] [net.minecraftforge.network.HandshakeHandler/FMLHANDSHAKE]: Received client indexed reply 1 of type net.minecraftforge.network.HandshakeMessages$C2SModListReply
[20Sep2025 22:24:22.449] [Netty Epoll Server IO #6/DEBUG] [net.minecraftforge.network.HandshakeHandler/FMLHANDSHAKE]: Received client connection with modlist [minecraft, easy_npc, framework, forge, moreplayermodels, customskinloader, refurbished_furniture]
[20Sep2025 22:24:22.449] [Netty Epoll Server IO #6/DEBUG] [net.minecraftforge.network.NetworkRegistry/NETREGISTRY]: Channel 'worldedit:cui' : Version test of 'ABSENT 🤔' from client : ACCEPTED
[20Sep2025 22:24:22.449] [Netty Epoll Server IO #6/DEBUG] [net.minecraftforge.network.NetworkRegistry/NETREGISTRY]: Channel 'fml:loginwrapper' : Version test of 'FML3' from client : ACCEPTED
[20Sep2025 22:24:22.449] [Netty Epoll Server IO #6/DEBUG] [net.minecraftforge.network.NetworkRegistry/NETREGISTRY]: Channel 'forge:tier_sorting' : Version test of '1.0' from client : ACCEPTED
[20Sep2025 22:24:22.449] [Netty Epoll Server IO #6/DEBUG] [net.minecraftforge.network.NetworkRegistry/NETREGISTRY]: Channel 'easy_npc:network' : Version test of '23' from client : ACCEPTED
[20Sep2025 22:24:22.449] [Netty Epoll Server IO #6/DEBUG] [net.minecraftforge.network.NetworkRegistry/NETREGISTRY]: Channel 'minecraft:unregister' : Version test of 'FML3' from client : ACCEPTED
[20Sep2025 22:24:22.449] [Netty Epoll Server IO #6/DEBUG] [net.minecraftforge.network.NetworkRegistry/NETREGISTRY]: Channel 'fml:play' : Version test of 'FML3' from client : ACCEPTED
[20Sep2025 22:24:22.450] [Netty Epoll Server IO #6/DEBUG] [net.minecraftforge.network.NetworkRegistry/NETREGISTRY]: Channel 'framework:play' : Version test of '1' from client : ACCEPTED
[20Sep2025 22:24:22.450] [Netty Epoll Server IO #6/DEBUG] [net.minecraftforge.network.NetworkRegistry/NETREGISTRY]: Channel 'moreplayermodels:packets' : Version test of 'mpm' from client : ACCEPTED
[20Sep2025 22:24:22.450] [Netty Epoll Server IO #6/DEBUG] [net.minecraftforge.network.NetworkRegistry/NETREGISTRY]: Channel 'fml:handshake' : Version test of 'FML3' from client : ACCEPTED
[20Sep2025 22:24:22.450] [Netty Epoll Server IO #6/DEBUG] [net.minecraftforge.network.NetworkRegistry/NETREGISTRY]: Channel 'worldedit:internal' : Version test of 'ABSENT 🤔' from client : ACCEPTED
[20Sep2025 22:24:22.450] [Netty Epoll Server IO #6/DEBUG] [net.minecraftforge.network.NetworkRegistry/NETREGISTRY]: Channel 'minecraft:register' : Version test of 'FML3' from client : ACCEPTED
[20Sep2025 22:24:22.450] [Netty Epoll Server IO #6/DEBUG] [net.minecraftforge.network.NetworkRegistry/NETREGISTRY]: Channel 'forge:split' : Version test of '1.1' from client : ACCEPTED
[20Sep2025 22:24:22.450] [Netty Epoll Server IO #6/DEBUG] [net.minecraftforge.network.NetworkRegistry/NETREGISTRY]: Channel 'framework:handshake' : Version test of '1' from client : ACCEPTED
[20Sep2025 22:24:22.450] [Netty Epoll Server IO #6/DEBUG] [net.minecraftforge.network.NetworkRegistry/NETREGISTRY]: Channel 'refurbished_furniture:play' : Version test of '1' from client : ACCEPTED
[20Sep2025 22:24:22.450] [Netty Epoll Server IO #6/DEBUG] [net.minecraftforge.network.NetworkRegistry/NETREGISTRY]: Accepting channel list from client
[20Sep2025 22:24:22.450] [Netty Epoll Server IO #6/DEBUG] [net.minecraftforge.network.HandshakeHandler/FMLHANDSHAKE]: Accepted client connection mod list
[20Sep2025 22:24:22.496] [Server thread/DEBUG] [net.minecraftforge.network.HandshakeHandler/FMLHANDSHAKE]: Sending ticking packet info 'Registry minecraft:sound_event' to 'fml:handshake' sequence 4
[20Sep2025 22:24:22.497] [Netty Epoll Server IO #6/DEBUG] [net.minecraftforge.network.LoginWrapper/FMLHANDSHAKE]: Recieved login wrapper packet event for channel fml:handshake with index 2
[20Sep2025 22:24:22.497] [Netty Epoll Server IO #6/DEBUG] [net.minecraftforge.network.HandshakeHandler/FMLHANDSHAKE]: Received client indexed reply 2 of type net.minecraftforge.network.HandshakeMessages$C2SAcknowledge
[20Sep2025 22:24:22.497] [Netty Epoll Server IO #6/DEBUG] [net.minecraftforge.network.HandshakeHandler/FMLHANDSHAKE]: Received acknowledgement from client
[20Sep2025 22:24:22.545] [Server thread/DEBUG] [net.minecraftforge.network.HandshakeHandler/FMLHANDSHAKE]: Sending ticking packet info 'Registry minecraft:particle_type' to 'fml:handshake' sequence 5
[20Sep2025 22:24:22.595] [Server thread/DEBUG] [net.minecraftforge.network.HandshakeHandler/FMLHANDSHAKE]: Sending ticking packet info 'Registry minecraft:villager_profession' to 'fml:handshake' sequence 6
[20Sep2025 22:24:22.645] [Server thread/DEBUG] [net.minecraftforge.network.HandshakeHandler/FMLHANDSHAKE]: Sending ticking packet info 'Registry minecraft:item' to 'fml:handshake' sequence 7
[20Sep2025 22:24:22.647] [Netty Epoll Server IO #6/DEBUG] [net.minecraftforge.network.LoginWrapper/FMLHANDSHAKE]: Recieved login wrapper packet event for channel fml:handshake with index 3
[20Sep2025 22:24:22.647] [Netty Epoll Server IO #6/DEBUG] [net.minecraftforge.network.HandshakeHandler/FMLHANDSHAKE]: Received client indexed reply 3 of type net.minecraftforge.network.HandshakeMessages$C2SAcknowledge
[20Sep2025 22:24:22.647] [Netty Epoll Server IO #6/DEBUG] [net.minecraftforge.network.HandshakeHandler/FMLHANDSHAKE]: Received acknowledgement from client
[20Sep2025 22:24:22.695] [Server thread/DEBUG] [net.minecraftforge.network.HandshakeHandler/FMLHANDSHAKE]: Sending ticking packet info 'Registry minecraft:potion' to 'fml:handshake' sequence 8
[20Sep2025 22:24:22.746] [Server thread/DEBUG] [net.minecraftforge.network.HandshakeHandler/FMLHANDSHAKE]: Sending ticking packet info 'Registry minecraft:painting_variant' to 'fml:handshake' sequence 9
[20Sep2025 22:24:22.796] [Server thread/DEBUG] [net.minecraftforge.network.HandshakeHandler/FMLHANDSHAKE]: Sending ticking packet info 'Registry forge:fluid_type' to 'fml:handshake' sequence 10
[20Sep2025 22:24:22.845] [Server thread/DEBUG] [net.minecraftforge.network.HandshakeHandler/FMLHANDSHAKE]: Sending ticking packet info 'Registry minecraft:block_entity_type' to 'fml:handshake' sequence 11
[20Sep2025 22:24:22.864] [Netty Epoll Server IO #6/DEBUG] [net.minecraftforge.network.LoginWrapper/FMLHANDSHAKE]: Recieved login wrapper packet event for channel fml:handshake with index 4
[20Sep2025 22:24:22.864] [Netty Epoll Server IO #6/DEBUG] [net.minecraftforge.network.HandshakeHandler/FMLHANDSHAKE]: Received client indexed reply 4 of type net.minecraftforge.network.HandshakeMessages$C2SAcknowledge
[20Sep2025 22:24:22.864] [Netty Epoll Server IO #6/DEBUG] [net.minecraftforge.network.HandshakeHandler/FMLHANDSHAKE]: Received acknowledgement from client
[20Sep2025 22:24:22.867] [Netty Epoll Server IO #6/DEBUG] [net.minecraftforge.network.LoginWrapper/FMLHANDSHAKE]: Recieved login wrapper packet event for channel fml:handshake with index 5
[20Sep2025 22:24:22.867] [Netty Epoll Server IO #6/DEBUG] [net.minecraftforge.network.HandshakeHandler/FMLHANDSHAKE]: Received client indexed reply 5 of type net.minecraftforge.network.HandshakeMessages$C2SAcknowledge
[20Sep2025 22:24:22.867] [Netty Epoll Server IO #6/DEBUG] [net.minecraftforge.network.HandshakeHandler/FMLHANDSHAKE]: Received acknowledgement from client
[20Sep2025 22:24:22.870] [Netty Epoll Server IO #6/DEBUG] [net.minecraftforge.network.LoginWrapper/FMLHANDSHAKE]: Recieved login wrapper packet event for channel fml:handshake with index 6
[20Sep2025 22:24:22.870] [Netty Epoll Server IO #6/DEBUG] [net.minecraftforge.network.HandshakeHandler/FMLHANDSHAKE]: Received client indexed reply 6 of type net.minecraftforge.network.HandshakeMessages$C2SAcknowledge
[20Sep2025 22:24:22.870] [Netty Epoll Server IO #6/DEBUG] [net.minecraftforge.network.HandshakeHandler/FMLHANDSHAKE]: Received acknowledgement from client
[20Sep2025 22:24:22.896] [Server thread/DEBUG] [net.minecraftforge.network.HandshakeHandler/FMLHANDSHAKE]: Sending ticking packet info 'Registry forge:display_contexts' to 'fml:handshake' sequence 12
[20Sep2025 22:24:22.945] [Server thread/DEBUG] [net.minecraftforge.network.HandshakeHandler/FMLHANDSHAKE]: Sending ticking packet info 'Registry minecraft:block' to 'fml:handshake' sequence 13
[20Sep2025 22:24:22.963] [Netty Epoll Server IO #6/DEBUG] [net.minecraftforge.network.LoginWrapper/FMLHANDSHAKE]: Recieved login wrapper packet event for channel fml:handshake with index 7
[20Sep2025 22:24:22.963] [Netty Epoll Server IO #6/DEBUG] [net.minecraftforge.network.HandshakeHandler/FMLHANDSHAKE]: Received client indexed reply 7 of type net.minecraftforge.network.HandshakeMessages$C2SAcknowledge
[20Sep2025 22:24:22.963] [Netty Epoll Server IO #6/DEBUG] [net.minecraftforge.network.HandshakeHandler/FMLHANDSHAKE]: Received acknowledgement from client
[20Sep2025 22:24:22.965] [Netty Epoll Server IO #6/DEBUG] [net.minecraftforge.network.LoginWrapper/FMLHANDSHAKE]: Recieved login wrapper packet event for channel fml:handshake with index 8
[20Sep2025 22:24:22.965] [Netty Epoll Server IO #6/DEBUG] [net.minecraftforge.network.HandshakeHandler/FMLHANDSHAKE]: Received client indexed reply 8 of type net.minecraftforge.network.HandshakeMessages$C2SAcknowledge
[20Sep2025 22:24:22.965] [Netty Epoll Server IO #6/DEBUG] [net.minecraftforge.network.HandshakeHandler/FMLHANDSHAKE]: Received acknowledgement from client
[20Sep2025 22:24:22.967] [Netty Epoll Server IO #6/DEBUG] [net.minecraftforge.network.LoginWrapper/FMLHANDSHAKE]: Recieved login wrapper packet event for channel fml:handshake with index 9
[20Sep2025 22:24:22.967] [Netty Epoll Server IO #6/DEBUG] [net.minecraftforge.network.HandshakeHandler/FMLHANDSHAKE]: Received client indexed reply 9 of type net.minecraftforge.network.HandshakeMessages$C2SAcknowledge
[20Sep2025 22:24:22.967] [Netty Epoll Server IO #6/DEBUG] [net.minecraftforge.network.HandshakeHandler/FMLHANDSHAKE]: Received acknowledgement from client
[20Sep2025 22:24:22.968] [Netty Epoll Server IO #6/DEBUG] [net.minecraftforge.network.LoginWrapper/FMLHANDSHAKE]: Recieved login wrapper packet event for channel fml:handshake with index 10
[20Sep2025 22:24:22.968] [Netty Epoll Server IO #6/DEBUG] [net.minecraftforge.network.HandshakeHandler/FMLHANDSHAKE]: Received client indexed reply 10 of type net.minecraftforge.network.HandshakeMessages$C2SAcknowledge
[20Sep2025 22:24:22.969] [Netty Epoll Server IO #6/DEBUG] [net.minecraftforge.network.HandshakeHandler/FMLHANDSHAKE]: Received acknowledgement from client
[20Sep2025 22:24:22.973] [Netty Epoll Server IO #6/DEBUG] [net.minecraftforge.network.LoginWrapper/FMLHANDSHAKE]: Recieved login wrapper packet event for channel fml:handshake with index 11
[20Sep2025 22:24:22.973] [Netty Epoll Server IO #6/DEBUG] [net.minecraftforge.network.HandshakeHandler/FMLHANDSHAKE]: Received client indexed reply 11 of type net.minecraftforge.network.HandshakeMessages$C2SAcknowledge
[20Sep2025 22:24:22.973] [Netty Epoll Server IO #6/DEBUG] [net.minecraftforge.network.HandshakeHandler/FMLHANDSHAKE]: Received acknowledgement from client
[20Sep2025 22:24:22.996] [Server thread/DEBUG] [net.minecraftforge.network.HandshakeHandler/FMLHANDSHAKE]: Sending ticking packet info 'Registry forge:entity_data_serializers' to 'fml:handshake' sequence 14
[20Sep2025 22:24:22.998] [Netty Epoll Server IO #6/DEBUG] [net.minecraftforge.network.LoginWrapper/FMLHANDSHAKE]: Recieved login wrapper packet event for channel fml:handshake with index 12
[20Sep2025 22:24:22.999] [Netty Epoll Server IO #6/DEBUG] [net.minecraftforge.network.HandshakeHandler/FMLHANDSHAKE]: Received client indexed reply 12 of type net.minecraftforge.network.HandshakeMessages$C2SAcknowledge
[20Sep2025 22:24:22.999] [Netty Epoll Server IO #6/DEBUG] [net.minecraftforge.network.HandshakeHandler/FMLHANDSHAKE]: Received acknowledgement from client
[20Sep2025 22:24:23.045] [Server thread/DEBUG] [net.minecraftforge.network.HandshakeHandler/FMLHANDSHAKE]: Sending ticking packet info 'Registry minecraft:mob_effect' to 'fml:handshake' sequence 15
[20Sep2025 22:24:23.066] [Netty Epoll Server IO #6/DEBUG] [net.minecraftforge.network.LoginWrapper/FMLHANDSHAKE]: Recieved login wrapper packet event for channel fml:handshake with index 13
[20Sep2025 22:24:23.066] [Netty Epoll Server IO #6/DEBUG] [net.minecraftforge.network.HandshakeHandler/FMLHANDSHAKE]: Received client indexed reply 13 of type net.minecraftforge.network.HandshakeMessages$C2SAcknowledge
[20Sep2025 22:24:23.066] [Netty Epoll Server IO #6/DEBUG] [net.minecraftforge.network.HandshakeHandler/FMLHANDSHAKE]: Received acknowledgement from client
[20Sep2025 22:24:23.096] [Netty Epoll Server IO #6/DEBUG] [net.minecraftforge.network.LoginWrapper/FMLHANDSHAKE]: Recieved login wrapper packet event for channel fml:handshake with index 14
[20Sep2025 22:24:23.097] [Netty Epoll Server IO #6/DEBUG] [net.minecraftforge.network.HandshakeHandler/FMLHANDSHAKE]: Received client indexed reply 14 of type net.minecraftforge.network.HandshakeMessages$C2SAcknowledge
[20Sep2025 22:24:23.097] [Netty Epoll Server IO #6/DEBUG] [net.minecraftforge.network.HandshakeHandler/FMLHANDSHAKE]: Received acknowledgement from client
[20Sep2025 22:24:23.097] [Server thread/DEBUG] [net.minecraftforge.network.HandshakeHandler/FMLHANDSHAKE]: Sending ticking packet info 'Registry minecraft:stat_type' to 'fml:handshake' sequence 16
[20Sep2025 22:24:23.146] [Server thread/DEBUG] [net.minecraftforge.network.HandshakeHandler/FMLHANDSHAKE]: Sending ticking packet info 'Registry minecraft:menu' to 'fml:handshake' sequence 17
[20Sep2025 22:24:23.146] [Netty Epoll Server IO #6/DEBUG] [net.minecraftforge.network.LoginWrapper/FMLHANDSHAKE]: Recieved login wrapper packet event for channel fml:handshake with index 15
[20Sep2025 22:24:23.147] [Netty Epoll Server IO #6/DEBUG] [net.minecraftforge.network.HandshakeHandler/FMLHANDSHAKE]: Received client indexed reply 15 of type net.minecraftforge.network.HandshakeMessages$C2SAcknowledge
[20Sep2025 22:24:23.147] [Netty Epoll Server IO #6/DEBUG] [net.minecraftforge.network.HandshakeHandler/FMLHANDSHAKE]: Received acknowledgement from client
[20Sep2025 22:24:23.195] [Server thread/DEBUG] [net.minecraftforge.network.HandshakeHandler/FMLHANDSHAKE]: Sending ticking packet info 'Registry minecraft:enchantment' to 'fml:handshake' sequence 18
[20Sep2025 22:24:23.198] [Netty Epoll Server IO #6/DEBUG] [net.minecraftforge.network.LoginWrapper/FMLHANDSHAKE]: Recieved login wrapper packet event for channel fml:handshake with index 16
[20Sep2025 22:24:23.198] [Netty Epoll Server IO #6/DEBUG] [net.minecraftforge.network.HandshakeHandler/FMLHANDSHAKE]: Received client indexed reply 16 of type net.minecraftforge.network.HandshakeMessages$C2SAcknowledge
[20Sep2025 22:24:23.198] [Netty Epoll Server IO #6/DEBUG] [net.minecraftforge.network.HandshakeHandler/FMLHANDSHAKE]: Received acknowledgement from client
[20Sep2025 22:24:23.247] [Server thread/DEBUG] [net.minecraftforge.network.HandshakeHandler/FMLHANDSHAKE]: Sending ticking packet info 'Registry minecraft:fluid' to 'fml:handshake' sequence 19
[20Sep2025 22:24:23.248] [Netty Epoll Server IO #6/DEBUG] [net.minecraftforge.network.LoginWrapper/FMLHANDSHAKE]: Recieved login wrapper packet event for channel fml:handshake with index 17
[20Sep2025 22:24:23.248] [Netty Epoll Server IO #6/DEBUG] [net.minecraftforge.network.HandshakeHandler/FMLHANDSHAKE]: Received client indexed reply 17 of type net.minecraftforge.network.HandshakeMessages$C2SAcknowledge
[20Sep2025 22:24:23.249] [Netty Epoll Server IO #6/DEBUG] [net.minecraftforge.network.HandshakeHandler/FMLHANDSHAKE]: Received acknowledgement from client
[20Sep2025 22:24:23.298] [Server thread/DEBUG] [net.minecraftforge.network.HandshakeHandler/FMLHANDSHAKE]: Sending ticking packet info 'Registry minecraft:entity_type' to 'fml:handshake' sequence 20
[20Sep2025 22:24:23.300] [Netty Epoll Server IO #6/DEBUG] [net.minecraftforge.network.LoginWrapper/FMLHANDSHAKE]: Recieved login wrapper packet event for channel fml:handshake with index 18
[20Sep2025 22:24:23.300] [Netty Epoll Server IO #6/DEBUG] [net.minecraftforge.network.HandshakeHandler/FMLHANDSHAKE]: Received client indexed reply 18 of type net.minecraftforge.network.HandshakeMessages$C2SAcknowledge
[20Sep2025 22:24:23.300] [Netty Epoll Server IO #6/DEBUG] [net.minecraftforge.network.HandshakeHandler/FMLHANDSHAKE]: Received acknowledgement from client
[20Sep2025 22:24:23.345] [Server thread/DEBUG] [net.minecraftforge.network.HandshakeHandler/FMLHANDSHAKE]: Sending ticking packet info 'Config forge-server.toml' to 'fml:handshake' sequence 21
[20Sep2025 22:24:23.349] [Netty Epoll Server IO #6/DEBUG] [net.minecraftforge.network.LoginWrapper/FMLHANDSHAKE]: Recieved login wrapper packet event for channel fml:handshake with index 19
[20Sep2025 22:24:23.349] [Netty Epoll Server IO #6/DEBUG] [net.minecraftforge.network.HandshakeHandler/FMLHANDSHAKE]: Received client indexed reply 19 of type net.minecraftforge.network.HandshakeMessages$C2SAcknowledge
[20Sep2025 22:24:23.349] [Netty Epoll Server IO #6/DEBUG] [net.minecraftforge.network.HandshakeHandler/FMLHANDSHAKE]: Received acknowledgement from client
[20Sep2025 22:24:23.397] [Server thread/DEBUG] [net.minecraftforge.network.HandshakeHandler/FMLHANDSHAKE]: Sending ticking packet info 'FrameworkConfig refurbished_furniture:server' to 'framework:handshake' sequence 22
[20Sep2025 22:24:24.339] [Netty Epoll Server IO #7/DEBUG] [net.minecraftforge.network.HandshakeHandler/FMLHANDSHAKE]: Starting new modded impl connection. Found 23 messages to dispatch.
[20Sep2025 22:24:24.347] [Server thread/DEBUG] [net.minecraftforge.network.HandshakeHandler/FMLHANDSHAKE]: Sending ticking packet info 'net.minecraftforge.network.HandshakeMessages$S2CModData' to 'fml:handshake' sequence 0
[20Sep2025 22:24:24.395] [Server thread/DEBUG] [net.minecraftforge.network.HandshakeHandler/FMLHANDSHAKE]: Sending ticking packet info 'net.minecraftforge.network.HandshakeMessages$S2CModList' to 'fml:handshake' sequence 1
[20Sep2025 22:24:24.445] [Server thread/DEBUG] [net.minecraftforge.network.HandshakeHandler/FMLHANDSHAKE]: Sending ticking packet info 'Registry minecraft:command_argument_type' to 'fml:handshake' sequence 2
[20Sep2025 22:24:24.484] [Netty Epoll Server IO #7/DEBUG] [net.minecraftforge.network.LoginWrapper/FMLHANDSHAKE]: Recieved login wrapper packet event for channel fml:handshake with index 1
[20Sep2025 22:24:24.484] [Netty Epoll Server IO #7/DEBUG] [net.minecraftforge.network.HandshakeHandler/FMLHANDSHAKE]: Received client indexed reply 1 of type net.minecraftforge.network.HandshakeMessages$C2SModListReply
[20Sep2025 22:24:24.484] [Netty Epoll Server IO #7/DEBUG] [net.minecraftforge.network.HandshakeHandler/FMLHANDSHAKE]: Received client connection with modlist [minecraft, easy_npc, framework, forge, moreplayermodels, customskinloader, refurbished_furniture]
[20Sep2025 22:24:24.484] [Netty Epoll Server IO #7/DEBUG] [net.minecraftforge.network.NetworkRegistry/NETREGISTRY]: Channel 'worldedit:cui' : Version test of 'ABSENT 🤔' from client : ACCEPTED
[20Sep2025 22:24:24.484] [Netty Epoll Server IO #7/DEBUG] [net.minecraftforge.network.NetworkRegistry/NETREGISTRY]: Channel 'fml:loginwrapper' : Version test of 'FML3' from client : ACCEPTED
[20Sep2025 22:24:24.485] [Netty Epoll Server IO #7/DEBUG] [net.minecraftforge.network.NetworkRegistry/NETREGISTRY]: Channel 'forge:tier_sorting' : Version test of '1.0' from client : ACCEPTED
[20Sep2025 22:24:24.485] [Netty Epoll Server IO #7/DEBUG] [net.minecraftforge.network.NetworkRegistry/NETREGISTRY]: Channel 'easy_npc:network' : Version test of '23' from client : ACCEPTED
[20Sep2025 22:24:24.485] [Netty Epoll Server IO #7/DEBUG] [net.minecraftforge.network.NetworkRegistry/NETREGISTRY]: Channel 'minecraft:unregister' : Version test of 'FML3' from client : ACCEPTED
[20Sep2025 22:24:24.485] [Netty Epoll Server IO #7/DEBUG] [net.minecraftforge.network.NetworkRegistry/NETREGISTRY]: Channel 'fml:play' : Version test of 'FML3' from client : ACCEPTED
[20Sep2025 22:24:24.485] [Netty Epoll Server IO #7/DEBUG] [net.minecraftforge.network.NetworkRegistry/NETREGISTRY]: Channel 'framework:play' : Version test of '1' from client : ACCEPTED
[20Sep2025 22:24:24.485] [Netty Epoll Server IO #7/DEBUG] [net.minecraftforge.network.NetworkRegistry/NETREGISTRY]: Channel 'moreplayermodels:packets' : Version test of 'mpm' from client : ACCEPTED
[20Sep2025 22:24:24.485] [Netty Epoll Server IO #7/DEBUG] [net.minecraftforge.network.NetworkRegistry/NETREGISTRY]: Channel 'fml:handshake' : Version test of 'FML3' from client : ACCEPTED
[20Sep2025 22:24:24.485] [Netty Epoll Server IO #7/DEBUG] [net.minecraftforge.network.NetworkRegistry/NETREGISTRY]: Channel 'worldedit:internal' : Version test of 'ABSENT 🤔' from client : ACCEPTED
[20Sep2025 22:24:24.485] [Netty Epoll Server IO #7/DEBUG] [net.minecraftforge.network.NetworkRegistry/NETREGISTRY]: Channel 'minecraft:register' : Version test of 'FML3' from client : ACCEPTED
[20Sep2025 22:24:24.485] [Netty Epoll Server IO #7/DEBUG] [net.minecraftforge.network.NetworkRegistry/NETREGISTRY]: Channel 'forge:split' : Version test of '1.1' from client : ACCEPTED
[20Sep2025 22:24:24.485] [Netty Epoll Server IO #7/DEBUG] [net.minecraftforge.network.NetworkRegistry/NETREGISTRY]: Channel 'framework:handshake' : Version test of '1' from client : ACCEPTED
[20Sep2025 22:24:24.485] [Netty Epoll Server IO #7/DEBUG] [net.minecraftforge.network.NetworkRegistry/NETREGISTRY]: Channel 'refurbished_furniture:play' : Version test of '1' from client : ACCEPTED
[20Sep2025 22:24:24.485] [Netty Epoll Server IO #7/DEBUG] [net.minecraftforge.network.NetworkRegistry/NETREGISTRY]: Accepting channel list from client
[20Sep2025 22:24:24.485] [Netty Epoll Server IO #7/DEBUG] [net.minecraftforge.network.HandshakeHandler/FMLHANDSHAKE]: Accepted client connection mod list
[20Sep2025 22:24:24.495] [Server thread/DEBUG] [net.minecraftforge.network.HandshakeHandler/FMLHANDSHAKE]: Sending ticking packet info 'Registry minecraft:recipe_serializer' to 'fml:handshake' sequence 3
[20Sep2025 22:24:24.535] [Netty Epoll Server IO #7/DEBUG] [net.minecraftforge.network.LoginWrapper/FMLHANDSHAKE]: Recieved login wrapper packet event for channel fml:handshake with index 2
[20Sep2025 22:24:24.535] [Netty Epoll Server IO #7/DEBUG] [net.minecraftforge.network.HandshakeHandler/FMLHANDSHAKE]: Received client indexed reply 2 of type net.minecraftforge.network.HandshakeMessages$C2SAcknowledge
[20Sep2025 22:24:24.535] [Netty Epoll Server IO #7/DEBUG] [net.minecraftforge.network.HandshakeHandler/FMLHANDSHAKE]: Received acknowledgement from client
[20Sep2025 22:24:24.545] [Server thread/DEBUG] [net.minecraftforge.network.HandshakeHandler/FMLHANDSHAKE]: Sending ticking packet info 'Registry minecraft:sound_event' to 'fml:handshake' sequence 4
[20Sep2025 22:24:24.594] [Server thread/DEBUG] [net.minecraftforge.network.HandshakeHandler/FMLHANDSHAKE]: Sending ticking packet info 'Registry minecraft:particle_type' to 'fml:handshake' sequence 5
[20Sep2025 22:24:24.616] [Netty Epoll Server IO #7/DEBUG] [net.minecraftforge.network.LoginWrapper/FMLHANDSHAKE]: Recieved login wrapper packet event for channel fml:handshake with index 3
[20Sep2025 22:24:24.616] [Netty Epoll Server IO #7/DEBUG] [net.minecraftforge.network.HandshakeHandler/FMLHANDSHAKE]: Received client indexed reply 3 of type net.minecraftforge.network.HandshakeMessages$C2SAcknowledge
[20Sep2025 22:24:24.616] [Netty Epoll Server IO #7/DEBUG] [net.minecraftforge.network.HandshakeHandler/FMLHANDSHAKE]: Received acknowledgement from client
[20Sep2025 22:24:24.647] [Server thread/DEBUG] [net.minecraftforge.network.HandshakeHandler/FMLHANDSHAKE]: Sending ticking packet info 'Registry minecraft:villager_profession' to 'fml:handshake' sequence 6
[20Sep2025 22:24:24.695] [Server thread/DEBUG] [net.minecraftforge.network.HandshakeHandler/FMLHANDSHAKE]: Sending ticking packet info 'Registry minecraft:item' to 'fml:handshake' sequence 7
[20Sep2025 22:24:24.745] [Server thread/DEBUG] [net.minecraftforge.network.HandshakeHandler/FMLHANDSHAKE]: Sending ticking packet info 'Registry minecraft:potion' to 'fml:handshake' sequence 8
[20Sep2025 22:24:24.794] [Server thread/DEBUG] [net.minecraftforge.network.HandshakeHandler/FMLHANDSHAKE]: Sending ticking packet info 'Registry minecraft:painting_variant' to 'fml:handshake' sequence 9
[20Sep2025 22:24:24.845] [Netty Epoll Server IO #7/DEBUG] [net.minecraftforge.network.LoginWrapper/FMLHANDSHAKE]: Recieved login wrapper packet event for channel fml:handshake with index 4
[20Sep2025 22:24:24.845] [Netty Epoll Server IO #7/DEBUG] [net.minecraftforge.network.HandshakeHandler/FMLHANDSHAKE]: Received client indexed reply 4 of type net.minecraftforge.network.HandshakeMessages$C2SAcknowledge
[20Sep2025 22:24:24.845] [Netty Epoll Server IO #7/DEBUG] [net.minecraftforge.network.HandshakeHandler/FMLHANDSHAKE]: Received acknowledgement from client
[20Sep2025 22:24:24.847] [Server thread/DEBUG] [net.minecraftforge.network.HandshakeHandler/FMLHANDSHAKE]: Sending ticking packet info 'Registry forge:fluid_type' to 'fml:handshake' sequence 10
[20Sep2025 22:24:24.848] [Netty Epoll Server IO #7/DEBUG] [net.minecraftforge.network.LoginWrapper/FMLHANDSHAKE]: Recieved login wrapper packet event for channel fml:handshake with index 5
[20Sep2025 22:24:24.848] [Netty Epoll Server IO #7/DEBUG] [net.minecraftforge.network.HandshakeHandler/FMLHANDSHAKE]: Received client indexed reply 5 of type net.minecraftforge.network.HandshakeMessages$C2SAcknowledge
[20Sep2025 22:24:24.848] [Netty Epoll Server IO #7/DEBUG] [net.minecraftforge.network.HandshakeHandler/FMLHANDSHAKE]: Received acknowledgement from client
[20Sep2025 22:24:24.848] [Netty Epoll Server IO #7/DEBUG] [net.minecraftforge.network.LoginWrapper/FMLHANDSHAKE]: Recieved login wrapper packet event for channel fml:handshake with index 6
[20Sep2025 22:24:24.848] [Netty Epoll Server IO #7/DEBUG] [net.minecraftforge.network.HandshakeHandler/FMLHANDSHAKE]: Received client indexed reply 6 of type net.minecraftforge.network.HandshakeMessages$C2SAcknowledge
[20Sep2025 22:24:24.848] [Netty Epoll Server IO #7/DEBUG] [net.minecraftforge.network.HandshakeHandler/FMLHANDSHAKE]: Received acknowledgement from client
[20Sep2025 22:24:24.895] [Server thread/DEBUG] [net.minecraftforge.network.HandshakeHandler/FMLHANDSHAKE]: Sending ticking packet info 'Registry minecraft:block_entity_type' to 'fml:handshake' sequence 11
[20Sep2025 22:24:24.925] [Netty Epoll Server IO #7/DEBUG] [net.minecraftforge.network.LoginWrapper/FMLHANDSHAKE]: Recieved login wrapper packet event for channel fml:handshake with index 7
[20Sep2025 22:24:24.925] [Netty Epoll Server IO #7/DEBUG] [net.minecraftforge.network.HandshakeHandler/FMLHANDSHAKE]: Received client indexed reply 7 of type net.minecraftforge.network.HandshakeMessages$C2SAcknowledge
[20Sep2025 22:24:24.925] [Netty Epoll Server IO #7/DEBUG] [net.minecraftforge.network.HandshakeHandler/FMLHANDSHAKE]: Received acknowledgement from client
[20Sep2025 22:24:24.926] [Netty Epoll Server IO #7/DEBUG] [net.minecraftforge.network.LoginWrapper/FMLHANDSHAKE]: Recieved login wrapper packet event for channel fml:handshake with index 8
[20Sep2025 22:24:24.926] [Netty Epoll Server IO #7/DEBUG] [net.minecraftforge.network.HandshakeHandler/FMLHANDSHAKE]: Received client indexed reply 8 of type net.minecraftforge.network.HandshakeMessages$C2SAcknowledge
[20Sep2025 22:24:24.926] [Netty Epoll Server IO #7/DEBUG] [net.minecraftforge.network.HandshakeHandler/FMLHANDSHAKE]: Received acknowledgement from client
[20Sep2025 22:24:24.926] [Netty Epoll Server IO #7/DEBUG] [net.minecraftforge.network.LoginWrapper/FMLHANDSHAKE]: Recieved login wrapper packet event for channel fml:handshake with index 9
[20Sep2025 22:24:24.926] [Netty Epoll Server IO #7/DEBUG] [net.minecraftforge.network.HandshakeHandler/FMLHANDSHAKE]: Received client indexed reply 9 of type net.minecraftforge.network.HandshakeMessages$C2SAcknowledge
[20Sep2025 22:24:24.926] [Netty Epoll Server IO #7/DEBUG] [net.minecraftforge.network.HandshakeHandler/FMLHANDSHAKE]: Received acknowledgement from client
[20Sep2025 22:24:24.933] [Netty Epoll Server IO #7/DEBUG] [net.minecraftforge.network.LoginWrapper/FMLHANDSHAKE]: Recieved login wrapper packet event for channel fml:handshake with index 10
[20Sep2025 22:24:24.933] [Netty Epoll Server IO #7/DEBUG] [net.minecraftforge.network.HandshakeHandler/FMLHANDSHAKE]: Received client indexed reply 10 of type net.minecraftforge.network.HandshakeMessages$C2SAcknowledge
[20Sep2025 22:24:24.933] [Netty Epoll Server IO #7/DEBUG] [net.minecraftforge.network.HandshakeHandler/FMLHANDSHAKE]: Received acknowledgement from client
[20Sep2025 22:24:24.946] [Server thread/DEBUG] [net.minecraftforge.network.HandshakeHandler/FMLHANDSHAKE]: Sending ticking packet info 'Registry forge:display_contexts' to 'fml:handshake' sequence 12
[20Sep2025 22:24:24.984] [Netty Epoll Server IO #7/DEBUG] [net.minecraftforge.network.LoginWrapper/FMLHANDSHAKE]: Recieved login wrapper packet event for channel fml:handshake with index 11
[20Sep2025 22:24:24.984] [Netty Epoll Server IO #7/DEBUG] [net.minecraftforge.network.HandshakeHandler/FMLHANDSHAKE]: Received client indexed reply 11 of type net.minecraftforge.network.HandshakeMessages$C2SAcknowledge
[20Sep2025 22:24:24.984] [Netty Epoll Server IO #7/DEBUG] [net.minecraftforge.network.HandshakeHandler/FMLHANDSHAKE]: Received acknowledgement from client
[20Sep2025 22:24:24.995] [Server thread/DEBUG] [net.minecraftforge.network.HandshakeHandler/FMLHANDSHAKE]: Sending ticking packet info 'Registry minecraft:block' to 'fml:handshake' sequence 13
[20Sep2025 22:24:25.035] [Netty Epoll Server IO #7/DEBUG] [net.minecraftforge.network.LoginWrapper/FMLHANDSHAKE]: Recieved login wrapper packet event for channel fml:handshake with index 12
[20Sep2025 22:24:25.035] [Netty Epoll Server IO #7/DEBUG] [net.minecraftforge.network.HandshakeHandler/FMLHANDSHAKE]: Received client indexed reply 12 of type net.minecraftforge.network.HandshakeMessages$C2SAcknowledge
[20Sep2025 22:24:25.035] [Netty Epoll Server IO #7/DEBUG] [net.minecraftforge.network.HandshakeHandler/FMLHANDSHAKE]: Received acknowledgement from client
[20Sep2025 22:24:25.045] [Server thread/DEBUG] [net.minecraftforge.network.HandshakeHandler/FMLHANDSHAKE]: Sending ticking packet info 'Registry forge:entity_data_serializers' to 'fml:handshake' sequence 14
[20Sep2025 22:24:25.095] [Server thread/DEBUG] [net.minecraftforge.network.HandshakeHandler/FMLHANDSHAKE]: Sending ticking packet info 'Registry minecraft:mob_effect' to 'fml:handshake' sequence 15
[20Sep2025 22:24:25.112] [Netty Epoll Server IO #7/DEBUG] [net.minecraftforge.network.LoginWrapper/FMLHANDSHAKE]: Recieved login wrapper packet event for channel fml:handshake with index 13
[20Sep2025 22:24:25.112] [Netty Epoll Server IO #7/DEBUG] [net.minecraftforge.network.HandshakeHandler/FMLHANDSHAKE]: Received client indexed reply 13 of type net.minecraftforge.network.HandshakeMessages$C2SAcknowledge
[20Sep2025 22:24:25.112] [Netty Epoll Server IO #7/DEBUG] [net.minecraftforge.network.HandshakeHandler/FMLHANDSHAKE]: Received acknowledgement from client
[20Sep2025 22:24:25.138] [Netty Epoll Server IO #7/DEBUG] [net.minecraftforge.network.LoginWrapper/FMLHANDSHAKE]: Recieved login wrapper packet event for channel fml:handshake with index 14
[20Sep2025 22:24:25.138] [Netty Epoll Server IO #7/DEBUG] [net.minecraftforge.network.HandshakeHandler/FMLHANDSHAKE]: Received client indexed reply 14 of type net.minecraftforge.network.HandshakeMessages$C2SAcknowledge
[20Sep2025 22:24:25.139] [Netty Epoll Server IO #7/DEBUG] [net.minecraftforge.network.HandshakeHandler/FMLHANDSHAKE]: Received acknowledgement from client
[20Sep2025 22:24:25.147] [Server thread/DEBUG] [net.minecraftforge.network.HandshakeHandler/FMLHANDSHAKE]: Sending ticking packet info 'Registry minecraft:stat_type' to 'fml:handshake' sequence 16
[20Sep2025 22:24:25.186] [Netty Epoll Server IO #7/DEBUG] [net.minecraftforge.network.LoginWrapper/FMLHANDSHAKE]: Recieved login wrapper packet event for channel fml:handshake with index 15
[20Sep2025 22:24:25.186] [Netty Epoll Server IO #7/DEBUG] [net.minecraftforge.network.HandshakeHandler/FMLHANDSHAKE]: Received client indexed reply 15 of type net.minecraftforge.network.HandshakeMessages$C2SAcknowledge
[20Sep2025 22:24:25.186] [Netty Epoll Server IO #7/DEBUG] [net.minecraftforge.network.HandshakeHandler/FMLHANDSHAKE]: Received acknowledgement from client
[20Sep2025 22:24:25.197] [Server thread/DEBUG] [net.minecraftforge.network.HandshakeHandler/FMLHANDSHAKE]: Sending ticking packet info 'Registry minecraft:menu' to 'fml:handshake' sequence 17
[20Sep2025 22:24:25.233] [Netty Epoll Server IO #7/DEBUG] [net.minecraftforge.network.LoginWrapper/FMLHANDSHAKE]: Recieved login wrapper packet event for channel fml:handshake with index 16
[20Sep2025 22:24:25.233] [Netty Epoll Server IO #7/DEBUG] [net.minecraftforge.network.HandshakeHandler/FMLHANDSHAKE]: Received client indexed reply 16 of type net.minecraftforge.network.HandshakeMessages$C2SAcknowledge
[20Sep2025 22:24:25.233] [Netty Epoll Server IO #7/DEBUG] [net.minecraftforge.network.HandshakeHandler/FMLHANDSHAKE]: Received acknowledgement from client
[20Sep2025 22:24:25.245] [Server thread/DEBUG] [net.minecraftforge.network.HandshakeHandler/FMLHANDSHAKE]: Sending ticking packet info 'Registry minecraft:enchantment' to 'fml:handshake' sequence 18
[20Sep2025 22:24:25.287] [Netty Epoll Server IO #7/DEBUG] [net.minecraftforge.network.LoginWrapper/FMLHANDSHAKE]: Recieved login wrapper packet event for channel fml:handshake with index 17
[20Sep2025 22:24:25.287] [Netty Epoll Server IO #7/DEBUG] [net.minecraftforge.network.HandshakeHandler/FMLHANDSHAKE]: Received client indexed reply 17 of type net.minecraftforge.network.HandshakeMessages$C2SAcknowledge
[20Sep2025 22:24:25.287] [Netty Epoll Server IO #7/DEBUG] [net.minecraftforge.network.HandshakeHandler/FMLHANDSHAKE]: Received acknowledgement from client
[20Sep2025 22:24:25.295] [Server thread/DEBUG] [net.minecraftforge.network.HandshakeHandler/FMLHANDSHAKE]: Sending ticking packet info 'Registry minecraft:fluid' to 'fml:handshake' sequence 19
[20Sep2025 22:24:25.332] [Netty Epoll Server IO #7/DEBUG] [net.minecraftforge.network.LoginWrapper/FMLHANDSHAKE]: Recieved login wrapper packet event for channel fml:handshake with index 18
[20Sep2025 22:24:25.332] [Netty Epoll Server IO #7/DEBUG] [net.minecraftforge.network.HandshakeHandler/FMLHANDSHAKE]: Received client indexed reply 18 of type net.minecraftforge.network.HandshakeMessages$C2SAcknowledge
[20Sep2025 22:24:25.332] [Netty Epoll Server IO #7/DEBUG] [net.minecraftforge.network.HandshakeHandler/FMLHANDSHAKE]: Received acknowledgement from client
[20Sep2025 22:24:25.347] [Server thread/DEBUG] [net.minecraftforge.network.HandshakeHandler/FMLHANDSHAKE]: Sending ticking packet info 'Registry minecraft:entity_type' to 'fml:handshake' sequence 20
[20Sep2025 22:24:25.385] [Netty Epoll Server IO #7/DEBUG] [net.minecraftforge.network.LoginWrapper/FMLHANDSHAKE]: Recieved login wrapper packet event for channel fml:handshake with index 19
[20Sep2025 22:24:25.385] [Netty Epoll Server IO #7/DEBUG] [net.minecraftforge.network.HandshakeHandler/FMLHANDSHAKE]: Received client indexed reply 19 of type net.minecraftforge.network.HandshakeMessages$C2SAcknowledge
[20Sep2025 22:24:25.385] [Netty Epoll Server IO #7/DEBUG] [net.minecraftforge.network.HandshakeHandler/FMLHANDSHAKE]: Received acknowledgement from client
[20Sep2025 22:24:25.396] [Server thread/DEBUG] [net.minecraftforge.network.HandshakeHandler/FMLHANDSHAKE]: Sending ticking packet info 'Config forge-server.toml' to 'fml:handshake' sequence 21
[20Sep2025 22:24:25.446] [Server thread/DEBUG] [net.minecraftforge.network.HandshakeHandler/FMLHANDSHAKE]: Sending ticking packet info 'FrameworkConfig refurbished_furniture:server' to 'framework:handshake' sequence 22
[20Sep2025 22:24:25.715] [Netty Epoll Server IO #6/DEBUG] [net.minecraftforge.network.LoginWrapper/FMLHANDSHAKE]: Recieved login wrapper packet event for channel fml:handshake with index 20
[20Sep2025 22:24:25.715] [Netty Epoll Server IO #6/DEBUG] [net.minecraftforge.network.HandshakeHandler/FMLHANDSHAKE]: Received client indexed reply 20 of type net.minecraftforge.network.HandshakeMessages$C2SAcknowledge
[20Sep2025 22:24:25.715] [Netty Epoll Server IO #6/DEBUG] [net.minecraftforge.network.HandshakeHandler/FMLHANDSHAKE]: Received acknowledgement from client
[20Sep2025 22:24:25.731] [Netty Epoll Server IO #6/DEBUG] [net.minecraftforge.network.LoginWrapper/FMLHANDSHAKE]: Recieved login wrapper packet event for channel fml:handshake with index 21
[20Sep2025 22:24:25.731] [Netty Epoll Server IO #6/DEBUG] [net.minecraftforge.network.HandshakeHandler/FMLHANDSHAKE]: Received client indexed reply 21 of type net.minecraftforge.network.HandshakeMessages$C2SAcknowledge
[20Sep2025 22:24:25.731] [Netty Epoll Server IO #6/DEBUG] [net.minecraftforge.network.HandshakeHandler/FMLHANDSHAKE]: Received acknowledgement from client
[20Sep2025 22:24:25.751] [Netty Epoll Server IO #6/DEBUG] [net.minecraftforge.network.LoginWrapper/FMLHANDSHAKE]: Recieved login wrapper packet event for channel framework:handshake with index 22
[20Sep2025 22:24:25.751] [Netty Epoll Server IO #6/DEBUG] [net.minecraftforge.network.HandshakeHandler/FMLHANDSHAKE]: Received client indexed reply 22 of type com.mrcrayfish.framework.api.network.message.HandshakeMessage$Acknowledge
[20Sep2025 22:24:25.751] [Netty Epoll Server IO #6/DEBUG] [Framework/FRAMEWORK_HANDSHAKE]: Received acknowledgement from client
[20Sep2025 22:24:25.799] [Server thread/DEBUG] [net.minecraftforge.network.HandshakeHandler/FMLHANDSHAKE]: Handshake complete!
[20Sep2025 22:24:25.849] [Server thread/INFO] [net.minecraft.server.players.PlayerList/]: Shadowfox[/100.116.191.5:57390] logged in with entity id 1051 at (-996.1626191357911, 106.35981689234671, 735.9368729400078)
[20Sep2025 22:24:25.850] [Server thread/DEBUG] [net.minecraftforge.network.filters.NetworkFilters/]: Injected net.minecraftforge.network.filters.ForgeConnectionNetworkFilter@3dd2389 into net.minecraft.network.Connection@61126133
[20Sep2025 22:24:25.864] [Server thread/INFO] [net.minecraft.server.MinecraftServer/]: Shadowfox joined the game
[20Sep2025 22:24:28.296] [Netty Epoll Server IO #7/DEBUG] [net.minecraftforge.network.LoginWrapper/FMLHANDSHAKE]: Recieved login wrapper packet event for channel fml:handshake with index 20
[20Sep2025 22:24:28.296] [Netty Epoll Server IO #7/DEBUG] [net.minecraftforge.network.HandshakeHandler/FMLHANDSHAKE]: Received client indexed reply 20 of type net.minecraftforge.network.HandshakeMessages$C2SAcknowledge
[20Sep2025 22:24:28.296] [Netty Epoll Server IO #7/DEBUG] [net.minecraftforge.network.HandshakeHandler/FMLHANDSHAKE]: Received acknowledgement from client
[20Sep2025 22:24:28.299] [Netty Epoll Server IO #7/DEBUG] [net.minecraftforge.network.LoginWrapper/FMLHANDSHAKE]: Recieved login wrapper packet event for channel fml:handshake with index 21
[20Sep2025 22:24:28.299] [Netty Epoll Server IO #7/DEBUG] [net.minecraftforge.network.HandshakeHandler/FMLHANDSHAKE]: Received client indexed reply 21 of type net.minecraftforge.network.HandshakeMessages$C2SAcknowledge
[20Sep2025 22:24:28.299] [Netty Epoll Server IO #7/DEBUG] [net.minecraftforge.network.HandshakeHandler/FMLHANDSHAKE]: Received acknowledgement from client
[20Sep2025 22:24:28.315] [Netty Epoll Server IO #7/DEBUG] [net.minecraftforge.network.LoginWrapper/FMLHANDSHAKE]: Recieved login wrapper packet event for channel framework:handshake with index 22
[20Sep2025 22:24:28.315] [Netty Epoll Server IO #7/DEBUG] [net.minecraftforge.network.HandshakeHandler/FMLHANDSHAKE]: Received client indexed reply 22 of type com.mrcrayfish.framework.api.network.message.HandshakeMessage$Acknowledge
[20Sep2025 22:24:28.315] [Netty Epoll Server IO #7/DEBUG] [Framework/FRAMEWORK_HANDSHAKE]: Received acknowledgement from client
[20Sep2025 22:24:28.348] [Server thread/DEBUG] [net.minecraftforge.network.HandshakeHandler/FMLHANDSHAKE]: Handshake complete!
[20Sep2025 22:24:28.404] [Server thread/INFO] [net.minecraft.server.players.PlayerList/]: Lumpylauncer[/100.84.200.109:33628] logged in with entity id 1068 at (-1000.6451547308315, 105.0, 753.7394118667811)
[20Sep2025 22:24:28.404] [Server thread/DEBUG] [net.minecraftforge.network.filters.NetworkFilters/]: Injected net.minecraftforge.network.filters.ForgeConnectionNetworkFilter@f905a1b into net.minecraft.network.Connection@3a06ac6f
[20Sep2025 22:24:28.417] [Server thread/INFO] [net.minecraft.server.MinecraftServer/]: Lumpylauncer joined the game
